ID Cliente,Nombre,Edad,Género,Provincia,Nivel de Ingresos,Ocupación
1,Hilda Galindo Villar,31,Masculino,Misiones,Medio,"Doctor, general practice"
2,Felicidad Machado-Mesa,74,Femenino,Santa Fe,Bajo,"Surveyor, planning and development"
3,Rosa Llanos Carvajal,46,Femenino,Jujuy,Medio,Information officer
4,Ignacia Sevillano Cabrero,51,Femenino,Río Negro,Medio,Forest/woodland manager
5,Lara Cabeza Calvet,35,Masculino,Corrientes,Medio,Herpetologist
6,Ulises Almagro,71,Femenino,Entre Ríos,Medio,"Accountant, chartered"
7,Yaiza Barón Ribes,24,Femenino,Jujuy,Bajo,Tax adviser
8,Úrsula Ruiz-Borrás,46,Masculino,Neuquén,Alto,Early years teacher
9,Albert Bauzà-Sarabia,72,Masculino,Entre Ríos,Medio,Clinical research associate
10,Rosalina Oliver,48,Femenino,Mendoza,Medio,Web designer
11,Pascuala Prado,42,Femenino,La Rioja,Bajo,Further education lecturer
12,Jose Miguel Leal,55,Otro,Entre Ríos,Bajo,"Surveyor, minerals"
13,Desiderio Garmendia Gámez,31,Femenino,Neuquén,Medio,Land/geomatics surveyor
14,Itziar Bernat-Villegas,25,Femenino,La Rioja,Alto,Personnel officer
15,Agapito Wálter Carpio Maza,44,Femenino,La Pampa,Bajo,Warehouse manager
16,Áurea Baeza Busquets,71,Masculino,San Luis,Bajo,Land/geomatics surveyor
17,Ibán Mascaró Roldán,19,Masculino,Misiones,Bajo,Financial controller
18,Daniel Flor Reyes,34,Masculino,San Juan,Bajo,Museum/gallery conservator
19,Irene Rey Castañeda,54,Femenino,Mendoza,Bajo,"Horticulturist, amenity"
20,Benita Marqués-Salmerón,31,Femenino,Chaco,Medio,Interpreter
21,Baldomero Lloret,42,Femenino,Salta,Alto,"Teacher, adult education"
22,Claudia Cerdá Pedrero,73,Masculino,San Luis,Bajo,Arts development officer
23,Manuel Canales-Camino,47,Femenino,Formosa,Medio,Recycling officer
24,Natividad Alcolea Ugarte,46,Masculino,Tierra del Fuego,Bajo,"Geneticist, molecular"
25,Lina Fuertes,37,Masculino,Corrientes,Bajo,Health promotion specialist
26,Lupe Bou-Cabrera,38,Femenino,Buenos Aires,Bajo,Horticultural therapist
27,Eduardo Moreno Pont,70,Femenino,Corrientes,Medio,Senior tax professional/tax inspector
28,Irma Castells Acuña,39,Otro,Corrientes,Bajo,Armed forces training and education officer
29,Olegario Abellán Piñol,52,Masculino,Santa Cruz,Medio,"Horticulturist, commercial"
30,Concha Vidal Riera,54,Femenino,Corrientes,Bajo,Lexicographer
31,Adolfo de Canales,33,Masculino,Entre Ríos,Bajo,Restaurant manager
32,Natalia de Egea,67,Masculino,Río Negro,Bajo,Tree surgeon
33,Gracia Hidalgo,66,Femenino,Catamarca,Alto,Transport planner
34,Casandra Lluch,60,Femenino,Mendoza,Medio,"Exhibitions officer, museum/gallery"
35,Fernando de Verdejo,34,Femenino,Jujuy,Alto,Clinical embryologist
36,Pía Ureña,33,Masculino,San Juan,Bajo,Paramedic
37,Febe Buendía Quintero,72,Femenino,Corrientes,Bajo,Planning and development surveyor
38,Felipe Ramirez Cobo,19,Masculino,Santa Fe,Bajo,Applications developer
39,Albano Alfonso Vendrell,21,Femenino,Santa Fe,Bajo,Animal nutritionist
40,Augusto Vergara,38,Masculino,Chubut,Medio,"Investment banker, corporate"
41,Tamara Ferrando Torrens,56,Masculino,Tierra del Fuego,Bajo,IT trainer
42,Rosalinda Cabrera-Leiva,51,Femenino,Tucumán,Bajo,Lawyer
43,Mateo Lluch Mata,47,Femenino,Santiago del Estero,Medio,Personal assistant
44,Águeda del Barba,23,Masculino,Corrientes,Medio,"Lecturer, higher education"
45,Celestina Roca Sanmiguel,34,Masculino,Santiago del Estero,Alto,Naval architect
46,Alcides Barceló Guardiola,56,Femenino,Salta,Bajo,Field seismologist
47,Borja Montaña Ávila,42,Masculino,Chaco,Medio,Estate agent
48,Sara Iglesias Ruano,22,Masculino,Tucumán,Bajo,Sports development officer
49,Concha Valencia Osuna,22,Masculino,Tierra del Fuego,Alto,Graphic designer
50,Etelvina Cáceres Bejarano,37,Masculino,Río Negro,Medio,Patent examiner
51,Jimena Ballester Sastre,33,Femenino,San Luis,Medio,Science writer
52,Alexandra Uría-Rincón,68,Femenino,Jujuy,Bajo,Environmental manager
53,Nilo Quirós Vara,58,Femenino,Catamarca,Medio,"Designer, textile"
54,Osvaldo Diaz-Villalobos,54,Otro,Catamarca,Bajo,Occupational psychologist
55,Tania Ocaña,57,Masculino,Salta,Medio,"Engineer, civil (contracting)"
56,Wilfredo Esparza Ortiz,26,Masculino,Jujuy,Alto,"Surveyor, commercial/residential"
57,Azeneth Llopis Daza,22,Masculino,Salta,Alto,Aid worker
58,Oriana Coll Abad,59,Masculino,Santiago del Estero,Medio,"Secretary, company"
59,Encarnita de Francisco,74,Masculino,Salta,Medio,Holiday representative
60,Gilberto Danilo Santana Camps,19,Femenino,Santa Fe,Bajo,"Surveyor, quantity"
61,Nadia Moliner Almazán,26,Femenino,Chaco,Medio,Museum/gallery exhibitions officer
62,Armando Machado,60,Masculino,Santa Fe,Medio,Phytotherapist
63,Eugenio Pagès Gallo,53,Femenino,Tierra del Fuego,Medio,Dealer
64,Santos Luque Toledo,39,Femenino,Córdoba,Alto,"Teacher, special educational needs"
65,Ulises Solano Aliaga,39,Femenino,La Rioja,Medio,Clinical embryologist
66,Benigno Mayoral Lara,39,Femenino,Santiago del Estero,Bajo,Data scientist
67,Soledad Elorza Pascual,51,Femenino,Santa Cruz,Medio,Software engineer
68,Cayetana Cárdenas Sales,72,Femenino,Salta,Bajo,Social worker
69,Juan Antonio Almansa Agustín,46,Femenino,Salta,Medio,Graphic designer
70,Dorotea Río Vergara,55,Femenino,Jujuy,Medio,Chiropodist
71,Abraham Gonzalo Segovia,63,Masculino,Corrientes,Bajo,Community education officer
72,Julieta Piñol Herrera,50,Masculino,Río Negro,Medio,"Presenter, broadcasting"
73,Lucila Hervás,35,Femenino,Mendoza,Medio,Social worker
74,Eutimio Portero-Roig,24,Masculino,Catamarca,Medio,Aid worker
75,Amado Castañeda Godoy,18,Masculino,CABA,Bajo,Insurance risk surveyor
76,Felipe del Giralt,50,Femenino,Río Negro,Bajo,"Surveyor, commercial/residential"
77,Herminia Rosario Batlle Cuadrado,18,Masculino,Córdoba,Medio,Mining engineer
78,Fito de Real,41,Femenino,Córdoba,Bajo,Occupational therapist
79,Ruperta Leon Feijoo,21,Femenino,Mendoza,Medio,Personal assistant
80,Florencio Aramburu Figuerola,21,Otro,Corrientes,Medio,Armed forces logistics/support/administrative officer
81,Esteban Ruiz Barco,35,Femenino,Chubut,Bajo,IT trainer
82,Nacio Campos Gomila,44,Masculino,Tucumán,Medio,"Nurse, learning disability"
83,Macario de Arenas,60,Femenino,Corrientes,Medio,"Scientist, research (maths)"
84,Anita Seguí Pizarro,49,Femenino,CABA,Medio,"Engineer, communications"
85,Vasco Juan José Conde Marquez,50,Otro,Salta,Bajo,"Programme researcher, broadcasting/film/video"
86,Nazaret Luís,45,Masculino,Mendoza,Medio,Microbiologist
87,Paco Martí Lloret,59,Masculino,Santa Fe,Bajo,IT consultant
88,Violeta Andrade-Franco,58,Femenino,Santa Fe,Medio,Hotel manager
89,Marcio Albert Santamaría Prado,72,Masculino,Río Negro,Bajo,Geographical information systems officer
90,Irma Bayona-Miralles,53,Femenino,Santa Cruz,Alto,"Engineer, broadcasting (operations)"
91,Lorenza Sierra Amador,23,Masculino,CABA,Medio,"Investment banker, operational"
92,Martirio Requena-Berenguer,33,Masculino,Chubut,Alto,Furniture designer
93,Yago Real,51,Masculino,San Juan,Medio,Oceanographer
94,Clementina Feliu Arribas,40,Masculino,Corrientes,Bajo,Broadcast journalist
95,Selena de Arjona,67,Femenino,La Pampa,Alto,Patent attorney
96,Santiago Rius-Losada,59,Femenino,La Pampa,Bajo,Medical technical officer
97,Adán Guillén Angulo,41,Masculino,Santiago del Estero,Bajo,Dealer
98,Coral Puga Fuertes,73,Femenino,Salta,Bajo,"Scientist, marine"
99,Inocencio Requena-Vallejo,66,Masculino,Río Negro,Alto,IT technical support officer
100,Poncio del Martorell,30,Femenino,Mendoza,Medio,Mechanical engineer
101,Leonor Llopis Rosa,73,Masculino,Santiago del Estero,Medio,Chartered public finance accountant
102,Evaristo Montoya Montenegro,35,Femenino,Chubut,Medio,"Development worker, international aid"
103,Ulises Cervera,71,Femenino,Santa Cruz,Medio,Osteopath
104,Natanael Ángel Goñi,30,Femenino,Río Negro,Medio,Special educational needs teacher
105,Baudelio Pulido-Porras,66,Femenino,Santiago del Estero,Bajo,Animal nutritionist
106,Apolonia Ramírez Amores,54,Femenino,Santiago del Estero,Medio,Lexicographer
107,Cesar Rocamora Casals,60,Otro,Río Negro,Bajo,Psychotherapist
108,Caridad Carlos-Pereira,56,Femenino,Río Negro,Bajo,"Editor, film/video"
109,Angelino Vicente Sanz Fuente,59,Femenino,Misiones,Medio,Hydrologist
110,Plinio Gaya Barriga,34,Femenino,Córdoba,Medio,Corporate treasurer
111,Leopoldo Carbajo Belda,32,Masculino,CABA,Medio,Neurosurgeon
112,África Campo Pedro,35,Femenino,Misiones,Bajo,Advertising art director
113,Amarilis Camino Romero,40,Masculino,Río Negro,Bajo,Housing manager/officer
114,Mayte de Botella,71,Femenino,Tierra del Fuego,Medio,"Designer, furniture"
115,Elisa Ángela Águila Crespi,68,Femenino,Santa Cruz,Medio,Analytical chemist
116,Pía Heras Canales,47,Femenino,Mendoza,Bajo,Naval architect
117,Lilia Jimenez Ribas,51,Masculino,Neuquén,Medio,Fashion designer
118,Diego Román Peláez,21,Masculino,La Rioja,Bajo,"Engineer, drilling"
119,Febe Blasco,20,Femenino,Formosa,Bajo,Chartered management accountant
120,Noé Terrón Pulido,24,Femenino,San Juan,Bajo,Merchant navy officer
121,Haydée Teodora Sanjuan Palmer,73,Masculino,Santa Fe,Alto,Information systems manager
122,Noa Leon-Nadal,35,Masculino,Misiones,Medio,"Geneticist, molecular"
123,Vera Acedo,59,Femenino,Santa Cruz,Bajo,Hotel manager
124,Itziar Cerdá Peláez,24,Femenino,Chaco,Medio,"Teacher, secondary school"
125,Tamara Murcia Esparza,57,Masculino,Entre Ríos,Medio,Social worker
126,Bibiana Miranda Arrieta,23,Masculino,Entre Ríos,Medio,Fine artist
127,Dora Juárez-Ayuso,39,Masculino,Santiago del Estero,Medio,Marine scientist
128,Pelayo Barrios Mendizábal,18,Otro,Santiago del Estero,Bajo,Futures trader
129,Micaela Salamanca,21,Masculino,Río Negro,Medio,Sports therapist
130,Calista Castelló Antúnez,63,Masculino,Tucumán,Medio,Armed forces technical officer
131,Macario Román Antón Ponce,66,Masculino,Jujuy,Bajo,"Engineer, broadcasting (operations)"
132,Andrea Salomé Pera Vilaplana,69,Masculino,Santa Fe,Medio,Adult nurse
133,Luciano Trujillo Coll,67,Femenino,Salta,Alto,Ranger/warden
134,Amado Real-Moliner,60,Masculino,Buenos Aires,Medio,Quantity surveyor
135,Nieves Company Amo,46,Masculino,San Juan,Medio,Food technologist
136,Florinda Gil Viana,38,Masculino,Jujuy,Bajo,Associate Professor
137,Lucio Peralta,43,Masculino,Santa Fe,Medio,Meteorologist
138,Óscar Bustos-Ferreras,31,Masculino,Chaco,Bajo,Clinical research associate
139,Serafina Malo Carballo,26,Femenino,Buenos Aires,Bajo,Technical author
140,Cesar Pinilla Peláez,64,Femenino,Chaco,Medio,"Engineer, electronics"
141,Serafina Calzada-Gómez,29,Femenino,Chaco,Alto,"Surveyor, land/geomatics"
142,Marcelino Castañeda Pi,59,Femenino,Chaco,Medio,"Engineer, maintenance (IT)"
143,Marco Julián Casado,68,Femenino,Salta,Bajo,Research scientist (life sciences)
144,Luisa Paloma Calzada Delgado,73,Masculino,Formosa,Medio,Equities trader
145,Fito Estrada Reyes,68,Femenino,San Luis,Alto,Product designer
146,Teófilo Iván Rojas Hervás,23,Femenino,Mendoza,Medio,Commercial/residential surveyor
147,Graciana Bolaños Naranjo,37,Femenino,Chaco,Medio,"Scientist, forensic"
148,María Teresa Andrés-Vall,41,Femenino,Chubut,Alto,Civil Service fast streamer
149,Sabas Diez Jurado,44,Masculino,Mendoza,Medio,Probation officer
150,Alicia Alcázar Osorio,55,Femenino,Tierra del Fuego,Bajo,Gaffer
151,Tamara Silva Bermúdez,25,Femenino,Río Negro,Bajo,Podiatrist
152,Paca Tenorio Martin,18,Otro,Santiago del Estero,Alto,Interior and spatial designer
153,Flavio Miguel Zabaleta,71,Masculino,Chubut,Medio,Chartered certified accountant
154,Malena Corbacho,66,Masculino,Entre Ríos,Bajo,Intelligence analyst
155,Dimas Morera Galindo,66,Masculino,Río Negro,Medio,"Therapist, sports"
156,Arsenio Meléndez Campoy,41,Femenino,Buenos Aires,Medio,"Engineer, chemical"
157,Ramona Abellán-Alcázar,64,Masculino,Tierra del Fuego,Alto,Administrator
158,Gilberto de Agustín,24,Masculino,Córdoba,Bajo,"Scientist, physiological"
159,Iker Solís Coello,36,Otro,La Pampa,Medio,"Solicitor, Scotland"
160,David Salom,39,Masculino,Río Negro,Alto,Analytical chemist
161,Tomás Ibáñez,74,Femenino,Chubut,Bajo,Building services engineer
162,Ana Belén Crespo Puente,72,Masculino,Río Negro,Bajo,Market researcher
163,Félix Pina Borja,52,Femenino,Corrientes,Alto,"Administrator, education"
164,Timoteo Patiño Duran,47,Femenino,San Luis,Medio,"Nurse, children's"
165,Ramona Coral Marí Montesinos,46,Femenino,Buenos Aires,Medio,"Accountant, chartered public finance"
166,Elpidio Cornejo,39,Femenino,Formosa,Medio,Nutritional therapist
167,Felix Exposito Marin,28,Masculino,San Juan,Bajo,"Engineer, materials"
168,Marcelo del Peña,37,Masculino,Mendoza,Alto,Clothing/textile technologist
169,Odalys Porta,46,Masculino,Neuquén,Bajo,Microbiologist
170,Dorita del Perez,68,Femenino,Catamarca,Bajo,Trading standards officer
171,Renato Guillén,58,Femenino,Tucumán,Bajo,"Psychotherapist, dance movement"
172,Lino Pazos Alegria,59,Masculino,Jujuy,Bajo,Probation officer
173,Joel Crespo Aramburu,51,Femenino,Formosa,Medio,Ship broker
174,Carlito Guadalupe Cañellas Oller,18,Masculino,Mendoza,Medio,Animal technologist
175,Martirio Guardiola Cerezo,48,Femenino,Río Negro,Alto,Information officer
176,Pascuala Escrivá Tirado,47,Otro,Catamarca,Medio,"Programmer, multimedia"
177,Telmo Mateo Serna,65,Masculino,Santiago del Estero,Medio,Arts development officer
178,Carlos Herberto Priego Verdejo,35,Femenino,Tierra del Fuego,Medio,"Therapist, drama"
179,Juan Pablo Royo Chaparro,72,Masculino,Neuquén,Medio,Psychiatric nurse
180,Elvira Ferreras Cordero,34,Femenino,Salta,Medio,"Surveyor, land/geomatics"
181,Tania del Carreño,55,Femenino,Misiones,Bajo,"Research officer, government"
182,Roldán Pla-Corominas,31,Masculino,Corrientes,Bajo,"Nurse, adult"
183,Alicia Duran Soria,40,Masculino,Santa Cruz,Bajo,Air cabin crew
184,Íñigo Feijoo Gil,42,Masculino,Río Negro,Medio,Oceanographer
185,Emelina Fernandez-Bolaños,32,Femenino,Santa Fe,Alto,Arboriculturist
186,Mauricio Isern-Gordillo,63,Femenino,Entre Ríos,Bajo,Pension scheme manager
187,Cosme Pina Rocamora,73,Masculino,Chaco,Bajo,"Investment banker, operational"
188,Sandra Falcó,39,Femenino,Santa Cruz,Bajo,Geoscientist
189,Tomasa Morales Abella,20,Femenino,Tucumán,Medio,Clinical biochemist
190,Antonia Pulido-Burgos,73,Masculino,Neuquén,Bajo,Physiotherapist
191,Tomás Sevillano Burgos,72,Masculino,Chubut,Bajo,Chief Marketing Officer
192,Ximena del Antón,36,Femenino,Mendoza,Bajo,Adult nurse
193,Eusebia Olivares-Manzanares,74,Femenino,Córdoba,Medio,"Journalist, newspaper"
194,Teo Río-Amorós,61,Masculino,Chubut,Medio,Building control surveyor
195,Samuel Sales Mendizábal,51,Masculino,Salta,Medio,Stage manager
196,Ángela Bejarano Gilabert,52,Masculino,Corrientes,Bajo,Civil Service fast streamer
197,Hermenegildo Cabrera Torre,67,Femenino,Córdoba,Medio,"Horticulturist, commercial"
198,Eusebia Cabeza Alcántara,18,Masculino,CABA,Bajo,"Administrator, arts"
199,Marcio del Valcárcel,69,Masculino,La Pampa,Bajo,Fine artist
200,Sebastián Villalobos Páez,38,Femenino,Corrientes,Medio,"Conservator, museum/gallery"
201,Rosalinda Sánchez-Salinas,46,Femenino,Santiago del Estero,Bajo,Commercial horticulturist
202,Leonardo Cantón Segovia,23,Masculino,Santa Fe,Medio,"Psychologist, clinical"
203,Amor Pedro Ledesma,54,Masculino,Entre Ríos,Bajo,"Scientist, product/process development"
204,Hector Benito Gonzalo Bustamante,18,Femenino,Chubut,Bajo,Gaffer
205,María Teresa Manrique Manzanares,68,Masculino,San Juan,Alto,TEFL teacher
206,Eloísa Valdés Pablo,18,Masculino,Santiago del Estero,Medio,Musician
207,Valentín Tejada Hidalgo,44,Femenino,Río Negro,Medio,"Research officer, political party"
208,Efraín Amador Contreras,38,Masculino,Misiones,Medio,"Administrator, arts"
209,Heraclio Ruano Llobet,70,Femenino,La Rioja,Medio,"Conservator, furniture"
210,Telmo Nuñez Parejo,33,Femenino,Salta,Medio,Homeopath
211,Ámbar Coronado,61,Masculino,Chubut,Medio,"Surveyor, hydrographic"
212,María Carmen Marí Cuevas,71,Masculino,Misiones,Bajo,Haematologist
213,Maximiliano Flores,57,Femenino,Córdoba,Bajo,"Teacher, music"
214,Borja Cortina-Aguilar,43,Femenino,Neuquén,Medio,Public relations officer
215,Fabiola Peñas Peralta,33,Femenino,Corrientes,Bajo,Rural practice surveyor
216,Valeria Lorenzo Costa,45,Femenino,Misiones,Bajo,"Engineer, biomedical"
217,Amílcar Alcaraz León,18,Masculino,San Juan,Bajo,Automotive engineer
218,Juana Fátima Soler Amaya,53,Femenino,Buenos Aires,Bajo,Insurance account manager
219,Consuela Sarmiento-Pelayo,27,Masculino,Córdoba,Bajo,Counsellor
220,Lorena Solé-Colomer,60,Masculino,Catamarca,Bajo,"Conservator, furniture"
221,Sofía Tomé-Sanz,34,Masculino,Chubut,Bajo,Commercial/residential surveyor
222,Lidia Reguera,74,Masculino,La Rioja,Bajo,"Therapist, art"
223,Guadalupe Boix Huguet,40,Femenino,La Pampa,Medio,Financial adviser
224,Perla Hernández Soriano,24,Masculino,Mendoza,Bajo,Pensions consultant
225,Yaiza Viñas Franch,61,Masculino,Río Negro,Alto,"Chemist, analytical"
226,Marisol Dávila-Cabo,70,Masculino,San Juan,Medio,Gaffer
227,Manuelita Coello Ávila,24,Femenino,Salta,Medio,Tree surgeon
228,Lourdes Anaya Vaquero,61,Femenino,Salta,Medio,"Teacher, special educational needs"
229,Ciriaco Manrique Sosa,32,Masculino,La Pampa,Bajo,Technical brewer
230,Tomasa Esparza Expósito,51,Masculino,Santa Cruz,Bajo,"Teacher, music"
231,Cesar Miguel-Gutiérrez,63,Masculino,Jujuy,Alto,"Engineer, materials"
232,Macario Alonso Giménez,62,Femenino,Río Negro,Bajo,Accounting technician
233,Alma Tenorio Luz,21,Femenino,CABA,Alto,"Engineer, manufacturing systems"
234,Marco Figuerola Olivera,31,Femenino,Salta,Medio,"Surveyor, insurance"
235,Evelia de Pi,31,Femenino,Santiago del Estero,Bajo,Scientific laboratory technician
236,Ruth Carranza Morell,33,Masculino,Santa Cruz,Medio,Microbiologist
237,Adelia Huguet Paz,24,Femenino,Jujuy,Medio,Travel agency manager
238,Fabricio Jara Aranda,49,Femenino,Mendoza,Bajo,Lobbyist
239,Román Bilbao Cózar,36,Masculino,La Rioja,Bajo,Forest/woodland manager
240,Marisa del Blanch,19,Masculino,Neuquén,Medio,Manufacturing systems engineer
241,Camila Benavent Arnaiz,27,Femenino,Corrientes,Medio,Retail banker
242,Lola Pulido Font,67,Femenino,Santiago del Estero,Bajo,Bookseller
243,Cristina Alberdi,34,Masculino,Santa Fe,Bajo,Accounting technician
244,Herminio Zabala Diaz,54,Femenino,Mendoza,Alto,Broadcast presenter
245,Elisabet Salinas Durán,29,Femenino,La Rioja,Medio,Cytogeneticist
246,Juliana Asenjo Oliveras,23,Masculino,La Rioja,Medio,"Psychotherapist, dance movement"
247,Julie Molins Alfonso,39,Masculino,CABA,Alto,Games developer
248,Fernanda Almansa,49,Masculino,Chubut,Bajo,"Engineer, technical sales"
249,Candelaria Feliu,58,Femenino,CABA,Medio,Mudlogger
250,Paola Bermúdez,37,Masculino,Tierra del Fuego,Medio,"Therapist, horticultural"
251,Jerónimo Téllez-Manjón,18,Masculino,Santa Cruz,Medio,English as a second language teacher
252,Jerónimo Pacheco Alemany,71,Femenino,Mendoza,Bajo,Lawyer
253,Rosalva Rosalinda Tena Sanabria,64,Femenino,Catamarca,Bajo,"Engineer, petroleum"
254,Silvio de Muñoz,70,Masculino,La Pampa,Medio,"Engineer, automotive"
255,Olimpia Berrocal,23,Masculino,Río Negro,Bajo,Clinical biochemist
256,Emigdio Bautista Armengol,36,Femenino,Buenos Aires,Alto,Counsellor
257,Ignacio Reguera Albero,35,Femenino,San Luis,Bajo,Freight forwarder
258,María Manuela Galiano Oliver,23,Femenino,La Pampa,Bajo,"Investment banker, operational"
259,Reina Echevarría Llorente,62,Masculino,Formosa,Bajo,Herpetologist
260,Dolores Lladó Pelayo,50,Femenino,Misiones,Medio,Farm manager
261,María Del Carmen Galiano Sola,40,Femenino,Formosa,Alto,Barrister's clerk
262,Juan Antonio Soria Neira,40,Femenino,Corrientes,Medio,Education administrator
263,Andrés Cabezas Cepeda,43,Femenino,Río Negro,Alto,Retail manager
264,Juan Carlos Moreno Talavera,30,Masculino,Catamarca,Bajo,"Engineer, drilling"
265,Teodoro Vargas,24,Masculino,San Luis,Bajo,Occupational hygienist
266,Guadalupe Pili Parra Vives,32,Femenino,Chaco,Medio,Secondary school teacher
267,Jose Carlos Perez Manzano,61,Femenino,Corrientes,Alto,"Engineer, energy"
268,Alfredo Carranza Marcos,44,Femenino,Tierra del Fuego,Medio,"Development worker, community"
269,Amanda Carretero-Gómez,43,Masculino,La Rioja,Medio,Maintenance engineer
270,María Carmen Santana,50,Femenino,San Juan,Bajo,Sports therapist
271,Galo Perales Cervantes,32,Femenino,Chubut,Bajo,Geochemist
272,Aarón Seve Mascaró Corral,53,Masculino,Tierra del Fuego,Alto,Bookseller
273,Florina Bernardita Blanes Gilabert,62,Masculino,Tierra del Fuego,Bajo,"Doctor, hospital"
274,Consuelo Solís-Arnal,72,Femenino,Santiago del Estero,Bajo,Herpetologist
275,Felicidad Sanmartín Santos,44,Femenino,Jujuy,Medio,Corporate treasurer
276,Jacobo Hoyos Peinado,74,Femenino,La Rioja,Bajo,Secondary school teacher
277,Jesús Pascual Arnau,22,Femenino,Entre Ríos,Medio,International aid/development worker
278,Apolinar Cano Tapia,19,Masculino,San Luis,Bajo,Theatre manager
279,Marcela de Rojas,72,Masculino,Neuquén,Medio,"Social research officer, government"
280,Saturnina Enríquez-Madrigal,50,Femenino,Buenos Aires,Medio,Equities trader
281,Vito de Barros,33,Femenino,Catamarca,Medio,"Designer, fashion/clothing"
282,Valentina Roselló-Alvarez,40,Femenino,San Juan,Medio,Learning disability nurse
283,Diana Abad Torrens,55,Femenino,San Juan,Bajo,"Scientist, audiological"
284,Matilde Almansa Anglada,72,Masculino,CABA,Medio,Games developer
285,Nazario Berrocal-Garcés,33,Femenino,Chubut,Medio,"Embryologist, clinical"
286,Candelario Rodríguez Malo,31,Masculino,Buenos Aires,Medio,Set designer
287,Danilo de Almagro,46,Masculino,Jujuy,Bajo,Media buyer
288,Xavier Rius Fajardo,43,Masculino,Santa Cruz,Bajo,"Optician, dispensing"
289,Piedad Castell Gimeno,52,Masculino,Jujuy,Bajo,Garment/textile technologist
290,Rafael Pablo Mas Parejo,32,Masculino,Chubut,Medio,"Sales professional, IT"
291,Petrona Verdugo Clavero,20,Masculino,San Juan,Bajo,"Pharmacist, hospital"
292,Galo Terrón Verdú,40,Masculino,Santa Fe,Alto,Building surveyor
293,Esmeralda Mate,46,Masculino,Neuquén,Medio,Logistics and distribution manager
294,Nicanor Larrea Diez,51,Femenino,Santa Cruz,Medio,Museum/gallery curator
295,Galo Egea Escamilla,50,Masculino,Entre Ríos,Medio,Race relations officer
296,Baldomero Matas-Tello,58,Masculino,Salta,Bajo,Regulatory affairs officer
297,Jovita Ramos Arévalo,58,Femenino,La Rioja,Medio,Financial trader
298,Guiomar Fernandez Villena,40,Femenino,Santa Fe,Medio,Youth worker
299,Fausto Suárez Miralles,24,Femenino,La Rioja,Alto,Sport and exercise psychologist
300,María Manuela Miguel Gimeno,20,Masculino,Buenos Aires,Alto,Associate Professor
301,Celso del Corominas,49,Femenino,Chaco,Bajo,Exercise physiologist
302,Blanca de Chacón,48,Masculino,Entre Ríos,Bajo,Accommodation manager
303,Ezequiel del Coronado,35,Masculino,Buenos Aires,Medio,Medical illustrator
304,Melchor Luján García,60,Masculino,Neuquén,Medio,Clinical biochemist
305,Seve Soto-Robles,24,Femenino,San Juan,Bajo,Trade mark attorney
306,Haroldo Meléndez Ayllón,58,Masculino,Buenos Aires,Bajo,Haematologist
307,Josep Novoa Morillo,18,Masculino,La Pampa,Bajo,Veterinary surgeon
308,Adriana Prieto Paz,31,Masculino,Tierra del Fuego,Medio,Counselling psychologist
309,Adelia del Gárate,69,Femenino,CABA,Alto,"Civil engineer, contracting"
310,Aureliano de Medina,49,Femenino,Buenos Aires,Medio,Health service manager
311,Nicanor Escribano Olivares,23,Masculino,La Rioja,Medio,"Designer, interior/spatial"
312,Cloe Galindo Bru,56,Femenino,Río Negro,Bajo,Commissioning editor
313,Adalberto Valdés,27,Femenino,Santiago del Estero,Bajo,English as a second language teacher
314,Leyre Nicolás-Benavides,24,Femenino,Santiago del Estero,Medio,Armed forces training and education officer
315,Tania Terrón,43,Masculino,Jujuy,Medio,Land
316,Quirino Vallejo,51,Femenino,San Juan,Bajo,Osteopath
317,Isaías Agullo Comas,47,Masculino,Neuquén,Medio,Commercial/residential surveyor
318,Leandra Gras,53,Femenino,Salta,Alto,Minerals surveyor
319,Sigfrido Cámara Peláez,38,Masculino,Jujuy,Alto,Sports coach
320,Maximiano Yáñez Montaña,34,Masculino,Catamarca,Bajo,Medical sales representative
321,Angelino Buenaventura Falcó Duran,50,Masculino,Santa Fe,Bajo,Chiropractor
322,Lope del Diego,27,Femenino,Río Negro,Bajo,Financial controller
323,Rafa del Losa,68,Masculino,Córdoba,Medio,"Lecturer, higher education"
324,Candelario Pedro Cruz Cuéllar,64,Femenino,Catamarca,Alto,"Geologist, wellsite"
325,Eligio Domínguez Román,59,Masculino,Formosa,Bajo,Advertising account planner
326,Dominga Garcés Bustamante,68,Femenino,La Pampa,Bajo,Commercial art gallery manager
327,Agustina Paz Jiménez Girona,29,Femenino,Santa Fe,Alto,Multimedia programmer
328,Clara Pacífica Valderrama Font,73,Femenino,Mendoza,Medio,Civil Service fast streamer
329,Albano Guardiola Olivera,33,Femenino,San Juan,Alto,Politician's assistant
330,Casemiro Ramón Ribas,58,Femenino,Santiago del Estero,Bajo,Heritage manager
331,Gastón Aguirre Puerta,49,Masculino,Tucumán,Medio,Outdoor activities/education manager
332,Juan Antonio Santiago Ribera Tena,32,Femenino,Santiago del Estero,Bajo,Web designer
333,Javier Mendoza Paredes,44,Masculino,Chaco,Bajo,"Librarian, academic"
334,Águeda Rocío Ugarte Fajardo,45,Femenino,Santiago del Estero,Medio,Arts administrator
335,Demetrio Adelardo Guitart Barberá,34,Femenino,Tucumán,Bajo,Insurance underwriter
336,Patricia Montserrat Gálvez,63,Masculino,Entre Ríos,Bajo,"Teacher, early years/pre"
337,Otilia Serafina Pedraza Escobar,67,Masculino,Mendoza,Alto,"Nurse, mental health"
338,Isidoro Alegria Anglada,19,Masculino,Jujuy,Bajo,Community development worker
339,Rogelio Ayala Gordillo,53,Femenino,CABA,Medio,Chartered management accountant
340,Valero Joan Perea Sarmiento,67,Femenino,Entre Ríos,Bajo,Applications developer
341,Alejandra Milla,24,Femenino,Córdoba,Medio,Special educational needs teacher
342,Guadalupe Ariza Bonet,30,Femenino,Río Negro,Bajo,Public relations account executive
343,Mario Manrique,32,Femenino,San Juan,Medio,Music tutor
344,Luna Cortés Mena,42,Masculino,Salta,Bajo,Teaching laboratory technician
345,Jesús Juan Pablo Llorens Amo,40,Masculino,Córdoba,Medio,Product/process development scientist
346,Eustaquio Juárez,39,Femenino,Mendoza,Medio,Amenity horticulturist
347,Marcio Hipólito Jódar Arco,43,Femenino,Tierra del Fuego,Bajo,Chief Technology Officer
348,Fabián Lasa Ureña,50,Femenino,Misiones,Bajo,Quantity surveyor
349,Eduardo Arenas Perelló,28,Masculino,Santa Fe,Alto,Advertising copywriter
350,Apolonia Alcalá Pi,27,Masculino,Jujuy,Alto,Estate agent
351,Consuela López Sales,42,Masculino,Tucumán,Bajo,Commercial art gallery manager
352,Débora del Riera,54,Masculino,La Pampa,Bajo,Amenity horticulturist
353,Baltasar Aitor Somoza Cardona,65,Masculino,Mendoza,Bajo,Air traffic controller
354,Reinaldo Julián Escrivá,60,Femenino,La Rioja,Bajo,"Psychologist, forensic"
355,Lucho Barreda-Llorens,70,Masculino,Formosa,Alto,Architectural technologist
356,Santiago Abascal,55,Femenino,Chaco,Medio,"Programmer, multimedia"
357,Paulino Bellido Delgado,58,Masculino,Corrientes,Medio,Chiropractor
358,Inés Perales Céspedes,62,Femenino,Tucumán,Alto,Pension scheme manager
359,Severino Palomares Iborra,41,Masculino,Santiago del Estero,Medio,Careers adviser
360,Agustín Domínguez Uriarte,57,Masculino,CABA,Medio,"Psychologist, prison and probation services"
361,Jacobo Falcón Solís,63,Masculino,Corrientes,Bajo,Sport and exercise psychologist
362,Melisa Ordóñez Manrique,73,Otro,Formosa,Bajo,Agricultural consultant
363,Plácido Pellicer Roldan,50,Femenino,Chubut,Medio,"Exhibitions officer, museum/gallery"
364,Marisol Delgado Losa,34,Masculino,Neuquén,Bajo,Senior tax professional/tax inspector
365,Calisto Báez-Silva,41,Masculino,San Juan,Bajo,Insurance risk surveyor
366,Francisca Palomar Garriga,54,Femenino,Chaco,Bajo,"Programme researcher, broadcasting/film/video"
367,Jose Antonio Valcárcel Castillo,74,Masculino,San Luis,Bajo,"Designer, television/film set"
368,Natalio Delgado Coll,19,Masculino,Santa Cruz,Medio,"Merchandiser, retail"
369,Evaristo Jaén Rosselló,49,Femenino,Corrientes,Medio,Patent attorney
370,Yago Hidalgo-Alarcón,74,Femenino,Entre Ríos,Bajo,"Surveyor, minerals"
371,Selena Peral,41,Masculino,Salta,Bajo,"Scientist, water quality"
372,Susana Gala Canet Mariscal,26,Masculino,Mendoza,Medio,Mudlogger
373,Sol Sanmartín Carlos,21,Femenino,Tucumán,Bajo,"Research officer, political party"
374,Adelia Domínguez Barral,34,Masculino,Santa Fe,Medio,Bookseller
375,Aurora Morata Velasco,34,Masculino,Tierra del Fuego,Medio,Production engineer
376,Tecla Pardo Aliaga,70,Femenino,La Pampa,Bajo,"Psychologist, prison and probation services"
377,Antonio Hervás Jaume,67,Femenino,Buenos Aires,Medio,Patent examiner
378,Sancho Guardiola Román,65,Masculino,CABA,Medio,"Accountant, chartered certified"
379,Adela Goicoechea Teruel,47,Otro,Salta,Bajo,Meteorologist
380,Cornelio Quintana Morcillo,57,Femenino,Chubut,Bajo,Medical technical officer
381,Andrés Felipe de Rojas,28,Masculino,Córdoba,Alto,Building control surveyor
382,Remedios Camacho Ballesteros,38,Otro,Tucumán,Bajo,Secretary/administrator
383,Modesta Cano,38,Masculino,Corrientes,Medio,Furniture designer
384,Carmelita Cano Francisco,35,Masculino,Santa Fe,Medio,Personal assistant
385,Ciriaco Zamora Bonilla,72,Femenino,Neuquén,Bajo,"Therapist, music"
386,Santiago Marín Jáuregui,46,Masculino,San Luis,Bajo,Armed forces operational officer
387,Florencia Vilalta Coloma,41,Masculino,Río Negro,Medio,Press photographer
388,Andrea Aroca Palacios,27,Masculino,Mendoza,Medio,"Engineer, technical sales"
389,Alejo Muñoz Manso,62,Masculino,Chubut,Medio,"Psychologist, educational"
390,Clara Magdalena Porras Lobo,34,Femenino,Catamarca,Alto,Therapeutic radiographer
391,Jerónimo Oller Bejarano,35,Femenino,Catamarca,Medio,"Engineer, materials"
392,Juan Francisco Méndez Rico,59,Otro,San Luis,Bajo,Academic librarian
393,Lucía Yáñez Lobo,65,Masculino,Misiones,Alto,"Education officer, community"
394,Juan Pablo Valentín Franco,37,Masculino,Río Negro,Medio,"Producer, radio"
395,Cecilia Palomo-Arribas,54,Masculino,Santiago del Estero,Alto,Music tutor
396,Dolores López Ortega,62,Masculino,Salta,Medio,Speech and language therapist
397,Elena Josefina Soto Arana,35,Masculino,Chaco,Medio,Professor Emeritus
398,Simón Crespi Verdú,34,Femenino,Mendoza,Medio,Pharmacologist
399,Rosalva Teodora Bautista Raya,26,Femenino,Entre Ríos,Bajo,Financial controller
400,Adrián Solera Barco,31,Otro,San Luis,Alto,Hydrographic surveyor
401,Nidia Somoza Amigó,66,Masculino,Chubut,Bajo,Solicitor
402,Rosa María de Vilar,46,Femenino,CABA,Bajo,Risk manager
403,Ainoa Alegria Mendoza,48,Masculino,Neuquén,Alto,"Surveyor, quantity"
404,Tania Belen Giralt Serra,21,Masculino,CABA,Bajo,Medical sales representative
405,Berto Grau Samper,35,Femenino,La Pampa,Alto,Visual merchandiser
406,Vicente José Luis Saez Riba,37,Femenino,Mendoza,Medio,Press photographer
407,Manuela Murcia Gisbert,73,Masculino,Tierra del Fuego,Bajo,Furniture conservator/restorer
408,Marc Navarrete Beltran,73,Masculino,Jujuy,Medio,"Engineer, biomedical"
409,Tere Sarmiento,64,Masculino,Catamarca,Medio,Clinical molecular geneticist
410,Haydée Somoza-Farré,60,Femenino,Chubut,Medio,Analytical chemist
411,Marcio Américo Peñas Roda,61,Masculino,Catamarca,Alto,Pensions consultant
412,Chema Duque Infante,26,Otro,Córdoba,Alto,Systems analyst
413,Consuela Lucas Esteban,30,Masculino,Mendoza,Bajo,Corporate investment banker
414,Francisca Ema Ibáñez Arnal,32,Masculino,Jujuy,Bajo,Dispensing optician
415,Isaías Campillo Carbajo,44,Femenino,San Luis,Alto,Environmental health practitioner
416,María Del Carmen Juliá,32,Femenino,Entre Ríos,Medio,IT technical support officer
417,Víctor Carpio Escamilla,45,Masculino,San Juan,Bajo,Multimedia specialist
418,Marc Pozo Batalla,54,Femenino,Catamarca,Medio,Optometrist
419,Rosalía Andres Martorell,72,Femenino,Tucumán,Alto,Administrator
420,Cristina Alvarez-Sáez,36,Femenino,Tucumán,Medio,Catering manager
421,Vilma Gala Martinez Amores,43,Femenino,Salta,Medio,Clinical cytogeneticist
422,Paca Mateo,69,Femenino,Entre Ríos,Medio,Lawyer
423,Lalo Barragán-Roldán,43,Femenino,Jujuy,Medio,Sales executive
424,Pascual Reig Fonseca,42,Femenino,CABA,Alto,"Designer, jewellery"
425,Eliana Aguiló Múñiz,43,Masculino,La Rioja,Alto,Broadcast presenter
426,Eufemia Llorente Gascón,43,Masculino,Tierra del Fuego,Medio,Pension scheme manager
427,Marcia Arcos Sotelo,63,Masculino,Córdoba,Medio,"Engineer, technical sales"
428,Eladio Pi-Céspedes,45,Masculino,CABA,Alto,Applications developer
429,Ángela Jódar Calderon,66,Masculino,Santa Fe,Bajo,Textile designer
430,Eusebia Donoso Fernández,35,Otro,Tierra del Fuego,Bajo,Chief Marketing Officer
431,Lilia Llabrés Alvarado,49,Masculino,Tucumán,Alto,"Engineer, civil (consulting)"
432,Luis Miguel Hierro Prada,70,Masculino,Catamarca,Bajo,Leisure centre manager
433,Norberto Bauzà-Vilalta,20,Femenino,Salta,Bajo,Chief Technology Officer
434,Clementina Manjón Giménez,19,Masculino,Corrientes,Bajo,Museum/gallery curator
435,Brunilda Lladó Gómez,50,Masculino,Santa Fe,Bajo,"Psychologist, sport and exercise"
436,Rosenda Garmendia Paredes,59,Masculino,Chubut,Bajo,Clinical biochemist
437,Flavia Arcos Rueda,36,Masculino,Tierra del Fuego,Bajo,Secondary school teacher
438,Loreto Zabala Ferrández,34,Masculino,Buenos Aires,Alto,Theatre manager
439,Noé Cándido Aguado Pou,61,Femenino,Entre Ríos,Medio,Equities trader
440,Joaquina Isabela Zorrilla Benavides,50,Femenino,La Rioja,Medio,Race relations officer
441,Odalys Lerma Jáuregui,29,Masculino,Misiones,Bajo,"Sales professional, IT"
442,Dan Feliu Nogués,66,Masculino,Río Negro,Medio,"Buyer, industrial"
443,Heliodoro Lobo Pozuelo,73,Masculino,Jujuy,Medio,Associate Professor
444,Silvio Luis Villalba Oliva,20,Femenino,Neuquén,Medio,Arts administrator
445,Inmaculada Goicoechea Báez,60,Masculino,Santa Fe,Bajo,Publishing rights manager
446,Otilia Carreras Beltrán,66,Masculino,Tucumán,Medio,Solicitor
447,Ale Peña Sáenz,72,Femenino,Neuquén,Medio,"Research officer, political party"
448,Rosalva Agustí Gabaldón,43,Masculino,Jujuy,Medio,"Psychologist, clinical"
449,Amado Benítez,52,Masculino,Santa Fe,Medio,Retail merchandiser
450,Efraín Diaz Mena,25,Masculino,Corrientes,Medio,Claims inspector/assessor
451,Vito Medina Marin,69,Femenino,Catamarca,Medio,Special effects artist
452,Alicia Ariño,53,Femenino,CABA,Medio,Broadcast engineer
453,Jorge Moraleda-Solís,70,Femenino,Córdoba,Bajo,Ergonomist
454,Paco Samper Ponce,71,Femenino,Santa Fe,Medio,"Psychologist, sport and exercise"
455,Reyes Martinez Barón,24,Femenino,Formosa,Alto,Dietitian
456,Chus Bosch Egea,63,Otro,Jujuy,Medio,Podiatrist
457,Fulgencio Echevarría Chico,63,Otro,Chaco,Bajo,Higher education careers adviser
458,Javi Marciano Sanmartín Pardo,53,Masculino,Catamarca,Bajo,Production manager
459,Jose Angel Bermudez Girona,33,Femenino,Formosa,Medio,Occupational therapist
460,Maximiano Asensio-Bermudez,41,Masculino,Tucumán,Alto,Intelligence analyst
461,Alicia Frutos Salvador,71,Masculino,Santiago del Estero,Medio,Tree surgeon
462,Marino Celso Caparrós Porras,18,Femenino,Salta,Medio,Automotive engineer
463,Eustaquio Manolo Valle Tudela,66,Masculino,Misiones,Bajo,"Psychotherapist, dance movement"
464,Cornelio del Bustos,42,Femenino,Jujuy,Medio,Health visitor
465,Caridad del Jurado,27,Masculino,Mendoza,Medio,Speech and language therapist
466,Basilio Pallarès Quevedo,71,Femenino,La Rioja,Alto,Financial trader
467,Carlito Piña Cifuentes,33,Femenino,Buenos Aires,Bajo,Museum/gallery exhibitions officer
468,Eutimio Pol Cuervo,33,Femenino,Santiago del Estero,Medio,Industrial buyer
469,Javi Saldaña Torralba,25,Masculino,San Luis,Medio,Early years teacher
470,Aurora Duarte Ibarra,46,Masculino,San Luis,Medio,Media planner
471,Fabricio Iglesia Herranz,56,Femenino,Córdoba,Medio,Automotive engineer
472,Josefina Beltran,45,Masculino,Mendoza,Bajo,"Secretary, company"
473,Máxima Huerta,23,Otro,San Luis,Bajo,"Buyer, industrial"
474,Victoriano Roselló-Acosta,33,Femenino,Mendoza,Medio,Scientific laboratory technician
475,Graciana Tena Gascón,37,Masculino,Santiago del Estero,Medio,Medical physicist
476,Rosalía Araujo Múgica,33,Masculino,Santa Fe,Bajo,Physiological scientist
477,Bernardo Gracia Cardona,24,Masculino,Chaco,Medio,Cytogeneticist
478,Manu Alvarez Ponce,58,Femenino,Tucumán,Medio,Information officer
479,Sosimo del Perea,31,Masculino,CABA,Alto,Games developer
480,Dolores Bustamante Alegre,60,Masculino,Neuquén,Bajo,Police officer
481,Ariadna Esparza Macías,43,Masculino,La Rioja,Medio,Fine artist
482,Victoria Mosquera-Pineda,43,Femenino,Corrientes,Bajo,"Lighting technician, broadcasting/film/video"
483,Albano Jimenez Pera,31,Masculino,Santa Cruz,Bajo,Planning and development surveyor
484,Fidela Rivera Quevedo,24,Masculino,San Juan,Bajo,Archivist
485,Trinidad Martinez Ibañez,50,Femenino,Tierra del Fuego,Alto,Lawyer
486,Natalio Bustamante Gras,43,Femenino,Mendoza,Bajo,Archivist
487,Máximo Tenorio Morante,74,Femenino,Salta,Medio,"Pharmacist, hospital"
488,Guadalupe Calleja Mateo,62,Masculino,Chaco,Medio,Mental health nurse
489,Socorro Girona Vall,37,Masculino,Misiones,Alto,Cytogeneticist
490,Teófila Egea Morante,20,Femenino,Santa Cruz,Medio,Manufacturing systems engineer
491,Emperatriz Abascal Juliá,69,Masculino,Mendoza,Medio,Research scientist (maths)
492,Otilia Castells Canals,21,Femenino,Catamarca,Alto,Geochemist
493,Ariel Bonilla Núñez,43,Femenino,San Juan,Medio,Prison officer
494,Teo Franch-Carrión,28,Masculino,Misiones,Medio,Clinical biochemist
495,Jennifer Rosa Valencia,19,Femenino,Neuquén,Bajo,Rural practice surveyor
496,Feliciano España Baró,31,Femenino,Catamarca,Bajo,Environmental manager
497,Lino Lledó Raya,61,Masculino,Buenos Aires,Medio,International aid/development worker
498,María Teresa Hervás Solano,47,Femenino,Tucumán,Medio,Politician's assistant
499,Bruno Lluch Cortes,66,Masculino,Salta,Medio,Printmaker
500,Apolinar Tamarit Cazorla,29,Masculino,Catamarca,Medio,"Lecturer, higher education"
501,Hortensia Valero Baena,43,Masculino,Misiones,Bajo,Naval architect
502,Candelas Olivia Cerdá Macías,61,Femenino,Catamarca,Medio,Records manager
503,Jorge de Fonseca,50,Femenino,Mendoza,Bajo,"Scientist, water quality"
504,Pili Murcia Cantero,30,Femenino,Neuquén,Alto,"Scientist, audiological"
505,Rafael Benito Perales,31,Masculino,San Juan,Alto,Chief Strategy Officer
506,Abilio Páez Valencia,41,Femenino,Misiones,Alto,Production manager
507,Román de Rios,51,Masculino,Santa Fe,Bajo,Hydrologist
508,Fortunato Agustí-Alcalde,61,Femenino,Catamarca,Medio,"Investment banker, operational"
509,Adelia Valeria Vendrell Cantero,43,Masculino,San Luis,Alto,"Teacher, early years/pre"
510,Emigdio Conrado Rosales Jover,38,Masculino,Entre Ríos,Alto,"Producer, television/film/video"
511,Amado Uría Cueto,45,Masculino,Chaco,Medio,"Administrator, sports"
512,Zaira Valcárcel Solano,65,Femenino,Chaco,Medio,Sales promotion account executive
513,Merche Barragán Plana,53,Masculino,San Luis,Medio,Civil Service administrator
514,Fabricio Almeida Robles,57,Femenino,La Pampa,Medio,Medical sales representative
515,Bautista del Lledó,19,Masculino,Buenos Aires,Bajo,Technical brewer
516,Jaime de Moraleda,59,Masculino,Entre Ríos,Medio,Writer
517,Adelaida Acevedo Núñez,26,Masculino,Neuquén,Medio,Soil scientist
518,Aitor Porfirio Martorell Chacón,40,Femenino,Buenos Aires,Medio,"Pharmacist, hospital"
519,Lorena Juan Amador,32,Femenino,Corrientes,Medio,Architectural technologist
520,Odalis Peñalver,30,Masculino,Santa Fe,Medio,Museum/gallery conservator
521,Inocencio del Cuadrado,40,Masculino,Santa Cruz,Alto,Special effects artist
522,Ámbar Abril Izaguirre,34,Masculino,Santa Cruz,Medio,Mining engineer
523,Gloria Nicolau,65,Femenino,Tucumán,Medio,"Secretary, company"
524,Florentino Porras,19,Masculino,La Pampa,Medio,Herbalist
525,Jose del Cámara,37,Femenino,Misiones,Medio,Insurance risk surveyor
526,Félix Alberto Ramón,37,Femenino,Santiago del Estero,Medio,Medical secretary
527,Blas Andrade Perea,63,Masculino,Río Negro,Medio,Artist
528,Victoriano Figueroa Benavente,20,Femenino,Misiones,Medio,Research scientist (medical)
529,Mireia Barón Barceló,72,Femenino,La Rioja,Medio,Manufacturing systems engineer
530,Elisa Fabregat Colom,29,Femenino,Salta,Bajo,"Therapist, art"
531,Esperanza Páez González,57,Masculino,Misiones,Bajo,Exercise physiologist
532,Luis de Carnero,19,Masculino,Jujuy,Bajo,Financial planner
533,Rosalva Ocaña Rozas,53,Masculino,Tucumán,Alto,Mudlogger
534,Leire Sedano Escribano,31,Masculino,Misiones,Bajo,Chief Operating Officer
535,Pacífica Uribe Valderrama,33,Masculino,San Juan,Bajo,"Journalist, magazine"
536,Herberto Guzman Comas,36,Masculino,Santiago del Estero,Bajo,Facilities manager
537,Fabián Piñeiro-Guijarro,51,Femenino,Formosa,Medio,Wellsite geologist
538,Francisco Javier Mesa-Durán,61,Masculino,Salta,Bajo,Environmental education officer
539,Fortunata Gámez Suárez,63,Masculino,Córdoba,Medio,"Psychologist, counselling"
540,Cruz del Pulido,23,Masculino,Entre Ríos,Bajo,Financial controller
541,Abril Crespi Bermudez,30,Femenino,Mendoza,Medio,Insurance account manager
542,Bartolomé Sanabria,53,Femenino,San Juan,Alto,Public librarian
543,Pastor Tejedor Delgado,39,Femenino,Chubut,Alto,"Sound technician, broadcasting/film/video"
544,Olivia Fortuny Guzman,35,Masculino,Córdoba,Medio,Claims inspector/assessor
545,Bernabé Bermudez Anaya,29,Otro,Santa Fe,Medio,Human resources officer
546,Olivia Robledo Palma,69,Masculino,San Luis,Medio,Customer service manager
547,Ligia Osorio-Nuñez,71,Masculino,Chaco,Bajo,"Designer, ceramics/pottery"
548,África Cobo Valderrama,47,Masculino,Corrientes,Medio,Hotel manager
549,Tomasa Atienza Aragonés,70,Masculino,Chaco,Bajo,Risk manager
550,Ernesto Ríos Lara,68,Masculino,La Pampa,Medio,"Engineer, production"
551,Hermenegildo Salmerón Galan,57,Femenino,La Rioja,Bajo,Arboriculturist
552,Elba Adelina Zurita Huerta,24,Femenino,Misiones,Medio,"Designer, television/film set"
553,Rogelio Pardo Grau,49,Masculino,Mendoza,Medio,"Teacher, early years/pre"
554,Lisandro Velasco Querol,65,Femenino,Jujuy,Medio,"Scientist, research (physical sciences)"
555,Angélica Taboada Borrás,36,Masculino,San Juan,Medio,"Education officer, museum"
556,Paola Feliu Garcia,23,Masculino,Río Negro,Medio,"Designer, television/film set"
557,Nico Castilla,37,Femenino,Chubut,Medio,Dealer
558,Salvador Ribera Viana,44,Femenino,Entre Ríos,Medio,"Psychologist, occupational"
559,Esperanza Vaquero Marcos,70,Masculino,Misiones,Bajo,"Doctor, general practice"
560,Wilfredo Benito Pablo,60,Masculino,Chubut,Medio,Clinical psychologist
561,Luciana Salvador Barranco,54,Femenino,Tucumán,Alto,"Administrator, local government"
562,Baudelio Quintanilla-Heredia,65,Femenino,Entre Ríos,Alto,Stage manager
563,Celso Puerta Menendez,24,Femenino,Córdoba,Medio,Broadcast journalist
564,Encarnita Sanchez Pons,22,Masculino,Río Negro,Bajo,"Engineer, manufacturing"
565,Macaria Galiano Priego,28,Masculino,Chaco,Bajo,Applications developer
566,Roberto Silva Peinado,32,Masculino,La Rioja,Medio,Leisure centre manager
567,Vinicio Hernandez Cadenas,20,Masculino,La Pampa,Alto,Broadcast presenter
568,Calisto Lucas Dominguez Peñas,22,Femenino,Catamarca,Medio,Interpreter
569,María Pilar Nuria Ribera Ruiz,40,Masculino,La Rioja,Alto,"Designer, fashion/clothing"
570,Quique Prats Castells,70,Masculino,Chubut,Medio,"Scientist, research (life sciences)"
571,Toribio Pelayo Arellano,54,Femenino,Córdoba,Bajo,Health physicist
572,Felicidad Borja Serna,26,Femenino,San Luis,Bajo,Social researcher
573,Goyo Lara Palomares,32,Masculino,San Juan,Bajo,Advertising art director
574,Fermín Gálvez Cabello,20,Femenino,Río Negro,Medio,Counselling psychologist
575,Ignacia Rodrigo Talavera,46,Femenino,Tierra del Fuego,Bajo,"Scientist, research (physical sciences)"
576,Oriana Sobrino,23,Femenino,La Pampa,Medio,Applications developer
577,Felipe Lasa Viña,34,Masculino,Chubut,Medio,Meteorologist
578,Esteban Olivares,43,Femenino,Formosa,Bajo,Systems analyst
579,Encarna Anguita,38,Femenino,Catamarca,Bajo,"Psychotherapist, child"
580,Mohamed Chaparro Arranz,25,Masculino,Entre Ríos,Bajo,Human resources officer
581,Aristides Rojas-Garzón,38,Masculino,Córdoba,Medio,Drilling engineer
582,Hernando Clímaco Puga Iñiguez,74,Femenino,Chaco,Medio,Mental health nurse
583,Andrés Felipe Valdés,28,Masculino,La Rioja,Bajo,Toxicologist
584,Celestino Infante Rico,55,Femenino,La Rioja,Alto,Games developer
585,Adrián Azorin Jáuregui,25,Masculino,Santa Fe,Medio,Phytotherapist
586,Nazaret Morera,59,Masculino,Río Negro,Medio,Regulatory affairs officer
587,Sarita Coca Exposito,41,Masculino,Jujuy,Medio,"Chemist, analytical"
588,Rosaura Rubio,52,Femenino,Santiago del Estero,Medio,Chief Operating Officer
589,Augusto Lamas,72,Masculino,Misiones,Medio,Merchant navy officer
590,Alfredo de Serrano,31,Femenino,Mendoza,Medio,Risk analyst
591,Pastora Oliva,72,Femenino,Formosa,Bajo,"Engineer, communications"
592,Juan José Andrés Coca,31,Femenino,Corrientes,Medio,Estate agent
593,Manuela Bertrán Araujo,27,Femenino,La Rioja,Medio,Exhibition designer
594,Etelvina Contreras Vázquez,29,Femenino,Chubut,Medio,Insurance account manager
595,Fabiola Maza Milla,55,Masculino,San Juan,Alto,Sports administrator
596,Reyes de Martín,61,Femenino,Chaco,Alto,Armed forces training and education officer
597,Flor de Vila,72,Femenino,CABA,Bajo,Quality manager
598,Tomasa Ferrán Garriga,63,Masculino,Catamarca,Bajo,Clinical research associate
599,Jose Francisco Barral-Royo,51,Masculino,La Rioja,Bajo,Air traffic controller
600,Dolores Amaya Acosta,58,Femenino,Catamarca,Medio,Insurance account manager
601,Paola de Falcón,27,Masculino,Chaco,Bajo,Financial adviser
602,Dani Granados Amorós,34,Femenino,Córdoba,Bajo,Community education officer
603,Cruz Miguel Nieto,34,Masculino,La Rioja,Bajo,Paediatric nurse
604,Eligia Mesa Espada,20,Masculino,San Luis,Bajo,Research scientist (medical)
605,Clotilde Ordóñez Castilla,48,Femenino,Jujuy,Bajo,Insurance account manager
606,Maribel de Sacristán,68,Masculino,Buenos Aires,Bajo,"Optician, dispensing"
607,Sancho del Mora,18,Masculino,Salta,Medio,"Production assistant, radio"
608,Pascual Pombo Sureda,29,Femenino,Río Negro,Bajo,Manufacturing engineer
609,Delfina Barreda Villalobos,56,Masculino,Formosa,Bajo,Chief of Staff
610,Geraldo Rueda,21,Femenino,Santa Fe,Medio,Paediatric nurse
611,Vicente Villar Blanch,59,Femenino,Formosa,Medio,"Psychologist, prison and probation services"
612,Milagros Andrés Lara,30,Femenino,Tierra del Fuego,Bajo,Writer
613,Azeneth del Torrecilla,51,Masculino,Formosa,Bajo,Energy engineer
614,Ruth Juárez Manuel,59,Masculino,La Rioja,Medio,"Scientist, audiological"
615,Ezequiel Lozano Castelló,38,Femenino,Tierra del Fuego,Bajo,Hydrographic surveyor
616,Blanca Mayte Segura Iborra,39,Femenino,Formosa,Bajo,Broadcast presenter
617,Guadalupe Casado Moya,74,Femenino,Neuquén,Bajo,"Nurse, learning disability"
618,Nereida Iñiguez Taboada,21,Femenino,CABA,Bajo,Herbalist
619,María Dolores Estefanía Leal Sola,35,Masculino,La Pampa,Medio,IT technical support officer
620,Julia Pons Córdoba,22,Masculino,La Pampa,Alto,Translator
621,Obdulia Marita Rocamora Egea,36,Masculino,Entre Ríos,Medio,Graphic designer
622,Clemente Espada Sevilla,19,Masculino,Tierra del Fuego,Medio,Press photographer
623,Ramona Campoy Toro,29,Masculino,Córdoba,Medio,Town planner
624,Gilberto Roura Gárate,34,Femenino,Santa Fe,Medio,"Engineer, agricultural"
625,Sigfrido Tapia Marquez,27,Masculino,Santa Cruz,Medio,"Copywriter, advertising"
626,Dominga de Vall,51,Masculino,Corrientes,Bajo,Chartered accountant
627,Luciana del Escamilla,23,Masculino,Catamarca,Medio,Computer games developer
628,Ale Frutos Aragón,25,Femenino,Entre Ríos,Alto,Jewellery designer
629,Flor de Capdevila,68,Femenino,San Juan,Bajo,"Designer, interior/spatial"
630,Rubén del Gomila,28,Femenino,Salta,Medio,Clinical embryologist
631,Alejandro Céspedes Peláez,74,Femenino,La Pampa,Medio,Make
632,Clarisa Carolina Asenjo Lasa,29,Masculino,CABA,Medio,English as a second language teacher
633,Jesús Almeida Escribano,26,Femenino,Santa Fe,Bajo,"Radiographer, diagnostic"
634,Aurelio Alemany Vizcaíno,19,Masculino,Tucumán,Medio,Human resources officer
635,Juan Berenguer Olivares,25,Masculino,San Luis,Medio,"Engineer, civil (contracting)"
636,Lidia Izquierdo,28,Femenino,Corrientes,Medio,"Loss adjuster, chartered"
637,Amanda de Pareja,70,Femenino,San Juan,Bajo,Neurosurgeon
638,Florentina del Agustí,53,Masculino,Entre Ríos,Bajo,Rural practice surveyor
639,Irene del Medina,27,Masculino,Misiones,Medio,Land/geomatics surveyor
640,Teófila de Arco,38,Femenino,Corrientes,Medio,Senior tax professional/tax inspector
641,Roberta Georgina Menendez Vall,37,Masculino,Santa Fe,Medio,"Engineer, automotive"
642,Eduardo Velázquez Valenzuela,65,Masculino,Chaco,Alto,"Administrator, arts"
643,Abril Cecilia Burgos Mateo,25,Masculino,Salta,Medio,Optometrist
644,Casemiro Aguilar Pinedo,53,Masculino,Chubut,Medio,Chief Executive Officer
645,Aurelio Olmo,46,Femenino,La Rioja,Bajo,Physiotherapist
646,Juan Francisco Egea Marin,59,Masculino,Formosa,Bajo,Cytogeneticist
647,Atilio del Pizarro,29,Masculino,Santa Cruz,Medio,"Teacher, special educational needs"
648,Jordana Villanueva Elorza,31,Femenino,Mendoza,Medio,Database administrator
649,María Ángeles Uribe Múñiz,65,Femenino,San Juan,Medio,Estate agent
650,Benito Orozco Carrasco,71,Masculino,Santa Cruz,Medio,"Development worker, international aid"
651,Felipa del Donaire,67,Masculino,Formosa,Bajo,Management consultant
652,Jacobo Adelardo Almazán Ortega,38,Masculino,Chaco,Alto,Regulatory affairs officer
653,Timoteo Nico Vera Miranda,39,Femenino,Santa Fe,Alto,Catering manager
654,Pascual Ávila Peiró,38,Femenino,Entre Ríos,Medio,Insurance risk surveyor
655,Marcelino Robledo,61,Femenino,Buenos Aires,Bajo,Counselling psychologist
656,Elba Jaume Cuervo,67,Femenino,Salta,Medio,Personnel officer
657,Salud Aragón Corral,47,Femenino,Formosa,Alto,"Engineer, electronics"
658,Gisela Hortensia Camacho Clemente,56,Femenino,Santa Cruz,Medio,Science writer
659,Chucho Roldán Arnau,37,Femenino,Mendoza,Medio,"Chemist, analytical"
660,Jose Carlos Solé,41,Masculino,CABA,Bajo,Health and safety adviser
661,Enrique Piquer Bermudez,40,Otro,Mendoza,Bajo,Health service manager
662,Áurea Landa-Blanco,24,Masculino,Formosa,Bajo,Technical author
663,Mohamed de Puente,26,Masculino,Santa Cruz,Alto,Sport and exercise psychologist
664,Norberto Carpio Paz,18,Femenino,Córdoba,Medio,"Psychotherapist, dance movement"
665,Juan Pablo Íñigo Blasco Esteve,43,Masculino,Buenos Aires,Medio,Arts development officer
666,Leyre Ballester Palma,55,Femenino,Chubut,Bajo,Financial manager
667,Ángela Sanchez Lluch,55,Femenino,Catamarca,Alto,"Presenter, broadcasting"
668,Cornelio Carbonell Hierro,71,Masculino,Chaco,Medio,"Scientist, water quality"
669,Julio Clemente Vilaplana,61,Femenino,Buenos Aires,Bajo,Telecommunications researcher
670,Heriberto Cobos,39,Masculino,Misiones,Alto,Community arts worker
671,Mariana Peñalver Zabaleta,61,Masculino,Formosa,Bajo,"Psychologist, forensic"
672,Mohamed Cózar,27,Femenino,Tucumán,Bajo,Public relations account executive
673,Fanny Amat Mínguez,72,Femenino,Chaco,Bajo,Retail banker
674,Raimundo Ortuño Pozuelo,23,Femenino,San Juan,Alto,General practice doctor
675,Claudia Zamorano Pagès,34,Masculino,Misiones,Alto,Hydrogeologist
676,Enrique Nacio Valera Ponce,68,Femenino,Chaco,Bajo,"Education officer, museum"
677,Luisina Elba Llorente Torrent,67,Masculino,Jujuy,Medio,"Scientist, clinical (histocompatibility and immunogenetics)"
678,Ciriaco Bautista Serna,55,Femenino,Catamarca,Medio,"Lecturer, higher education"
679,Amor Rius Escobar,41,Masculino,Tierra del Fuego,Medio,Radio broadcast assistant
680,María Fernanda de Nuñez,68,Femenino,Corrientes,Bajo,"Engineer, petroleum"
681,Encarnación Elvira Montero Acuña,27,Masculino,Jujuy,Medio,Site engineer
682,Álvaro Amorós Gutiérrez,73,Masculino,Mendoza,Medio,Publishing rights manager
683,Leonor Estévez Marín,25,Femenino,Chaco,Bajo,Fashion designer
684,Jacobo del Sierra,38,Femenino,San Juan,Bajo,"Psychologist, sport and exercise"
685,Óscar Pelayo Alvarado,73,Femenino,La Pampa,Medio,Psychiatrist
686,Edelmiro Roda-Cervantes,23,Femenino,Chaco,Bajo,Translator
687,Ana Gimeno,38,Femenino,Tucumán,Alto,Product manager
688,Tecla Torrent Estevez,74,Femenino,Misiones,Bajo,"Designer, television/film set"
689,Alberto Mena Corral,56,Masculino,San Juan,Alto,Television production assistant
690,Ainoa Fábregas-Salom,41,Femenino,Entre Ríos,Bajo,Exhibition designer
691,Nacio Blasco-Lozano,50,Masculino,Jujuy,Bajo,Stage manager
692,Mayte Bosch,35,Femenino,Chubut,Bajo,Higher education lecturer
693,Bernarda Solera Castro,73,Femenino,Tierra del Fuego,Medio,"Doctor, hospital"
694,Simón Zabala Cruz,45,Femenino,Corrientes,Medio,Barrister
695,Luciana Águila Córdoba,74,Femenino,La Rioja,Bajo,Lobbyist
696,Jose Manuel Mariscal Calatayud,69,Femenino,Catamarca,Bajo,Air broker
697,José María Jurado,49,Femenino,Chaco,Medio,Physiotherapist
698,Elías Ledesma Revilla,29,Masculino,Jujuy,Medio,"Engineer, site"
699,Catalina Bernad Campo,65,Femenino,Chaco,Medio,"Runner, broadcasting/film/video"
700,María Pilar Valeria Cisneros Solana,59,Masculino,Neuquén,Bajo,Osteopath
701,Valentín Paniagua Cervera,44,Femenino,Jujuy,Medio,Mudlogger
702,Mireia Reguera Sureda,27,Masculino,Santa Fe,Medio,Technical brewer
703,Luisa Samanta Herrero Iglesias,63,Masculino,Santiago del Estero,Alto,"Pilot, airline"
704,Demetrio Arnal Romero,74,Masculino,Río Negro,Medio,"Engineer, civil (contracting)"
705,Paco Padilla Tomé,69,Masculino,Neuquén,Bajo,Nature conservation officer
706,Dani Leocadio Peral Plana,59,Femenino,San Luis,Bajo,"Engineer, electronics"
707,Cristina Román Gutierrez,49,Masculino,Santa Cruz,Medio,"Surveyor, commercial/residential"
708,Eduardo Martinez-Echeverría,59,Femenino,San Luis,Medio,Health promotion specialist
709,Martina Aguiló,43,Masculino,San Juan,Alto,Commercial horticulturist
710,Fabio José María Soler Montesinos,42,Femenino,La Rioja,Medio,"Engineer, civil (contracting)"
711,Borja Dávila Boada,28,Femenino,Río Negro,Medio,Herpetologist
712,Dora Suarez Roma,40,Femenino,Buenos Aires,Medio,Oncologist
713,Milagros Garay Puga,51,Femenino,Río Negro,Medio,Product manager
714,Guadalupe Peñalver Mínguez,74,Masculino,CABA,Bajo,Hydrologist
715,Dulce del Isern,69,Femenino,Tucumán,Bajo,"Buyer, industrial"
716,Alondra Serrano-Grau,57,Masculino,Neuquén,Medio,"Optician, dispensing"
717,Petrona Vázquez Carrión,40,Femenino,Corrientes,Bajo,Tourist information centre manager
718,Nélida Gonzalo,46,Femenino,Buenos Aires,Bajo,Sport and exercise psychologist
719,Florina Diez Moya,48,Masculino,Chubut,Bajo,Phytotherapist
720,Asunción de Céspedes,24,Femenino,Jujuy,Bajo,"Designer, jewellery"
721,Rosendo Lledó Falcó,57,Femenino,Santiago del Estero,Bajo,Advertising account executive
722,Miguela Bernat Arnaiz,50,Masculino,Santa Fe,Medio,Archivist
723,Marisa María Teresa Clemente Díez,38,Masculino,Chaco,Medio,Theatre stage manager
724,David Higueras Roura,19,Masculino,Misiones,Medio,Health and safety adviser
725,Pilar Villa Carrera,35,Femenino,Mendoza,Medio,Food technologist
726,Bernarda Sevillano Pera,64,Femenino,Buenos Aires,Alto,"Engineer, drilling"
727,Hortensia Nebot Dominguez,50,Masculino,Río Negro,Bajo,"Psychologist, sport and exercise"
728,Guiomar Alsina Rueda,54,Masculino,Tierra del Fuego,Medio,Fitness centre manager
729,Alejo de Bosch,51,Femenino,Formosa,Bajo,Emergency planning/management officer
730,Encarnita Garrido Garzón,37,Femenino,Santiago del Estero,Medio,Ecologist
731,Ricarda Jaume Morán,52,Masculino,Río Negro,Alto,Conference centre manager
732,Amancio Ulises Morell Ferrán,68,Masculino,San Luis,Medio,"Conservator, museum/gallery"
733,Clara del Agullo,67,Femenino,Neuquén,Medio,"Surveyor, building control"
734,Jordán González Cabezas,71,Masculino,Misiones,Medio,Environmental health practitioner
735,Trini Martínez Acedo,35,Masculino,Santa Cruz,Medio,Data processing manager
736,Ana Belén Gómez Solana,63,Femenino,Jujuy,Bajo,Town planner
737,Prudencia Encarnacion Pereira Montenegro,41,Femenino,Santa Fe,Medio,Research scientist (medical)
738,Casemiro Rincón Gual,25,Masculino,La Rioja,Medio,Social worker
739,Calixto Salinas-Múgica,47,Masculino,Buenos Aires,Bajo,Financial trader
740,Tomasa Eliana Acedo Jaén,61,Masculino,Santa Fe,Bajo,Sports administrator
741,Zaira Perales Vallés,70,Masculino,Salta,Medio,"Clinical scientist, histocompatibility and immunogenetics"
742,Andrés Roura Elías,27,Femenino,Formosa,Bajo,"Engineer, control and instrumentation"
743,Marcio Segarra Cárdenas,40,Masculino,Tierra del Fuego,Bajo,"Engineer, broadcasting (operations)"
744,Felisa Tormo-Antúnez,69,Femenino,San Luis,Medio,Electronics engineer
745,Aránzazu Navas Cortina,66,Femenino,San Juan,Bajo,Police officer
746,Segismundo Valenciano Rubio,28,Masculino,Corrientes,Medio,Ophthalmologist
747,Javier Contreras-Bautista,19,Masculino,Formosa,Medio,Chartered accountant
748,José Manuel Cabello Puerta,43,Femenino,Santiago del Estero,Medio,"Therapist, art"
749,Amalia Hernando-Solera,53,Femenino,Santa Fe,Bajo,Landscape architect
750,Consuela Guillén Ruiz,50,Femenino,La Rioja,Medio,"Journalist, broadcasting"
751,Natanael Benito,64,Masculino,Corrientes,Alto,"Engineer, mining"
752,Octavia Vallés-Amat,30,Femenino,Misiones,Bajo,Legal executive
753,Fidela Osuna Rincón,57,Femenino,Neuquén,Bajo,Medical secretary
754,Aureliano Niño Armas,42,Femenino,Neuquén,Alto,Film/video editor
755,Benita Carbajo-Paredes,21,Masculino,Córdoba,Bajo,"Scientist, marine"
756,Porfirio Peral,59,Femenino,Santa Fe,Bajo,Dancer
757,Ainara Solé Ariño,36,Femenino,Misiones,Bajo,Educational psychologist
758,Yésica Espejo Prada,35,Masculino,CABA,Bajo,"Engineer, production"
759,Pelayo del Antúnez,54,Femenino,Entre Ríos,Bajo,"Geologist, engineering"
760,María Jesús Noguera Arrieta,47,Masculino,Mendoza,Medio,Chartered loss adjuster
761,Victorino Páez Viñas,36,Masculino,Tierra del Fuego,Medio,Drilling engineer
762,Hernando Agustín Montenegro,40,Masculino,Córdoba,Bajo,"Engineer, control and instrumentation"
763,Gonzalo Martín,71,Femenino,Chubut,Medio,Environmental manager
764,Lázaro Mate,33,Masculino,Chubut,Medio,Hydrogeologist
765,Juana Valverde Badía,18,Masculino,Buenos Aires,Alto,Surgeon
766,Angelita Talavera Nogueira,29,Femenino,Formosa,Alto,Arts administrator
767,Gracia Requena,41,Masculino,Córdoba,Medio,Actuary
768,Anita Serrano Escamilla,51,Femenino,Santa Cruz,Alto,Curator
769,Nélida Manuel Garcia,70,Femenino,Corrientes,Medio,"Scientist, research (maths)"
770,Efraín Roura Ayuso,74,Femenino,Formosa,Alto,Passenger transport manager
771,Cristian Narváez Jordá,25,Femenino,Chubut,Bajo,"Engineer, structural"
772,Estefanía Tejero-Almansa,35,Femenino,Misiones,Bajo,Tax adviser
773,Amado Luján,74,Masculino,Chubut,Medio,Glass blower/designer
774,Raquel López Peiró,65,Femenino,Entre Ríos,Medio,Facilities manager
775,Godofredo Barroso Dueñas,22,Masculino,Corrientes,Medio,Aid worker
776,Macario de Valencia,43,Femenino,Mendoza,Alto,"Programmer, applications"
777,Casandra Carrera Vera,47,Masculino,Mendoza,Bajo,English as a second language teacher
778,Rosalva Lucas,71,Femenino,Entre Ríos,Medio,"Surveyor, insurance"
779,Nazario Corominas Priego,30,Femenino,La Pampa,Bajo,Press photographer
780,Fidela Montero Caballero,36,Femenino,San Juan,Bajo,Radiation protection practitioner
781,Ciriaco del Rodríguez,46,Masculino,San Luis,Medio,"Scientist, product/process development"
782,Julieta Juárez Muro,20,Masculino,Córdoba,Bajo,"Therapist, occupational"
783,Ignacia Barriga Palacios,43,Femenino,Santiago del Estero,Medio,"Accountant, chartered"
784,Omar Román Tovar,57,Femenino,CABA,Medio,Horticultural therapist
785,Lucila Chacón,29,Masculino,Mendoza,Bajo,"Production assistant, radio"
786,Armando del Tejero,19,Otro,Tierra del Fuego,Medio,"Horticulturist, commercial"
787,Jose Ramón Blazquez,28,Femenino,La Pampa,Medio,Chartered legal executive (England and Wales)
788,Wálter Oller Elías,61,Masculino,Buenos Aires,Bajo,"Engineer, agricultural"
789,Angelita Perea-Ribas,45,Femenino,Tucumán,Bajo,"Teacher, special educational needs"
790,Lidia Noemí Núñez Infante,35,Femenino,CABA,Alto,Building control surveyor
791,Che Aller Aranda,30,Masculino,Salta,Medio,Dispensing optician
792,Jennifer Cisneros,54,Masculino,Entre Ríos,Bajo,Scientific laboratory technician
793,Julián Luque Guijarro,39,Femenino,CABA,Bajo,Race relations officer
794,Iker Linares Sanchez,29,Femenino,Córdoba,Medio,Market researcher
795,Domingo Huguet Rosales,19,Masculino,Santiago del Estero,Medio,"Scientist, research (life sciences)"
796,Julio Piquer,54,Femenino,Chubut,Bajo,Early years teacher
797,Raquel Barrena Guardia,24,Femenino,Río Negro,Medio,Food technologist
798,Manu Fuentes Moreno,43,Femenino,Entre Ríos,Medio,Probation officer
799,Moreno Nadal Aragonés,43,Masculino,San Luis,Medio,Tourism officer
800,Kike Juan Carlos Salas Valencia,41,Femenino,Río Negro,Bajo,Jewellery designer
801,Régulo León Guijarro,29,Masculino,Mendoza,Medio,Heritage manager
802,Martina Valenzuela-Montesinos,33,Masculino,Santa Cruz,Bajo,Brewing technologist
803,Toni Aguirre Saez,40,Masculino,Corrientes,Alto,"Scientist, research (maths)"
804,Leocadio Bautista Solano Calderón,57,Femenino,Río Negro,Medio,Artist
805,Abilio de Lara,26,Femenino,Tierra del Fuego,Medio,Quality manager
806,Germán Sanabria Cabañas,49,Masculino,Río Negro,Medio,Science writer
807,Desiderio Moreno Gallo Carranza,32,Femenino,La Rioja,Medio,"Development worker, international aid"
808,Haroldo Domínguez Tamayo,54,Masculino,Misiones,Alto,Broadcast journalist
809,Isabela Sanmiguel Duarte,30,Masculino,Tucumán,Bajo,Field seismologist
810,Melisa Zaira Murcia Sebastián,22,Otro,San Juan,Medio,Financial manager
811,Bautista Ayala-Sacristán,28,Femenino,San Juan,Bajo,Actor
812,Benita Sanjuan Font,27,Masculino,Río Negro,Bajo,Manufacturing systems engineer
813,Bartolomé Pinedo Cuadrado,69,Femenino,Santa Cruz,Medio,Sports development officer
814,Leoncio Abad Sebastián,30,Masculino,Río Negro,Medio,"Psychotherapist, dance movement"
815,Elvira Adelaida Iniesta Pino,58,Masculino,Mendoza,Medio,"Therapist, nutritional"
816,Milagros Verdejo-Portillo,70,Femenino,Formosa,Medio,Chiropractor
817,Roque Becerra Ros,63,Femenino,Formosa,Medio,Insurance claims handler
818,Irma Torrents Poza,67,Masculino,Mendoza,Alto,"Accountant, chartered public finance"
819,Nando Benitez Barrena,32,Femenino,Chaco,Bajo,Audiological scientist
820,Fabiola Segura Rodríguez,59,Femenino,Formosa,Medio,"Scientist, biomedical"
821,Armando Pinilla,73,Masculino,Neuquén,Medio,Social worker
822,Rubén Fernández-Torralba,24,Femenino,Misiones,Bajo,Materials engineer
823,Ramón Vazquez-Perales,57,Femenino,San Luis,Bajo,Adult guidance worker
824,Casandra Lobato,45,Femenino,La Rioja,Medio,Diplomatic Services operational officer
825,Buenaventura Peña Terrón,49,Femenino,Santa Fe,Bajo,"Psychologist, clinical"
826,Lola de Olmo,52,Femenino,Córdoba,Bajo,Sport and exercise psychologist
827,Arturo Alemany Uriarte,32,Masculino,Catamarca,Bajo,Oncologist
828,Chucho Guerrero Alarcón,65,Femenino,Santiago del Estero,Bajo,Retail manager
829,Adolfo Lasa Carpio,53,Femenino,Santa Cruz,Medio,"Programme researcher, broadcasting/film/video"
830,Sosimo de Cifuentes,38,Masculino,Río Negro,Medio,Midwife
831,Concepción Chacón Mayoral,23,Femenino,Santa Cruz,Bajo,Paediatric nurse
832,Marino Tomé Alcántara,18,Femenino,Tucumán,Medio,"Designer, textile"
833,Amor Nicodemo Moles Tomás,21,Femenino,Tierra del Fuego,Bajo,"Horticulturist, commercial"
834,Nélida Losa Calderón,28,Masculino,Salta,Medio,Multimedia specialist
835,Bernarda Vaquero Quintero,61,Masculino,Río Negro,Medio,Astronomer
836,Emma Ortuño Meléndez,43,Femenino,Córdoba,Medio,"Scientist, forensic"
837,Benigna Quintana Córdoba,54,Masculino,Entre Ríos,Medio,Art therapist
838,Martirio Garriga Pons,40,Femenino,San Luis,Medio,"Scientist, research (maths)"
839,Adolfo Aguilar Fiol,46,Masculino,CABA,Medio,"Engineer, aeronautical"
840,Concha Baquero Llobet,38,Masculino,Misiones,Medio,Architectural technologist
841,Ciriaco Roda Lobo,65,Masculino,Santiago del Estero,Medio,Phytotherapist
842,Nerea Raya Tirado,62,Masculino,La Rioja,Alto,Network engineer
843,Diego Roda Sancho,62,Femenino,Salta,Medio,"Nurse, learning disability"
844,Pepe Nicolás Coloma,66,Masculino,Neuquén,Medio,Chemical engineer
845,Poncio Clavero Perez,44,Masculino,San Juan,Bajo,Multimedia specialist
846,César Agustín,56,Masculino,Río Negro,Alto,"Administrator, sports"
847,Rufino Matas Roig,57,Femenino,Mendoza,Bajo,Comptroller
848,Maite del Piquer,30,Masculino,Santa Fe,Bajo,Merchant navy officer
849,Marianela Muro-Clavero,40,Femenino,Salta,Bajo,Clinical psychologist
850,Águeda Arrieta,33,Femenino,Entre Ríos,Alto,Radio broadcast assistant
851,Saturnina Frías,47,Femenino,Buenos Aires,Alto,"Scientist, biomedical"
852,Ainoa Roca Cerezo,21,Femenino,Catamarca,Alto,Youth worker
853,Leoncio Uría,57,Femenino,Río Negro,Medio,Purchasing manager
854,Maximino Agudo-Montenegro,33,Femenino,CABA,Medio,Dancer
855,Delfina Ibáñez,48,Masculino,Neuquén,Alto,Corporate investment banker
856,Juan Luis Vega-Calderon,70,Masculino,Buenos Aires,Alto,Chartered public finance accountant
857,Diego Montoya Baró,59,Masculino,Formosa,Medio,Health promotion specialist
858,Ciro Pablo Castañeda,42,Femenino,Río Negro,Bajo,Agricultural engineer
859,Ibán Piñeiro Pascual,61,Otro,Chaco,Medio,"Presenter, broadcasting"
860,Alba Prieto Ferrández,29,Femenino,La Rioja,Alto,Occupational psychologist
861,Hector Teodosio Baños Garcés,43,Masculino,Buenos Aires,Alto,Multimedia programmer
862,Inocencio Zabaleta Ordóñez,54,Femenino,Buenos Aires,Alto,Legal executive
863,Eric Garrido Lorenzo,65,Masculino,Corrientes,Alto,Theme park manager
864,Visitación Cámara Bermudez,50,Masculino,San Juan,Alto,Solicitor
865,Flavia de Rios,45,Masculino,Tierra del Fuego,Medio,Interpreter
866,Petrona Benet Mulet,26,Masculino,Tierra del Fuego,Medio,Ship broker
867,Dionisia Sanabria Salvador,29,Femenino,Neuquén,Bajo,Advertising art director
868,Fanny Ballester-Solera,22,Masculino,Mendoza,Medio,Manufacturing engineer
869,Florencia Gisbert-Galiano,71,Masculino,Río Negro,Medio,Special educational needs teacher
870,Nydia Bilbao Guerrero,69,Femenino,Corrientes,Alto,"Engineer, chemical"
871,Sabina María Belén Castells Ibañez,71,Femenino,Río Negro,Medio,Recycling officer
872,Luz Coca-Rincón,45,Femenino,Mendoza,Bajo,Customer service manager
873,Moreno Álvarez Amat,73,Masculino,Misiones,Bajo,Volunteer coordinator
874,Concha Gargallo Blanch,52,Femenino,Salta,Medio,"Designer, exhibition/display"
875,Vera del Gual,22,Femenino,La Rioja,Medio,Podiatrist
876,Inés Landa Manso,51,Masculino,Tucumán,Bajo,Housing manager/officer
877,María Carmen Verdú Oliva,63,Femenino,Tucumán,Bajo,Environmental health practitioner
878,Tito Anastasio Carrera Lozano,51,Masculino,Santa Cruz,Medio,Illustrator
879,Hernando Pablo Canales,30,Masculino,Mendoza,Bajo,Visual merchandiser
880,Amador del Blázquez,56,Femenino,Tucumán,Bajo,Clinical molecular geneticist
881,Custodio Caparrós Pedrosa,59,Femenino,Santa Cruz,Bajo,"Psychologist, occupational"
882,Alex Renato Amorós Moll,62,Masculino,Neuquén,Medio,Nutritional therapist
883,Fabio Frutos-Lamas,65,Femenino,Tucumán,Medio,Architectural technologist
884,Casandra Sierra Sebastián,31,Femenino,Santa Fe,Bajo,"Designer, industrial/product"
885,Primitivo Cortes Montaña,28,Femenino,Chaco,Alto,Advice worker
886,Amalia Angulo Cañellas,59,Masculino,Santiago del Estero,Bajo,Technical brewer
887,Gustavo Manjón Pla,55,Femenino,CABA,Bajo,Make
888,Fidel Malo Pedraza,21,Masculino,San Juan,Bajo,Outdoor activities/education manager
889,Graciano Rojas Vila,70,Femenino,CABA,Bajo,Actor
890,Fortunato Gabriel Manjón Hurtado,50,Masculino,Neuquén,Bajo,Museum education officer
891,Mireia Redondo Briones,24,Masculino,San Luis,Bajo,"Merchandiser, retail"
892,Carlito Corral Juárez,73,Femenino,Neuquén,Medio,Pharmacologist
893,Ámbar Folch Palau,58,Masculino,Santa Cruz,Medio,"Conservator, museum/gallery"
894,Consuela Nilda Castell Palau,25,Masculino,Jujuy,Medio,Clothing/textile technologist
895,Arsenio Iñiguez Guzmán,54,Masculino,Tucumán,Medio,Commercial/residential surveyor
896,Margarita Carbajo Pinto,68,Femenino,Santa Cruz,Bajo,Geographical information systems officer
897,Leopoldo David Sobrino Bayona,27,Masculino,La Pampa,Alto,"Therapist, nutritional"
898,Severo Azorin Sureda,60,Femenino,Jujuy,Bajo,Professor Emeritus
899,Zaira Amaya Samper,74,Masculino,Tierra del Fuego,Medio,"Editor, commissioning"
900,Anselma Lumbreras Pina,32,Masculino,Chubut,Bajo,Public librarian
901,Patricia Chaparro Bastida,55,Masculino,Formosa,Alto,Environmental education officer
902,Rico Azorin Bermejo,32,Femenino,Santa Cruz,Medio,Seismic interpreter
903,Roldán Giner Vizcaíno,22,Masculino,San Luis,Bajo,Emergency planning/management officer
904,Albano Belda,46,Masculino,Mendoza,Medio,"Surveyor, insurance"
905,Eutimio Salvador,36,Otro,San Juan,Bajo,Facilities manager
906,Manuela Cabrero Zamorano,71,Femenino,Salta,Medio,Counselling psychologist
907,Fidela de Ferrándiz,68,Masculino,Córdoba,Medio,Games developer
908,Narciso Feijoo Perez,27,Masculino,Jujuy,Bajo,Market researcher
909,Laura Serra,29,Femenino,CABA,Bajo,Training and development officer
910,Lupe Rey Rivas,71,Masculino,Tucumán,Bajo,Midwife
911,Amada Ariza Monreal,21,Masculino,Córdoba,Medio,Commissioning editor
912,Cornelio Arévalo Varela,48,Femenino,Santa Fe,Bajo,Photographer
913,Sabina Sarabia-Pombo,35,Femenino,Mendoza,Medio,General practice doctor
914,Melchor Quintero Valderrama,33,Femenino,San Juan,Alto,Science writer
915,Julio César de Miguel,57,Masculino,Corrientes,Bajo,Geophysical data processor
916,Roque José Antonio Sandoval Maldonado,53,Masculino,CABA,Alto,"Designer, textile"
917,Evelia Llobet Suarez,42,Femenino,Misiones,Medio,Community development worker
918,Azahar del Naranjo,40,Masculino,Chubut,Bajo,"Engineer, aeronautical"
919,Américo Demetrio Catalán Arribas,29,Femenino,San Juan,Medio,"Therapist, drama"
920,Desiderio Hernandez Arranz,51,Femenino,La Pampa,Medio,Research scientist (physical sciences)
921,Daniela Almeida Bustos,53,Masculino,Jujuy,Medio,"Clinical scientist, histocompatibility and immunogenetics"
922,Prudencia Estrada-Caro,54,Femenino,La Pampa,Bajo,"Designer, interior/spatial"
923,Luisa Miró,20,Femenino,CABA,Bajo,Quarry manager
924,Omar Jose Manuel Quintero Martí,26,Femenino,Neuquén,Medio,Audiological scientist
925,Noelia Varela Montserrat,70,Masculino,Corrientes,Medio,"Nurse, children's"
926,Xavier Valenzuela,35,Masculino,Formosa,Medio,"Scientist, marine"
927,Casemiro del Priego,60,Femenino,Chubut,Bajo,Public librarian
928,Javi Morell Pastor,52,Masculino,Corrientes,Medio,Information systems manager
929,Maricela Jurado Rodrigo,74,Otro,Santa Cruz,Alto,Speech and language therapist
930,Juan José Aarón Bonet Prat,72,Masculino,CABA,Bajo,Trade union research officer
931,Jose Ramón Pareja,51,Femenino,Catamarca,Bajo,Politician's assistant
932,Jose Antonio de Santiago,58,Masculino,CABA,Alto,Sales promotion account executive
933,Aura Aragón Ferrán,31,Femenino,Santa Fe,Medio,Phytotherapist
934,Pacífica del Gascón,21,Masculino,Santiago del Estero,Medio,Retail merchandiser
935,Adora Fuertes Aznar,46,Masculino,Tierra del Fuego,Alto,Hospital pharmacist
936,Armida Batlle Morell,58,Masculino,San Luis,Medio,Chiropodist
937,Julieta Porcel Cañas,62,Femenino,Chaco,Bajo,Investment analyst
938,Elvira Mateu Ros,67,Masculino,Tucumán,Medio,Arboriculturist
939,Abril Jerez Cisneros,32,Femenino,Santa Cruz,Medio,Careers information officer
940,Paco Diaz Rozas,45,Femenino,Corrientes,Alto,Podiatrist
941,Lilia de Lago,59,Masculino,Santiago del Estero,Bajo,Orthoptist
942,Bernarda Múgica Pellicer,33,Femenino,Corrientes,Medio,Careers information officer
943,Mayte Rius Coronado,29,Masculino,Salta,Medio,Pathologist
944,Nilo Cleto Esteve Cazorla,69,Otro,San Luis,Bajo,Horticultural therapist
945,Angélica Madrid Valdés,22,Femenino,Santiago del Estero,Bajo,"Psychologist, counselling"
946,Gracia Blanco Alvarez,51,Masculino,Río Negro,Alto,"Engineer, water"
947,Victor Ávila-Clemente,59,Masculino,Catamarca,Medio,Civil Service fast streamer
948,Plinio del Sans,18,Masculino,Neuquén,Medio,Marketing executive
949,Marcelo Vilaplana Gámez,56,Otro,Misiones,Alto,Hydrographic surveyor
950,Berto David Barral Gimeno,49,Masculino,Neuquén,Bajo,"Social research officer, government"
951,Marcelo Barrera Tena,43,Femenino,Misiones,Alto,Haematologist
952,Beatriz Gallart-Valbuena,34,Masculino,Corrientes,Medio,Medical laboratory scientific officer
953,Camila Sosa-Arcos,65,Femenino,Catamarca,Medio,Print production planner
954,Merche Aguiló-Peñalver,44,Masculino,Salta,Medio,Barista
955,Natanael del Velasco,41,Femenino,Jujuy,Alto,Field seismologist
956,Azahar Amada Escribano Escrivá,52,Femenino,Neuquén,Bajo,"Engineer, manufacturing"
957,Nacio Cuenca Morillo,63,Femenino,Córdoba,Bajo,Retail banker
958,Eutropio Vázquez Elías,59,Masculino,Salta,Bajo,Data scientist
959,Victoriano Calzada Ponce,71,Masculino,Salta,Bajo,Corporate investment banker
960,Chema Gisbert Alcázar,56,Masculino,Misiones,Medio,Oncologist
961,Íñigo Mendizábal Cabrero,43,Femenino,Tucumán,Alto,Publishing rights manager
962,Genoveva Tolosa Agullo,66,Masculino,San Juan,Alto,Cabin crew
963,Gerardo Paz-Belda,55,Femenino,Chubut,Bajo,"Surveyor, mining"
964,Sandra Barriga Matas,40,Masculino,Entre Ríos,Medio,"Surveyor, building"
965,Alba Piquer Escolano,39,Femenino,Corrientes,Medio,Personnel officer
966,Gastón Amaro Ayllón Martorell,21,Femenino,Tierra del Fuego,Bajo,Geochemist
967,Calista Álvarez Bueno,66,Femenino,Chaco,Medio,Structural engineer
968,Pascuala Barrio,26,Masculino,San Juan,Alto,Set designer
969,Ani Bauzà Narváez,21,Masculino,Chubut,Alto,Animal nutritionist
970,Alma Blanco,24,Masculino,Río Negro,Bajo,Technical sales engineer
971,Emelina Carlos Chamorro,40,Masculino,Misiones,Medio,Dance movement psychotherapist
972,Bernarda Portero,19,Femenino,San Luis,Bajo,"Therapist, nutritional"
973,Artemio del Torre,66,Femenino,Misiones,Bajo,"Conservator, museum/gallery"
974,Saturnina Galiano Sanjuan,41,Femenino,Formosa,Medio,Telecommunications researcher
975,Román Valencia,57,Masculino,Córdoba,Alto,Human resources officer
976,Miguela Córdoba Ribas,72,Femenino,Salta,Alto,Public librarian
977,Rosa María Molina Lobo,48,Femenino,San Luis,Alto,Hydrogeologist
978,Merche Lola Perelló Calderon,64,Femenino,La Rioja,Alto,Information systems manager
979,Virgilio Amaro Benavente Rubio,48,Masculino,Chaco,Bajo,Intelligence analyst
980,Virginia Seco Jáuregui,64,Masculino,Río Negro,Medio,Consulting civil engineer
981,Candelaria Luz Nicolás,57,Masculino,La Pampa,Bajo,"Engineer, water"
982,Celso Benito Sebastián Lara,65,Femenino,Santiago del Estero,Bajo,Learning mentor
983,Jennifer de Blanco,68,Femenino,Chaco,Medio,Merchant navy officer
984,Otilia Neira Cisneros,60,Masculino,Salta,Medio,"Engineer, agricultural"
985,Azahar Ramis Marquez,51,Masculino,Entre Ríos,Medio,Immigration officer
986,Teófilo Sanz-Soriano,72,Femenino,Misiones,Bajo,Chief Financial Officer
987,Ximena Nebot Amador,41,Femenino,CABA,Bajo,Set designer
988,Gala Saavedra Villaverde,66,Masculino,La Pampa,Bajo,Broadcast engineer
989,Rosa María del Ferrando,43,Femenino,La Pampa,Bajo,Emergency planning/management officer
990,Luis Ángel Sotelo Bastida,33,Otro,Tucumán,Bajo,Television/film/video producer
991,Carla Jenny Bellido Romeu,74,Femenino,Santiago del Estero,Medio,Pension scheme manager
992,Tecla Oller Bernat,64,Masculino,Tucumán,Medio,Film/video editor
993,Faustino de Saez,30,Femenino,Córdoba,Medio,Chartered accountant
994,Silvia Nuñez,32,Femenino,Santa Fe,Medio,Information systems manager
995,Heliodoro Berenguer Cueto,44,Masculino,Santa Fe,Bajo,"Social research officer, government"
996,Lalo Tejero-Capdevila,21,Femenino,Misiones,Alto,"Development worker, community"
997,Erasmo Molina Acuña,33,Femenino,Jujuy,Bajo,"Nurse, learning disability"
998,Eva María del Borrás,47,Femenino,Entre Ríos,Medio,Customer service manager
999,Arcelia Salinas Soriano,61,Masculino,Corrientes,Alto,"Surveyor, planning and development"
1000,Amarilis Carrasco Abril,47,Femenino,Entre Ríos,Alto,Health visitor
1001,Jose Carlos Raya Villalba,53,Femenino,Entre Ríos,Bajo,"Teacher, English as a foreign language"
1002,Florinda Miranda-Asenjo,20,Masculino,Tierra del Fuego,Medio,Chief Marketing Officer
1003,Esteban Roman Bernad,39,Femenino,CABA,Bajo,Ergonomist
1004,Alba Uribe Luís,66,Femenino,Río Negro,Bajo,Tourist information centre manager
1005,Susana de Reig,39,Femenino,Formosa,Bajo,"Sales professional, IT"
1006,Sofía Donaire,67,Masculino,Mendoza,Alto,Claims inspector/assessor
1007,Imelda del Vigil,74,Femenino,Tierra del Fuego,Alto,Neurosurgeon
1008,Manu Ocaña Trillo,67,Masculino,La Rioja,Bajo,"Surveyor, mining"
1009,Jose Somoza Gonzalez,72,Masculino,Santiago del Estero,Medio,Training and development officer
1010,Dan Cabrera,66,Femenino,Salta,Alto,Medical technical officer
1011,Olivia Dueñas-Figuerola,29,Masculino,CABA,Medio,Dietitian
1012,Reyes Ochoa Zapata,72,Femenino,Mendoza,Bajo,Broadcast journalist
1013,Maricela Canals,38,Masculino,Buenos Aires,Medio,Marketing executive
1014,Elpidio Barrera Bayona,73,Masculino,San Luis,Medio,Mechanical engineer
1015,Marcio Águila Padilla,21,Masculino,La Pampa,Medio,Air cabin crew
1016,Virgilio Lozano Camps,48,Otro,Chubut,Medio,Hotel manager
1017,Edgardo Cerro Castilla,61,Femenino,Buenos Aires,Medio,Research scientist (maths)
1018,Aránzazu Hervia Llabrés,48,Femenino,Santa Cruz,Bajo,Archaeologist
1019,Beatriz Caparrós Valls,40,Masculino,Mendoza,Bajo,IT trainer
1020,Carlos Villena Colomer,71,Masculino,Entre Ríos,Bajo,Insurance underwriter
1021,María Del Carmen Parra Cazorla,70,Otro,Córdoba,Medio,"Psychologist, occupational"
1022,Ascensión Bonilla Tena,37,Masculino,Salta,Bajo,"Psychologist, prison and probation services"
1023,Godofredo Salinas Cal,32,Masculino,La Rioja,Medio,Geophysicist/field seismologist
1024,Sandra Lobato Alvarado,40,Femenino,Buenos Aires,Medio,Hydrographic surveyor
1025,Buenaventura Recio Estévez,45,Masculino,Catamarca,Medio,Archivist
1026,Vera Hierro-Canales,33,Femenino,Misiones,Alto,Administrator
1027,Daniela Galván Madrigal,54,Femenino,Entre Ríos,Medio,Glass blower/designer
1028,Ana Belén Arco Bellido,38,Masculino,La Pampa,Alto,"Engineer, maintenance (IT)"
1029,Ricardo Salvà Estevez,32,Masculino,Misiones,Medio,"Therapist, occupational"
1030,Édgar Rico Aguilera,34,Masculino,Entre Ríos,Bajo,Chief Financial Officer
1031,Calista Gonzalez-Barbero,67,Femenino,Catamarca,Alto,Dentist
1032,Josefa Capdevila Galán,54,Femenino,Corrientes,Alto,Public relations officer
1033,Cristian Reig Saura,30,Masculino,San Luis,Alto,"Scientist, product/process development"
1034,Vanesa Santiago Bosch,36,Masculino,Chaco,Medio,Industrial/product designer
1035,Aristides de Álvaro,47,Femenino,Río Negro,Medio,Chief of Staff
1036,Virgilio Guzmán Almazán,62,Femenino,Mendoza,Bajo,Art gallery manager
1037,Ramona Piñeiro Carballo,35,Masculino,Santa Cruz,Medio,Commercial/residential surveyor
1038,Clemente Arroyo Sosa,31,Masculino,San Luis,Bajo,"Scientist, product/process development"
1039,Rita de Batalla,53,Masculino,Chubut,Bajo,Food technologist
1040,Victorino Andrade Clavero,53,Femenino,Tierra del Fuego,Medio,Copy
1041,Narcisa Rufina Coloma Barbero,37,Otro,Chubut,Medio,Child psychotherapist
1042,Eladio Ortega Benavente,69,Masculino,Santa Cruz,Bajo,Production manager
1043,Porfirio Diéguez Vilalta,36,Femenino,Tucumán,Medio,Barrister
1044,Aitana Tomás-Almeida,62,Masculino,Chaco,Alto,Chartered management accountant
1045,Rafael Suárez Bejarano,61,Masculino,CABA,Medio,IT sales professional
1046,Leoncio Rodrigo Pi,24,Masculino,Mendoza,Medio,"Lecturer, higher education"
1047,Lisandro Arrieta Pedrosa,74,Femenino,Río Negro,Alto,Musician
1048,Rosaura Prudencia Manso Garriga,61,Femenino,Santiago del Estero,Bajo,"Producer, radio"
1049,Adelaida Arteaga Palomino,70,Femenino,CABA,Medio,Computer games developer
1050,Aitor Vara Francisco,21,Masculino,San Luis,Bajo,Recycling officer
1051,Pancho de Falcón,51,Masculino,Salta,Bajo,Production manager
1052,Lilia Cuevas Lucena,19,Masculino,Chubut,Medio,Tourist information centre manager
1053,Chus Mora Méndez,22,Femenino,San Juan,Medio,Waste management officer
1054,Cruz Gutierrez,72,Masculino,Tierra del Fuego,Bajo,Press sub
1055,Gil Egea Agustí,27,Femenino,Santa Fe,Bajo,Politician's assistant
1056,Teodoro del Moreno,49,Masculino,San Juan,Medio,Higher education careers adviser
1057,Leonel Azorin Novoa,59,Masculino,Entre Ríos,Medio,Chiropractor
1058,Blas Juliá Roca,58,Masculino,Neuquén,Medio,"Engineer, control and instrumentation"
1059,Diego Nebot-Ureña,30,Masculino,Mendoza,Bajo,Public relations account executive
1060,Jordana Espada Peiró,56,Masculino,Mendoza,Medio,"Production designer, theatre/television/film"
1061,Azahara Morera Gomis,22,Masculino,Río Negro,Bajo,Customer service manager
1062,Guadalupe del Marti,27,Femenino,Santiago del Estero,Bajo,Graphic designer
1063,Jose Antonio Verdú Mayoral,27,Femenino,Santa Cruz,Medio,Geophysical data processor
1064,Fabricio Cueto Yuste,55,Masculino,Mendoza,Medio,Teaching laboratory technician
1065,Estela Díez,44,Masculino,Santa Cruz,Bajo,Consulting civil engineer
1066,Paz Oriana Moliner Frías,68,Masculino,CABA,Bajo,Herbalist
1067,Josep Toledo Barrera,38,Masculino,Catamarca,Medio,Lexicographer
1068,Macarena Rodriguez Pablo,25,Masculino,Neuquén,Bajo,Occupational hygienist
1069,Soraya Bustamante,18,Femenino,Tierra del Fuego,Bajo,Building control surveyor
1070,Toni Toro Villegas,45,Masculino,San Luis,Medio,Data processing manager
1071,Fabiana Burgos,66,Masculino,Mendoza,Bajo,Naval architect
1072,Milagros Nadal,56,Masculino,Chubut,Bajo,Clinical cytogeneticist
1073,Sandra Ramírez,31,Masculino,Santiago del Estero,Alto,"Doctor, hospital"
1074,Daniela Falcón-Duque,38,Femenino,Córdoba,Medio,Higher education lecturer
1075,Samuel Fernández,47,Masculino,Misiones,Medio,Air cabin crew
1076,Candelas Cuadrado Ugarte,38,Masculino,Chaco,Medio,Race relations officer
1077,Asunción Figueras Macias,66,Femenino,Santiago del Estero,Medio,Community arts worker
1078,Vicente Belmonte Villar,26,Masculino,San Luis,Alto,Bonds trader
1079,Tiburcio Vendrell Alvarez,34,Femenino,Tierra del Fuego,Medio,Electronics engineer
1080,Amalia Elías Doménech,22,Femenino,Corrientes,Bajo,Air traffic controller
1081,Matilde Milagros Garzón Porras,74,Masculino,Chaco,Medio,Clothing/textile technologist
1082,Cecilia del Buendía,48,Femenino,CABA,Medio,General practice doctor
1083,Matías Sanjuan Riquelme,69,Masculino,Corrientes,Medio,Health physicist
1084,Dora Castell,57,Femenino,Catamarca,Medio,Associate Professor
1085,Víctor Jose Ignacio Roma Alcántara,55,Masculino,Neuquén,Alto,IT consultant
1086,Victorino Calderon Cornejo,60,Masculino,Buenos Aires,Medio,Site engineer
1087,Chucho Bermúdez-Garcés,36,Femenino,CABA,Bajo,Financial trader
1088,Isa Batalla,53,Femenino,Jujuy,Bajo,Microbiologist
1089,Demetrio Juan,67,Otro,Río Negro,Medio,"Merchandiser, retail"
1090,Elodia Valcárcel Vazquez,50,Femenino,Neuquén,Bajo,"Biochemist, clinical"
1091,Ruperta Casal Vigil,30,Masculino,Tucumán,Bajo,Training and development officer
1092,Etelvina Prats,31,Masculino,Neuquén,Bajo,"Runner, broadcasting/film/video"
1093,Valeria Díaz Roda,73,Masculino,Misiones,Bajo,General practice doctor
1094,Jeremías Valbuena Araujo,50,Masculino,Santiago del Estero,Alto,"Exhibitions officer, museum/gallery"
1095,Gustavo Fernando Cruz Neira,46,Masculino,Misiones,Bajo,Public relations officer
1096,Juan José Carrasco Lucas,60,Femenino,Córdoba,Bajo,Occupational therapist
1097,Paloma Tello Álvarez,66,Masculino,Misiones,Bajo,"Therapist, art"
1098,Miguela de Mosquera,53,Masculino,Salta,Medio,Research scientist (maths)
1099,Rolando Sáenz Blázquez,61,Masculino,San Juan,Bajo,Surgeon
1100,Lina de Carrillo,27,Femenino,Santa Cruz,Medio,"Nurse, learning disability"
1101,Armando Borrás Nadal,48,Femenino,San Luis,Bajo,Dietitian
1102,Esther Catalán Casanovas,23,Femenino,Salta,Medio,"Programme researcher, broadcasting/film/video"
1103,Áurea Ariza Reina,74,Masculino,Río Negro,Medio,"Conservator, furniture"
1104,Saturnina Bravo Arregui,18,Femenino,Entre Ríos,Bajo,Legal executive
1105,Mauricio Royo Serrano,24,Masculino,Corrientes,Medio,Chartered legal executive (England and Wales)
1106,Luz Aroca Marco,44,Femenino,Santa Cruz,Medio,"Lecturer, further education"
1107,Sergio Céspedes Padilla,38,Femenino,La Rioja,Medio,English as a foreign language teacher
1108,Judith de Tena,45,Masculino,Formosa,Medio,Dancer
1109,Rico Valdés Chamorro,33,Femenino,Misiones,Medio,Actuary
1110,Gabino Matas Ayuso,73,Femenino,Santa Cruz,Medio,"Teacher, adult education"
1111,Azahar Gallart Guillén,63,Masculino,Buenos Aires,Medio,"Engineer, production"
1112,Fidela del Clavero,40,Femenino,Jujuy,Bajo,Physiotherapist
1113,Fabián del Bonilla,69,Masculino,Salta,Bajo,"Pharmacist, hospital"
1114,Brunilda Rios Guardiola,37,Masculino,Salta,Medio,Chartered management accountant
1115,Miguel Ángel Lamas Lloret,55,Masculino,Salta,Alto,"Production assistant, television"
1116,Alfonso del Mayol,71,Masculino,Chaco,Alto,Actor
1117,Pastora Roda Arteaga,42,Femenino,Salta,Alto,Retail buyer
1118,Olivia Carro Rodríguez,45,Masculino,San Juan,Medio,"Presenter, broadcasting"
1119,Custodio Serra Pedrosa,22,Femenino,Santa Cruz,Medio,Event organiser
1120,Marisela Benito,73,Masculino,Tierra del Fuego,Medio,Public house manager
1121,Sandra Losada Aguado,38,Otro,CABA,Medio,Patent attorney
1122,Cesar Maximiliano Doménech Canales,35,Femenino,Entre Ríos,Medio,Multimedia specialist
1123,María Luisa del Velasco,64,Femenino,Mendoza,Bajo,Product designer
1124,Trini Tudela-Manrique,23,Masculino,Tierra del Fuego,Bajo,Regulatory affairs officer
1125,Hernando Batlle Giner,74,Masculino,Santiago del Estero,Medio,"Designer, fashion/clothing"
1126,Eligio Pou Leal,46,Masculino,Santa Cruz,Medio,Cartographer
1127,Albina Riera Julián,36,Femenino,Santiago del Estero,Bajo,"Geologist, wellsite"
1128,Zaida Benitez Rios,50,Femenino,Neuquén,Bajo,Cartographer
1129,Flavio del Acevedo,18,Masculino,Santa Cruz,Alto,Architect
1130,Prudencia del Salcedo,62,Masculino,Tierra del Fuego,Medio,Quarry manager
1131,Guillermo Viña Cámara,20,Femenino,Formosa,Medio,Pension scheme manager
1132,Donato Pulido,59,Masculino,Catamarca,Medio,Psychiatric nurse
1133,Trini Pía Arias Donoso,38,Femenino,Catamarca,Medio,Minerals surveyor
1134,Lourdes Bertrán Diego,52,Femenino,CABA,Bajo,Tourism officer
1135,Eli Esmeralda Baños Badía,58,Femenino,Buenos Aires,Medio,Marine scientist
1136,Eleuterio del Casanova,57,Masculino,Misiones,Medio,Podiatrist
1137,Abel Muro Diéguez,20,Masculino,Salta,Bajo,Database administrator
1138,Luís Porcel Ponce,42,Femenino,Mendoza,Bajo,Chief Executive Officer
1139,Mayte Márquez Pinto,62,Femenino,San Luis,Bajo,Radiation protection practitioner
1140,Cándido Rivas-Requena,55,Masculino,Tierra del Fuego,Medio,Civil Service fast streamer
1141,Gema Santiago Ferrera,62,Masculino,Neuquén,Bajo,Paramedic
1142,Melisa Barroso Miguel,72,Femenino,Misiones,Medio,Marketing executive
1143,Loida Marín Tirado,37,Femenino,CABA,Medio,Exhibition designer
1144,Jonatan Moya Murillo,69,Femenino,Corrientes,Medio,Claims inspector/assessor
1145,Herminio Alemany Goicoechea,61,Otro,Salta,Medio,"Geologist, engineering"
1146,Dan de Castellanos,62,Masculino,San Juan,Bajo,Archivist
1147,Virgilio Guzman,51,Masculino,Córdoba,Medio,Pensions consultant
1148,Manolo del Bayona,38,Femenino,Santa Fe,Medio,"Nurse, adult"
1149,Hernando Avilés Machado,73,Femenino,Entre Ríos,Bajo,Clinical molecular geneticist
1150,Angelino Herberto Miralles Ramis,72,Masculino,CABA,Medio,Lobbyist
1151,Cristóbal de Leiva,65,Masculino,Buenos Aires,Alto,"Teacher, music"
1152,Lucas Arnau Alegria,40,Femenino,Río Negro,Bajo,Statistician
1153,Anunciación Laguna Pineda,23,Masculino,Corrientes,Medio,Communications engineer
1154,Onofre Bellido Velázquez,68,Masculino,Santiago del Estero,Medio,Estate manager/land agent
1155,Vidal Bernat Sandoval,70,Femenino,Tucumán,Medio,"Conservator, furniture"
1156,Ángela Valero Alcolea,30,Femenino,La Pampa,Medio,"Teacher, special educational needs"
1157,Cosme Gutiérrez Codina,66,Femenino,Neuquén,Bajo,Housing manager/officer
1158,Mariana Arce Carreño,40,Masculino,Mendoza,Bajo,"Scientist, clinical (histocompatibility and immunogenetics)"
1159,Ruben Josep Vilalta Esteban,26,Femenino,Tucumán,Medio,Quarry manager
1160,Lucía Lara Vendrell Morcillo,34,Femenino,CABA,Medio,Police officer
1161,Bernarda Pareja Criado,19,Femenino,Misiones,Alto,Clinical embryologist
1162,Toni del Sanmartín,36,Femenino,Tucumán,Bajo,Historic buildings inspector/conservation officer
1163,Amílcar Doménech-Niño,36,Masculino,Córdoba,Medio,Geochemist
1164,Bernarda Bermejo,73,Masculino,Formosa,Bajo,"Embryologist, clinical"
1165,Juan José Vicente Acevedo,24,Masculino,Corrientes,Bajo,"Engineer, civil (contracting)"
1166,Julie Fuertes Saez,71,Masculino,San Juan,Medio,Architect
1167,Lalo Anguita Rueda,59,Femenino,Tucumán,Bajo,Accommodation manager
1168,Rosario Sastre Pons,59,Femenino,Formosa,Bajo,Immunologist
1169,Loreto de Gallo,37,Femenino,Tierra del Fuego,Bajo,Water engineer
1170,Lorenza Ana Belén Murcia Pons,26,Femenino,Chaco,Bajo,Printmaker
1171,Toribio Cerdán,34,Masculino,Formosa,Alto,Insurance account manager
1172,Fito Cuadrado Rebollo,44,Masculino,Chaco,Medio,Maintenance engineer
1173,Arturo Rico Abellán,64,Masculino,La Rioja,Bajo,"Engineer, land"
1174,Maura Barrena Gordillo,19,Masculino,Chaco,Alto,"Scientist, water quality"
1175,Marcos Juan Pablo Aranda Vallés,53,Masculino,Tucumán,Medio,Adult guidance worker
1176,Marco Ariño Rius,36,Femenino,Santa Cruz,Alto,"Investment banker, operational"
1177,Cosme Aurelio Villalonga Iniesta,34,Otro,Misiones,Bajo,Race relations officer
1178,Emma Pera,22,Masculino,Tucumán,Medio,Network engineer
1179,Celia Varela Mas,56,Masculino,Tucumán,Alto,Advertising account executive
1180,Paulina Torres Cal,35,Femenino,Corrientes,Bajo,Catering manager
1181,Inocencio Armengol Cerezo,70,Masculino,Mendoza,Alto,Public librarian
1182,Luisina Angélica Alcázar Vargas,71,Femenino,Santiago del Estero,Medio,Research scientist (medical)
1183,Omar Pla,24,Femenino,Entre Ríos,Alto,Training and development officer
1184,Elena Bosch Abad,34,Femenino,Tierra del Fuego,Bajo,Exhibition designer
1185,Zaida Parejo Cámara,56,Masculino,Chubut,Bajo,"Therapist, speech and language"
1186,Perlita Cañellas Bas,53,Femenino,La Rioja,Bajo,Information systems manager
1187,Beatriz del Ripoll,57,Masculino,Mendoza,Alto,Energy manager
1188,Encarnacion Marin Reig,62,Femenino,Santa Cruz,Bajo,Sales promotion account executive
1189,Josefa Moya-Sancho,21,Masculino,Misiones,Medio,Sales promotion account executive
1190,Juan Bautista Ferrando Sánchez,55,Masculino,San Juan,Medio,Marine scientist
1191,Jose Antonio Gual Guijarro,42,Femenino,Tucumán,Bajo,"Teacher, early years/pre"
1192,Lorena Mora-Blanes,22,Femenino,Santa Cruz,Bajo,"Investment banker, corporate"
1193,Julián Revilla Ricart,47,Femenino,Chaco,Medio,Agricultural consultant
1194,Clarisa Álvaro,29,Femenino,Santa Fe,Medio,Rural practice surveyor
1195,Aura Estévez-Bayona,21,Femenino,San Juan,Bajo,Fine artist
1196,Teresita del Cano,41,Masculino,Corrientes,Alto,Illustrator
1197,Charo Sales,46,Femenino,Neuquén,Medio,Prison officer
1198,Olivia Borrego Mateos,26,Femenino,Santa Fe,Medio,"Designer, industrial/product"
1199,Salvador Ávila Arco,21,Femenino,Córdoba,Medio,Comptroller
1200,Cristian Lucas,68,Femenino,Río Negro,Bajo,"Psychologist, clinical"
1201,Nicolás Corral Llorente,41,Masculino,Santa Cruz,Medio,"Surveyor, building"
1202,Ciríaco del Céspedes,31,Femenino,Tucumán,Medio,Acupuncturist
1203,Palmira Armas,22,Masculino,Entre Ríos,Bajo,Advertising account executive
1204,Eliana Rocamora Torre,35,Masculino,Santa Fe,Medio,"Conservation officer, historic buildings"
1205,Dionisia Velasco Gabaldón,59,Femenino,Río Negro,Bajo,"Investment banker, operational"
1206,Josué de Zapata,74,Masculino,Santiago del Estero,Medio,"Journalist, magazine"
1207,Pascuala Corominas Ureña,36,Femenino,Río Negro,Medio,"Administrator, arts"
1208,Dionisio Uribe López,29,Masculino,Catamarca,Medio,"Physicist, medical"
1209,Isaura Bello Folch,35,Masculino,Salta,Bajo,Ship broker
1210,Salomón Hervás-Toledo,34,Femenino,Formosa,Alto,Local government officer
1211,Artemio de Salcedo,47,Femenino,Catamarca,Bajo,Television/film/video producer
1212,Elías Alfonso Sanabria,41,Femenino,Santa Cruz,Medio,Minerals surveyor
1213,Custodia Giralt-Palmer,28,Femenino,Corrientes,Medio,"Scientist, research (life sciences)"
1214,Cristóbal Renato Pedraza Aliaga,52,Femenino,San Juan,Medio,Electronics engineer
1215,Raquel de Mendizábal,40,Masculino,La Rioja,Bajo,Chief Strategy Officer
1216,Marta Ripoll Herrera,34,Masculino,San Luis,Medio,Pathologist
1217,Mauricio Pinto,18,Masculino,Río Negro,Bajo,Automotive engineer
1218,Azahara Pomares Martín,32,Femenino,Santiago del Estero,Medio,Tour manager
1219,Macario de Llorens,49,Femenino,Tucumán,Medio,Naval architect
1220,Fabio Aparicio,26,Masculino,Salta,Medio,Television/film/video producer
1221,Nazaret Adán Verdejo,32,Femenino,Santa Cruz,Medio,Event organiser
1222,Eva Nicolasa Iriarte Antón,45,Femenino,Neuquén,Alto,"Engineer, land"
1223,Galo Olivera Álvaro,41,Masculino,Buenos Aires,Bajo,Outdoor activities/education manager
1224,Victoria Osorio-Roda,52,Masculino,CABA,Alto,Information officer
1225,Nazario Zamora,39,Femenino,Entre Ríos,Bajo,Garment/textile technologist
1226,Isaías Murcia-Perelló,44,Femenino,Santiago del Estero,Medio,Tour manager
1227,Toribio Aurelio Segovia Ródenas,36,Femenino,CABA,Medio,Radio broadcast assistant
1228,Abril Jaén Bayo,62,Masculino,San Luis,Medio,Contractor
1229,Teobaldo Donato Sancho Osuna,29,Otro,Formosa,Bajo,Ship broker
1230,Vinicio Plinio Peral Hernando,37,Masculino,Formosa,Medio,Youth worker
1231,Miguel Uribe Rocha,18,Masculino,Mendoza,Bajo,Regulatory affairs officer
1232,Valentín Ródenas Sosa,38,Otro,Córdoba,Bajo,"Restaurant manager, fast food"
1233,Bernarda de Morales,66,Masculino,Neuquén,Bajo,"Administrator, charities/voluntary organisations"
1234,Bernardino Pons Alfonso,62,Femenino,San Luis,Medio,Call centre manager
1235,Mireia Lorenzo-Cano,18,Masculino,Santa Fe,Bajo,"Engineer, materials"
1236,Noelia de Ferreras,27,Femenino,Neuquén,Bajo,Metallurgist
1237,María Belén Rosalía Martinez Lastra,64,Femenino,San Juan,Bajo,"Programmer, multimedia"
1238,Amor Atienza Dávila,49,Masculino,Corrientes,Bajo,Logistics and distribution manager
1239,Eleuterio Segura Moll,56,Femenino,La Pampa,Medio,IT technical support officer
1240,Lina Escrivá Ariza,39,Masculino,Entre Ríos,Alto,Actor
1241,Norberto Olivares-Elías,35,Femenino,Córdoba,Bajo,Horticultural consultant
1242,Timoteo Quintana-Flor,65,Masculino,Entre Ríos,Medio,"Engineer, communications"
1243,Haydée Valera Tena,63,Masculino,CABA,Medio,Aeronautical engineer
1244,Yéssica Noriega Sarabia,49,Masculino,San Luis,Medio,Dietitian
1245,Macaria Castejón Barba,44,Masculino,Río Negro,Medio,Photographer
1246,Francisca Burgos Paredes,45,Femenino,Corrientes,Bajo,"Psychotherapist, dance movement"
1247,Adelaida Vilar-Clavero,35,Masculino,Jujuy,Medio,Writer
1248,Encarna Antón Ropero,56,Masculino,La Rioja,Bajo,Retail merchandiser
1249,Pío Rivas,66,Masculino,Salta,Bajo,"Pharmacist, hospital"
1250,Abigaíl Gonzalo Francisco,46,Masculino,Corrientes,Medio,Architect
1251,Fanny de Torrent,35,Femenino,Santiago del Estero,Medio,"Geologist, wellsite"
1252,Concepción de Manzanares,61,Otro,Entre Ríos,Bajo,Local government officer
1253,Patricia Salvà-Font,25,Masculino,Corrientes,Medio,Waste management officer
1254,Tomasa Reyes Peiró Mendoza,71,Femenino,Chaco,Medio,Company secretary
1255,Fabiola Quero,48,Femenino,Catamarca,Medio,Dance movement psychotherapist
1256,Emilia Arana Mena,51,Masculino,San Luis,Medio,Armed forces training and education officer
1257,Abel Moreno Saldaña,24,Femenino,Neuquén,Medio,Systems analyst
1258,Pepito Bárcena Díez,53,Femenino,Chaco,Medio,"Engineer, manufacturing systems"
1259,María Luisa Vera-Fernández,35,Femenino,Formosa,Bajo,"Engineer, civil (contracting)"
1260,Nerea de Carretero,55,Femenino,Mendoza,Bajo,Archivist
1261,Ruperta Aznar Peiró,26,Masculino,San Juan,Bajo,Senior tax professional/tax inspector
1262,Azucena Tomé Pineda,26,Femenino,Santa Fe,Medio,Cabin crew
1263,Casandra Guerra Hidalgo,63,Femenino,Río Negro,Medio,Food technologist
1264,Geraldo Barco Solera,25,Femenino,Buenos Aires,Alto,Sports administrator
1265,Filomena Albero Perales,68,Femenino,Chaco,Medio,Midwife
1266,Nicanor Mate,52,Masculino,San Juan,Bajo,"Nurse, adult"
1267,Juan Manuel Rocha Vall,35,Otro,Entre Ríos,Bajo,"Scientist, water quality"
1268,Nazario Giralt Isern,22,Femenino,Santa Cruz,Bajo,Speech and language therapist
1269,Rodolfo de Menendez,31,Masculino,Río Negro,Medio,"Copywriter, advertising"
1270,Vera Rosales Dávila,45,Masculino,Santa Fe,Medio,Bookseller
1271,Hermenegildo de Cárdenas,47,Femenino,La Pampa,Alto,Emergency planning/management officer
1272,Sergio Somoza Cañizares,21,Masculino,Santa Cruz,Medio,"Designer, interior/spatial"
1273,Gabriel Cazorla Zamorano,56,Masculino,Santa Fe,Medio,Health and safety inspector
1274,Eligia Ayuso Carbajo,37,Masculino,Santa Fe,Medio,Photographer
1275,Nereida Lago Grau,42,Masculino,Santa Fe,Alto,"Education officer, environmental"
1276,Guadalupe Castañeda-Palmer,45,Masculino,San Luis,Medio,Quality manager
1277,Andrés Felipe Marco-Rey,29,Masculino,Tierra del Fuego,Medio,"Surveyor, land/geomatics"
1278,Marcos Borrell Bauzà,19,Masculino,San Luis,Medio,Restaurant manager
1279,Wálter Palomares Pazos,60,Femenino,San Juan,Medio,"Designer, graphic"
1280,Rómulo Porcel Solé,31,Femenino,San Luis,Medio,Clinical research associate
1281,Ignacio Julio Valcárcel Mateu,39,Masculino,La Pampa,Bajo,"Accountant, chartered certified"
1282,Rosalva Casas-Batalla,48,Masculino,Catamarca,Bajo,"Therapist, art"
1283,José Ángel Gomis Barbero,40,Femenino,Entre Ríos,Medio,Psychiatrist
1284,Rolando Marquez Urrutia,65,Masculino,Santa Cruz,Medio,"Scientist, clinical (histocompatibility and immunogenetics)"
1285,Casandra Blanca,37,Masculino,San Luis,Bajo,Television/film/video producer
1286,Dimas Bermúdez Ferreras,55,Masculino,Jujuy,Bajo,"Pilot, airline"
1287,Agapito Gimenez Huguet,72,Femenino,Río Negro,Bajo,Land/geomatics surveyor
1288,Ramón Sureda-Gallego,21,Femenino,Chubut,Medio,Customer service manager
1289,Ciriaco Escribano Piña,32,Femenino,Santa Cruz,Bajo,Hospital pharmacist
1290,Félix Bueno Garrido,41,Femenino,Formosa,Bajo,Manufacturing systems engineer
1291,Lola Juliá Lobo,42,Femenino,Entre Ríos,Bajo,Broadcast presenter
1292,Julie Petrona Fernández Montalbán,18,Masculino,La Pampa,Bajo,Social researcher
1293,Teófilo Dimas Cabañas Iñiguez,24,Femenino,Río Negro,Medio,Lobbyist
1294,María Fernanda Ángel-Azcona,74,Masculino,Corrientes,Bajo,Electrical engineer
1295,Francisca Ortega Pol,48,Femenino,Neuquén,Medio,Community arts worker
1296,Leandro Sarmiento Cazorla,29,Femenino,Tucumán,Medio,Marine scientist
1297,Juanito Lara Vera,59,Femenino,Santa Fe,Alto,Copy
1298,Jose Manuel Rozas,22,Masculino,Santa Cruz,Bajo,Recycling officer
1299,Eloísa Hoz Alonso,61,Masculino,Tierra del Fuego,Bajo,"Research officer, government"
1300,Domitila Berrocal Jaén,67,Femenino,Salta,Bajo,Horticultural consultant
1301,Berta Mateos Mercader,59,Femenino,Córdoba,Bajo,Associate Professor
1302,Heraclio Ocaña Chico,55,Femenino,Neuquén,Medio,Physiological scientist
1303,Jesusa Tena Donaire,29,Masculino,Entre Ríos,Bajo,Oceanographer
1304,Ainoa Burgos,56,Femenino,Corrientes,Bajo,Biomedical scientist
1305,Ciro Mendoza Córdoba,35,Femenino,CABA,Alto,Cytogeneticist
1306,Tecla Jara,19,Femenino,Mendoza,Medio,Tour manager
1307,Aníbal Olmedo,27,Femenino,Tierra del Fuego,Bajo,Banker
1308,Jorge Alberola Roig,32,Femenino,Córdoba,Bajo,Engineering geologist
1309,Isabela Tejada Tamarit,47,Femenino,Chubut,Bajo,"Clinical scientist, histocompatibility and immunogenetics"
1310,Lupe Mendoza Escobar,61,Femenino,Santa Cruz,Alto,Accounting technician
1311,Carlos de Cueto,34,Otro,Buenos Aires,Medio,"Designer, exhibition/display"
1312,Tania Vila Somoza,21,Masculino,San Juan,Medio,Osteopath
1313,Benigno Soler Pinedo,24,Masculino,Neuquén,Alto,Teaching laboratory technician
1314,Jeremías Noguera Coll,58,Femenino,Tierra del Fuego,Medio,Hydrographic surveyor
1315,Nacho Camacho Sancho,48,Femenino,Jujuy,Bajo,Human resources officer
1316,Sofía del Marí,68,Femenino,Catamarca,Medio,Clinical biochemist
1317,Patricia Cadenas Ibáñez,72,Femenino,Chubut,Medio,Horticultural therapist
1318,Eugenia Mur-Arco,56,Masculino,Tucumán,Alto,Economist
1319,Nydia Hervás-Mendizábal,72,Femenino,Mendoza,Medio,Air cabin crew
1320,Eva Prat Montes,51,Femenino,Entre Ríos,Medio,Estate manager/land agent
1321,Gabriel Patiño Cervantes,23,Masculino,Santiago del Estero,Alto,Civil Service fast streamer
1322,Felipe Carnero,67,Masculino,Santa Fe,Bajo,Passenger transport manager
1323,Roque Tito Alba Morales,55,Femenino,CABA,Alto,"Surveyor, hydrographic"
1324,Carmen Badía-Márquez,62,Masculino,Formosa,Bajo,Microbiologist
1325,Gisela Gelabert Bernad,68,Femenino,Salta,Medio,Midwife
1326,Cintia Anaya-Mármol,51,Masculino,San Juan,Bajo,Environmental education officer
1327,Alicia Piñol Marcos,61,Femenino,Mendoza,Medio,"Designer, multimedia"
1328,Mariano del Riba,32,Femenino,Buenos Aires,Medio,Aid worker
1329,Elisabet Goicoechea Haro,31,Femenino,La Rioja,Bajo,Furniture conservator/restorer
1330,Mayte Madrigal Sarabia,23,Masculino,Santa Cruz,Alto,Accounting technician
1331,Imelda Pi Iborra,67,Femenino,Santa Cruz,Medio,"Designer, jewellery"
1332,Elpidio Calvet Palma,54,Masculino,Santa Fe,Medio,"Therapist, sports"
1333,María Manuela Torralba Buendía,67,Masculino,Chubut,Bajo,"Geneticist, molecular"
1334,Isa Lluch Garcia,49,Otro,Entre Ríos,Alto,Recruitment consultant
1335,Andrés Boix Aragón,20,Femenino,Neuquén,Bajo,Information officer
1336,Concepción Valencia Flor,20,Femenino,Catamarca,Bajo,Accounting technician
1337,Francisca Lamas Pelayo,39,Masculino,Córdoba,Bajo,Technical sales engineer
1338,Florentina Delia Gallo Fuente,39,Masculino,Mendoza,Medio,"Lighting technician, broadcasting/film/video"
1339,Vidal Aramburu Baños,27,Masculino,La Rioja,Alto,Forensic scientist
1340,Julieta Rico Arana,68,Femenino,San Luis,Bajo,Industrial buyer
1341,Ciro Barberá Mayo,20,Femenino,San Juan,Bajo,Homeopath
1342,Marina Ayuso,29,Femenino,Tucumán,Medio,Art gallery manager
1343,Tomás Palacio Pou,46,Femenino,Buenos Aires,Medio,Metallurgist
1344,Máxima Villegas Benavent,65,Masculino,Corrientes,Medio,Call centre manager
1345,Lupe del Girona,34,Masculino,La Rioja,Bajo,"Engineer, automotive"
1346,Vanesa Manu Paredes Amorós,24,Masculino,Jujuy,Medio,Arboriculturist
1347,Bruno Cortés Montes,30,Masculino,La Rioja,Bajo,Occupational therapist
1348,Olegario Segarra Tomas,73,Masculino,La Pampa,Alto,English as a second language teacher
1349,Martina Sanabria-Pont,19,Femenino,Chaco,Medio,"Scientist, marine"
1350,Francisca del Chico,21,Masculino,San Luis,Medio,"Production designer, theatre/television/film"
1351,Valentina Eugenia Sebastián Ferrández,27,Femenino,Córdoba,Bajo,Graphic designer
1352,Carmina Lillo Gras,56,Masculino,Formosa,Bajo,Ophthalmologist
1353,Luz Amor Ríos,41,Otro,Santa Cruz,Bajo,Retail manager
1354,Noé Morata,34,Femenino,Jujuy,Bajo,Oncologist
1355,Emiliana Gallo Saez,69,Femenino,Chubut,Bajo,Physiotherapist
1356,Macaria Diez Alberola,23,Masculino,Mendoza,Medio,Chief Financial Officer
1357,Borja Luna Borja,36,Femenino,Formosa,Bajo,Actor
1358,Angelina Charo Laguna Ayala,22,Femenino,CABA,Medio,"Psychologist, prison and probation services"
1359,Luna Sales Sáenz,49,Masculino,San Juan,Bajo,"Scientist, marine"
1360,Bárbara Manjón-Priego,27,Masculino,Santa Fe,Bajo,Surgeon
1361,Gaspar Conesa Gascón,26,Masculino,Buenos Aires,Medio,Further education lecturer
1362,Evita Taboada Roldán,44,Femenino,Tucumán,Medio,"Engineer, electrical"
1363,Vera Bastida Llorente,30,Femenino,Santa Fe,Medio,Dentist
1364,Gil de Segovia,36,Femenino,La Rioja,Bajo,"Production assistant, radio"
1365,Micaela Ferrán-Oliveras,38,Masculino,Jujuy,Medio,Outdoor activities/education manager
1366,María Dolores Contreras Cruz,41,Masculino,CABA,Medio,Contractor
1367,Socorro Infante,55,Femenino,Formosa,Bajo,"Education officer, environmental"
1368,Laura Naranjo Sanmiguel,21,Masculino,CABA,Medio,Phytotherapist
1369,Anabel Baena Salom,41,Femenino,Tierra del Fuego,Medio,Games developer
1370,Adriana Ruiz Andrade,52,Femenino,Tucumán,Bajo,Archaeologist
1371,Adelina Esteban-Ayuso,20,Masculino,Santiago del Estero,Alto,"Nurse, learning disability"
1372,Daniela Acedo Camino,21,Femenino,Misiones,Medio,"Psychologist, counselling"
1373,Francisco Javier Amaro Albero Mendez,74,Masculino,La Pampa,Bajo,Land
1374,Galo Jerez Rivas,54,Femenino,Tierra del Fuego,Medio,Civil Service administrator
1375,Martirio Marín Dalmau,57,Masculino,La Pampa,Bajo,Armed forces technical officer
1376,Eva María Rivas Corral,65,Femenino,Salta,Medio,"Radiographer, therapeutic"
1377,Reyna Rincón-Franch,71,Masculino,Chaco,Medio,Nutritional therapist
1378,Fausto Pont Porras,52,Masculino,Mendoza,Bajo,Make
1379,Lilia Tejada Botella,48,Femenino,Corrientes,Bajo,Systems analyst
1380,Leire Rosell Parejo,73,Masculino,Río Negro,Bajo,"Engineer, control and instrumentation"
1381,Hortensia Cintia Villalobos Francisco,61,Femenino,Buenos Aires,Medio,Technical sales engineer
1382,Jenny Calzada-Alcázar,42,Masculino,Mendoza,Medio,Tourist information centre manager
1383,Arcelia Otero Luque,57,Femenino,Buenos Aires,Bajo,"Exhibitions officer, museum/gallery"
1384,Dora Viña Sierra,30,Masculino,La Pampa,Bajo,Production engineer
1385,Clímaco Mercader Valcárcel,21,Femenino,Córdoba,Bajo,Insurance account manager
1386,Natanael Castelló Carmona,63,Masculino,Santa Cruz,Bajo,"Education officer, museum"
1387,Angelina del Navarrete,31,Masculino,Catamarca,Bajo,Data scientist
1388,Ainoa Blanes,30,Masculino,La Rioja,Medio,Seismic interpreter
1389,Noé Cerdá,44,Femenino,Chubut,Medio,Chartered accountant
1390,Luciano Juliá Batlle,23,Masculino,Formosa,Alto,Operations geologist
1391,Samuel Sobrino Escamilla,34,Femenino,La Rioja,Alto,Hydrographic surveyor
1392,Omar del Villaverde,53,Femenino,Jujuy,Medio,Broadcast presenter
1393,Pelayo Guillén Iriarte,57,Masculino,San Luis,Medio,Farm manager
1394,Rogelio Suárez Pons,66,Femenino,Chubut,Alto,Theatre manager
1395,Candela Navarro,52,Masculino,Chubut,Bajo,Education administrator
1396,Isidro Estevez Girona,34,Masculino,Formosa,Bajo,Gaffer
1397,Cándido Iglesia,58,Femenino,Santa Cruz,Bajo,Visual merchandiser
1398,Marcia Román Agullo,19,Femenino,Salta,Medio,Software engineer
1399,Belen de Valverde,74,Femenino,Jujuy,Medio,Clinical molecular geneticist
1400,Pepito Sanjuan Cañete,30,Masculino,Santa Fe,Bajo,Advertising account executive
1401,Nerea Burgos Hernandez,69,Masculino,Buenos Aires,Medio,Telecommunications researcher
1402,Evangelina Prat Vazquez,19,Masculino,Santiago del Estero,Medio,Hotel manager
1403,Nadia Soraya Quintanilla Dávila,69,Femenino,Río Negro,Bajo,Clinical embryologist
1404,Edgardo Uría Cabrera,45,Femenino,Neuquén,Bajo,Chiropodist
1405,Olegario Manuel Pavón,60,Femenino,Tierra del Fuego,Bajo,Metallurgist
1406,Yolanda Bayo Navarro,43,Masculino,Salta,Bajo,Primary school teacher
1407,Sergio de Bonet,39,Masculino,Santa Cruz,Medio,Sports therapist
1408,Eusebio Cornejo Bou,64,Masculino,Mendoza,Medio,Insurance account manager
1409,Silvio Barbero-Domínguez,60,Masculino,Buenos Aires,Medio,Lawyer
1410,Encarna Duarte-Arellano,72,Masculino,Entre Ríos,Medio,"Surveyor, quantity"
1411,Poncio Saavedra Menéndez,20,Femenino,Chubut,Medio,Health visitor
1412,Aurora Cid Ferrer,52,Femenino,Córdoba,Medio,Games developer
1413,Maxi Morán Cabello,29,Femenino,Tierra del Fuego,Medio,Medical secretary
1414,Dani Río Teruel,41,Masculino,Santa Cruz,Medio,"Horticulturist, commercial"
1415,Porfirio Rueda Lledó,22,Masculino,Misiones,Medio,"Clinical scientist, histocompatibility and immunogenetics"
1416,Feliciana Rocío Galan Prada,37,Femenino,Santiago del Estero,Bajo,Child psychotherapist
1417,Cristina Salmerón Calderon,56,Masculino,Tierra del Fuego,Medio,"Education officer, community"
1418,Hortensia Valle Aramburu,56,Femenino,La Pampa,Bajo,Recruitment consultant
1419,Vicenta Reina Mateos,30,Femenino,Córdoba,Medio,Garment/textile technologist
1420,Adán Giménez Aramburu,58,Masculino,La Pampa,Medio,"Geneticist, molecular"
1421,Macarena Gordillo Villa,74,Femenino,Mendoza,Bajo,Pensions consultant
1422,Jorge Paniagua-Palau,70,Masculino,La Rioja,Alto,"Scientist, research (life sciences)"
1423,Jacinto Dominguez Bauzà,62,Femenino,Santiago del Estero,Bajo,Secretary/administrator
1424,Jonatan del Agustí,29,Femenino,CABA,Bajo,Automotive engineer
1425,Jonatan Conrado Mata Yáñez,30,Masculino,Santa Fe,Bajo,Clinical psychologist
1426,Isidro Mariscal-Montesinos,73,Masculino,Catamarca,Medio,"Conservation officer, nature"
1427,Carolina Bermejo Ribas,27,Femenino,Tierra del Fuego,Medio,Museum/gallery exhibitions officer
1428,León Jurado Zamorano,50,Femenino,Chaco,Medio,Purchasing manager
1429,Adriana del Corbacho,74,Masculino,Salta,Medio,"Therapist, music"
1430,Candela Viana Olmedo,57,Femenino,Santiago del Estero,Bajo,Software engineer
1431,Elisa Uribe Alcalá,71,Masculino,Córdoba,Bajo,"Surveyor, building control"
1432,Luís Cabrera Echeverría,33,Masculino,Corrientes,Bajo,Chiropractor
1433,Ascensión Sobrino-Moll,62,Masculino,Neuquén,Medio,"Psychologist, forensic"
1434,Eusebia Angelita Roma Plaza,52,Masculino,La Pampa,Medio,Lobbyist
1435,Ana Valenzuela Salom,20,Masculino,Tucumán,Bajo,Retail manager
1436,Tristán Mendizábal Pallarès,73,Otro,Catamarca,Bajo,Research scientist (physical sciences)
1437,Tere Bernad Rubio,22,Masculino,Córdoba,Bajo,Industrial/product designer
1438,Pascuala Pla Barbero,43,Masculino,CABA,Medio,Transport planner
1439,Elodia Colomer Peña,28,Masculino,Misiones,Bajo,Museum/gallery curator
1440,Mireia Cámara Talavera,24,Femenino,Formosa,Bajo,Metallurgist
1441,Tatiana Berrocal Figuerola,70,Femenino,San Juan,Bajo,Press sub
1442,Delia Blanes Barco,73,Masculino,San Luis,Medio,Amenity horticulturist
1443,Simón Sánchez Iborra,27,Masculino,La Rioja,Medio,Ambulance person
1444,Amor del Tolosa,59,Masculino,Mendoza,Medio,Chemical engineer
1445,Pascual Vendrell-Belmonte,69,Masculino,La Rioja,Medio,Estate agent
1446,Nicolasa Octavia Velasco Hervás,51,Masculino,La Rioja,Medio,"Psychologist, prison and probation services"
1447,Yéssica Benavides Calvo,20,Masculino,San Juan,Alto,Pharmacologist
1448,Graciela de Talavera,25,Masculino,Formosa,Bajo,"Teacher, adult education"
1449,Nadia Corral Calzada,48,Femenino,Salta,Medio,Osteopath
1450,Clara Llabrés,28,Masculino,Santa Fe,Medio,"Editor, magazine features"
1451,Chucho Fernández Casal,62,Femenino,Río Negro,Bajo,Public relations officer
1452,Gertrudis Gallo Luna,24,Femenino,Salta,Medio,"Administrator, sports"
1453,Amancio Larrea Lladó,62,Femenino,Santa Fe,Bajo,Geographical information systems officer
1454,Ligia Segovia Carranza,19,Masculino,Tucumán,Bajo,Arts development officer
1455,Pili Parra Prieto,23,Masculino,Entre Ríos,Bajo,"Engineer, land"
1456,Nidia Fuster-Galvez,58,Masculino,La Pampa,Bajo,Air broker
1457,Íngrid Laguna Arnaiz,49,Femenino,Tucumán,Medio,Regulatory affairs officer
1458,Primitivo Lorenzo Jódar,37,Masculino,CABA,Medio,Office manager
1459,Fabiola de Espada,74,Femenino,Entre Ríos,Medio,"Loss adjuster, chartered"
1460,Cloe Boix Andrés,51,Femenino,La Rioja,Medio,Interior and spatial designer
1461,Petrona Pereira Navarro,67,Masculino,Santa Fe,Bajo,Dealer
1462,Ezequiel Folch,33,Femenino,Buenos Aires,Medio,Company secretary
1463,Ileana Bayón Arregui,42,Masculino,Tierra del Fuego,Alto,"Teacher, early years/pre"
1464,María Cristina Lorenzo Oller,29,Masculino,Mendoza,Bajo,Press sub
1465,Zacarías Carrillo Flor,24,Masculino,Santiago del Estero,Medio,General practice doctor
1466,Samuel Cristian Marco Cal,56,Masculino,Santa Fe,Medio,Graphic designer
1467,Galo Morales Vilaplana,34,Femenino,Salta,Medio,"Scientist, research (maths)"
1468,Tiburcio Abad-Carretero,62,Masculino,Misiones,Bajo,"Designer, blown glass/stained glass"
1469,Hortensia Boix,28,Masculino,Misiones,Bajo,"Engineer, communications"
1470,Carlito del Marqués,23,Femenino,Río Negro,Medio,Mining engineer
1471,Baldomero Aguiló Gimenez,40,Femenino,Salta,Alto,Child psychotherapist
1472,Anacleto Amador Sala Granados,44,Masculino,Córdoba,Bajo,Medical secretary
1473,Ema Español Arcos,63,Femenino,Corrientes,Alto,Higher education lecturer
1474,Rosenda de Briones,23,Femenino,Buenos Aires,Bajo,"Surveyor, insurance"
1475,Eugenio Dominguez-Ferreras,55,Masculino,Neuquén,Bajo,Barrister
1476,Jose Ignacio Feliu Sosa,19,Masculino,Santa Cruz,Medio,Corporate treasurer
1477,Miguela Llano Escamilla,39,Masculino,Santa Fe,Medio,"Teacher, early years/pre"
1478,Marc Abella Bou,37,Femenino,San Juan,Bajo,Public affairs consultant
1479,Lázaro de Arnaiz,42,Femenino,Mendoza,Bajo,Insurance underwriter
1480,Sigfrido Plinio Casanova Bermudez,32,Femenino,Tucumán,Alto,Ship broker
1481,Florencia Ferrando Sáez,66,Femenino,CABA,Alto,"Scientist, research (life sciences)"
1482,Chema Doménech Naranjo,46,Masculino,San Luis,Bajo,Film/video editor
1483,Bernardino Ureña-Palomar,25,Masculino,Neuquén,Bajo,Advertising account planner
1484,Joan Lozano Morán,54,Masculino,La Rioja,Medio,Diagnostic radiographer
1485,Socorro Pascual Badía,66,Femenino,Neuquén,Medio,"Engineer, technical sales"
1486,Silvestre Diaz,69,Femenino,San Juan,Bajo,Research scientist (life sciences)
1487,Miriam Cánovas,50,Masculino,Misiones,Alto,"Biochemist, clinical"
1488,Cayetana Fiol Muñoz,39,Femenino,Córdoba,Bajo,Waste management officer
1489,Yéssica Busquets Barriga,67,Masculino,La Rioja,Medio,Youth worker
1490,Obdulia Rico,64,Masculino,Santa Cruz,Medio,"Engineer, technical sales"
1491,Jeremías Alcázar-Pujol,22,Masculino,Tierra del Fuego,Medio,Clinical molecular geneticist
1492,Galo Eligio Cid Osorio,56,Masculino,Córdoba,Bajo,Financial trader
1493,Josefa Lorenzo Barrera,35,Masculino,Formosa,Medio,Mining engineer
1494,Cayetano Carbó Pedrosa,55,Masculino,Chaco,Alto,Trade mark attorney
1495,Marita Martí Diez,71,Masculino,Salta,Medio,Water quality scientist
1496,Goyo Vilaplana Español,70,Masculino,CABA,Medio,"Teacher, adult education"
1497,Herminio Perez Seco,54,Femenino,Río Negro,Bajo,Astronomer
1498,Jerónimo Pizarro-Casals,47,Masculino,Tucumán,Alto,Forensic psychologist
1499,Edelmira Llabrés Manso,68,Otro,Misiones,Alto,Occupational psychologist
1500,Martirio Huertas-Luz,48,Masculino,Entre Ríos,Medio,Counsellor
1501,Santos Jonatan Pacheco Blanca,27,Masculino,Misiones,Medio,Chartered management accountant
1502,Raimundo Gimeno Salas,32,Masculino,CABA,Alto,Psychiatrist
1503,Abril Córdoba-Torralba,59,Masculino,Río Negro,Bajo,Commercial/residential surveyor
1504,Samanta Prats Checa,65,Femenino,Chaco,Medio,Research scientist (life sciences)
1505,Zoraida de Pablo,61,Masculino,Buenos Aires,Medio,Ergonomist
1506,Jimena Baños Carvajal,35,Femenino,Tierra del Fuego,Medio,Advice worker
1507,Jenaro Báez Roman,40,Femenino,Santa Cruz,Medio,"Runner, broadcasting/film/video"
1508,Marianela Mulet Campoy,50,Femenino,Misiones,Medio,Chemical engineer
1509,Aura Chaparro Barrio,33,Femenino,Entre Ríos,Bajo,"Scientist, research (physical sciences)"
1510,Félix Lledó Pino,71,Femenino,Catamarca,Bajo,Minerals surveyor
1511,Adoración Gras Roca,55,Masculino,Chubut,Bajo,Estate manager/land agent
1512,César Viana,52,Femenino,Córdoba,Medio,Training and development officer
1513,Marina Tormo Herrero,51,Masculino,Santiago del Estero,Bajo,"Psychologist, clinical"
1514,Xiomara Morán Ortuño,45,Masculino,Entre Ríos,Bajo,Research scientist (physical sciences)
1515,Tristán Teófilo Leon Elorza,19,Masculino,Córdoba,Medio,Marketing executive
1516,Néstor Piñol,47,Femenino,Córdoba,Alto,Scientific laboratory technician
1517,Yago Alberto-Alsina,30,Femenino,Chaco,Alto,English as a second language teacher
1518,Isidora Cañizares Pastor,58,Masculino,Corrientes,Alto,Therapeutic radiographer
1519,Cesar Saturnino Pujol Águila,33,Femenino,Tucumán,Medio,Water quality scientist
1520,Horacio Lamas Naranjo,22,Masculino,San Luis,Bajo,Tourist information centre manager
1521,Valero Arregui Pereira,72,Masculino,Corrientes,Alto,Advertising account planner
1522,Eutropio Río-Carreño,45,Masculino,Catamarca,Bajo,"Programmer, applications"
1523,Olga Gil Huertas,70,Masculino,Entre Ríos,Medio,"Engineer, building services"
1524,Ligia Chamorro,56,Masculino,Buenos Aires,Medio,Tax inspector
1525,Jenaro Maldonado Albero,62,Femenino,Buenos Aires,Medio,Museum/gallery exhibitions officer
1526,Ágata Doménech Prado,37,Femenino,Misiones,Medio,Paediatric nurse
1527,Bonifacio Nieto Calderon,41,Masculino,Córdoba,Bajo,Customer service manager
1528,Seve Tejada Grande,44,Femenino,Jujuy,Medio,Public librarian
1529,María Cristina Lladó Peláez,47,Femenino,Misiones,Bajo,Interior and spatial designer
1530,Marisa Ayllón Llopis,62,Femenino,Chaco,Alto,Clinical research associate
1531,Hermenegildo Asenjo-Coca,44,Femenino,Córdoba,Medio,"Social research officer, government"
1532,Gilberto Ferrer Pelayo,43,Masculino,Río Negro,Medio,Agricultural engineer
1533,Elisabet Roberta Cánovas Verdugo,24,Femenino,Santa Fe,Alto,"Scientist, research (physical sciences)"
1534,Caridad Cuadrado,59,Femenino,Buenos Aires,Medio,Media buyer
1535,Bernardo Terrón Reina,64,Masculino,Córdoba,Bajo,Operations geologist
1536,Carmelita Miranda-Requena,70,Masculino,Formosa,Bajo,General practice doctor
1537,Gilberto Fábregas-Villegas,55,Femenino,Neuquén,Medio,"Scientist, product/process development"
1538,Melania del Cano,22,Masculino,La Rioja,Alto,Chartered legal executive (England and Wales)
1539,Ernesto Ureña Guzmán,40,Otro,Catamarca,Medio,"Journalist, magazine"
1540,Duilio Posada Barrio,45,Masculino,La Pampa,Alto,Quality manager
1541,Martirio Armengol Solera,51,Femenino,Neuquén,Bajo,Chief Technology Officer
1542,Febe Rios Guerrero,70,Masculino,Catamarca,Bajo,Associate Professor
1543,Luisa Rebollo Pinedo,32,Femenino,Misiones,Bajo,"Production assistant, radio"
1544,Quirino de Ibarra,49,Femenino,CABA,Medio,Environmental education officer
1545,Bonifacio Sarmiento Hervia,43,Masculino,Chaco,Bajo,Physiological scientist
1546,Andrea Daza Ochoa,65,Femenino,San Luis,Bajo,Haematologist
1547,Soraya de Monreal,48,Masculino,La Rioja,Medio,"Teacher, English as a foreign language"
1548,Isaías Torrens Falcó,36,Masculino,CABA,Medio,Social worker
1549,Dorotea Perea Francisco,26,Masculino,Salta,Medio,Recruitment consultant
1550,Jacinto del Pelayo,46,Femenino,Catamarca,Medio,Sports development officer
1551,Susana Codina,71,Masculino,Jujuy,Medio,Orthoptist
1552,Vinicio Jordán Agustí,68,Masculino,Río Negro,Medio,"Engineer, civil (contracting)"
1553,Candelaria Acedo-Mayol,56,Masculino,Santiago del Estero,Alto,Radio producer
1554,Pablo Valderrama Valenciano,21,Femenino,Formosa,Bajo,Information officer
1555,Mirta Bautista Gordillo,20,Femenino,La Pampa,Bajo,Lawyer
1556,Lupita Coello Pulido,73,Masculino,Santa Fe,Bajo,Interpreter
1557,Liliana Ochoa Herrera,46,Masculino,Neuquén,Bajo,Naval architect
1558,Octavio Fernandez Pagès,69,Femenino,Catamarca,Alto,Music therapist
1559,Constanza Cazorla-Peñas,28,Masculino,Río Negro,Bajo,"Surveyor, mining"
1560,Fortunato Nevado Bilbao,50,Femenino,Santa Fe,Alto,Comptroller
1561,Obdulia de Larrañaga,55,Femenino,Santa Fe,Bajo,Garment/textile technologist
1562,Nieves Casas,28,Femenino,Santa Fe,Alto,"Engineer, technical sales"
1563,Consuelo Hurtado Alcalá,44,Masculino,La Rioja,Medio,Adult guidance worker
1564,Paca Soto-Arteaga,50,Femenino,Tierra del Fuego,Medio,Senior tax professional/tax inspector
1565,Plácido de Sedano,38,Femenino,Chubut,Medio,"Research officer, trade union"
1566,Patricio Quero Otero,56,Femenino,Corrientes,Bajo,"Surveyor, minerals"
1567,Antonio Blanes Cózar,48,Masculino,Formosa,Medio,Civil Service administrator
1568,Rosario Rosales Gallo,55,Masculino,Santa Fe,Bajo,Architectural technologist
1569,Sarita Ferrer Plaza,63,Masculino,San Juan,Medio,Forensic psychologist
1570,Aurelio Sureda Iborra,19,Femenino,Santa Fe,Medio,"Production designer, theatre/television/film"
1571,Amando Portillo Bayona,44,Femenino,Entre Ríos,Bajo,"Librarian, academic"
1572,Mohamed Granados Salgado,53,Masculino,La Rioja,Medio,"Designer, interior/spatial"
1573,Julia Saez Morera,28,Masculino,Santa Cruz,Bajo,Printmaker
1574,Manola Adelina Almagro Escribano,64,Masculino,CABA,Medio,Media planner
1575,Felipe Palacio Duran,35,Femenino,Jujuy,Alto,Race relations officer
1576,Valeria María Ángeles Uría Mulet,18,Femenino,San Luis,Medio,"Engineer, aeronautical"
1577,Emilia Poza Mate,52,Masculino,Formosa,Medio,"Accountant, chartered"
1578,Estefanía Pons Garay,52,Masculino,Tucumán,Medio,Firefighter
1579,Edu de Alemán,48,Masculino,Entre Ríos,Alto,Network engineer
1580,Fito Augusto Jerez Moll,45,Femenino,Tucumán,Bajo,IT consultant
1581,Julio del Luz,56,Femenino,Tucumán,Medio,Proofreader
1582,Ciro Burgos Correa,18,Femenino,Tucumán,Medio,Media buyer
1583,Edgardo del Araujo,42,Masculino,Buenos Aires,Bajo,Ranger/warden
1584,Albino Manzano Villar,60,Femenino,Córdoba,Bajo,Games developer
1585,Natividad Sacristán Cañellas,55,Masculino,La Rioja,Bajo,Call centre manager
1586,Adelaida Silva Vargas,37,Femenino,Tucumán,Medio,Futures trader
1587,Consuelo Garriga Marco,20,Masculino,San Luis,Alto,Chemical engineer
1588,Carmela Domínguez Avilés,68,Femenino,Salta,Medio,"Engineer, manufacturing systems"
1589,Ariel Daniela Guerrero Larrea,19,Femenino,CABA,Medio,"Psychologist, counselling"
1590,Roxana Portero Crespi,35,Femenino,La Pampa,Bajo,"Journalist, magazine"
1591,Trinidad Solé,61,Femenino,San Juan,Bajo,Financial risk analyst
1592,Rosalía Ramos Colomer,27,Masculino,Tierra del Fuego,Bajo,Medical secretary
1593,Filomena Aguado Quintana,22,Masculino,Santiago del Estero,Medio,Quality manager
1594,Alondra de Millán,26,Femenino,La Pampa,Bajo,Systems developer
1595,Sebastian Pelayo Cañete,19,Masculino,San Juan,Medio,Data scientist
1596,Godofredo Tejera Carballo,51,Masculino,Entre Ríos,Alto,Tree surgeon
1597,Zaira Clavero Mendoza,55,Masculino,Neuquén,Medio,Translator
1598,Candelaria Valcárcel,48,Femenino,Formosa,Medio,"Administrator, local government"
1599,Haroldo Sanmartín Cantón,27,Masculino,Neuquén,Medio,"Engineer, broadcasting (operations)"
1600,Coral Real-Losa,67,Masculino,Corrientes,Bajo,Occupational hygienist
1601,Fito Daniel Ochoa Zurita,29,Masculino,Santa Cruz,Bajo,Theatre stage manager
1602,Calisto Perera Pareja,53,Masculino,Mendoza,Medio,Clinical molecular geneticist
1603,Leonardo Sancho Jordán,71,Femenino,Mendoza,Medio,Maintenance engineer
1604,Virginia Larrea Luque,38,Otro,Buenos Aires,Medio,Insurance underwriter
1605,Sabas Aragón Ortega,66,Femenino,Santa Cruz,Bajo,Primary school teacher
1606,Francisca Griselda Valencia Castro,64,Masculino,Chaco,Medio,Corporate investment banker
1607,Severiano Carbonell-Cobos,23,Femenino,Tucumán,Bajo,Lobbyist
1608,Celia Mascaró Salamanca,65,Femenino,Chaco,Bajo,"Engineer, chemical"
1609,María Belén Coca Miranda,66,Masculino,Chaco,Bajo,Herpetologist
1610,Rodrigo Ariño Gomis,20,Femenino,Mendoza,Medio,Geoscientist
1611,Lucas Planas Barrios,27,Femenino,CABA,Bajo,Microbiologist
1612,Ramona Barceló Palmer,22,Femenino,Tierra del Fuego,Bajo,"Therapist, drama"
1613,Josefa Antúnez-Sacristán,63,Femenino,Neuquén,Medio,"Scientist, audiological"
1614,Rosalina de Sarabia,43,Masculino,Chaco,Medio,Bonds trader
1615,Alejandra Tejera Jove,38,Masculino,Córdoba,Medio,"Accountant, chartered"
1616,Gertrudis Serrano Montoya,62,Femenino,Catamarca,Medio,"Surveyor, mining"
1617,Eliseo Roca Herrero,43,Masculino,Corrientes,Alto,"Designer, furniture"
1618,Patricia Hoz Sierra,55,Masculino,Córdoba,Bajo,Chief Strategy Officer
1619,Juan Pablo de Cuevas,61,Femenino,Catamarca,Bajo,"Surveyor, rural practice"
1620,Juana Yáñez-Heredia,43,Femenino,Chaco,Medio,Graphic designer
1621,Juan José Sastre Salamanca,25,Masculino,Jujuy,Bajo,"Teacher, adult education"
1622,Berta Azucena Real Figueroa,22,Femenino,Santa Fe,Medio,IT consultant
1623,Toni de Tomas,32,Femenino,Formosa,Medio,Trading standards officer
1624,Luisa Elisa Maldonado Bastida,33,Femenino,Córdoba,Alto,Academic librarian
1625,Esther Castellanos-Carreras,18,Masculino,Santa Cruz,Alto,Magazine features editor
1626,Salomé Vives Pagès,33,Masculino,La Pampa,Alto,Midwife
1627,Adoración Escribano Cabrera,54,Masculino,Corrientes,Bajo,Armed forces technical officer
1628,Venceslás Coronado Francisco,20,Masculino,San Juan,Alto,Bookseller
1629,Norberto Soler,69,Masculino,Chaco,Bajo,Museum education officer
1630,Narciso Aguiló-Rico,64,Masculino,Chubut,Medio,Theatre manager
1631,Nacio Pinedo Gibert,48,Masculino,Chaco,Medio,Logistics and distribution manager
1632,Basilio Salinas Barrios,30,Femenino,Chaco,Bajo,Industrial/product designer
1633,Luis Barranco Ugarte,73,Masculino,Mendoza,Medio,Records manager
1634,Damián Jerónimo Oliva Neira,33,Femenino,Río Negro,Bajo,Call centre manager
1635,Tamara Pelayo Saavedra,72,Femenino,Misiones,Bajo,Housing manager/officer
1636,Raúl Requena Sala,60,Masculino,La Pampa,Alto,Contracting civil engineer
1637,Adelardo Federico Bolaños Castellanos,38,Femenino,CABA,Bajo,Risk manager
1638,Gisela Porta Teruel,19,Femenino,Santiago del Estero,Bajo,"Psychotherapist, dance movement"
1639,Jorge Tenorio Hervia,71,Masculino,Misiones,Medio,Commercial/residential surveyor
1640,Rubén Campos-Miralles,44,Femenino,Tucumán,Alto,Seismic interpreter
1641,María Jesús Dalmau Mir,55,Masculino,Tucumán,Bajo,Clothing/textile technologist
1642,Teresa Espinosa,43,Femenino,Corrientes,Bajo,Immunologist
1643,Narcisa Ariño,55,Masculino,La Pampa,Alto,Retail buyer
1644,Luciano del Uriarte,63,Femenino,Chaco,Bajo,Set designer
1645,Nilo Mora Cobo,42,Masculino,Corrientes,Bajo,Occupational psychologist
1646,Loida Revilla Sánchez,28,Femenino,Río Negro,Medio,"Journalist, magazine"
1647,Azucena de Cabanillas,25,Masculino,Córdoba,Medio,Careers information officer
1648,Maite Mariscal Pera,25,Femenino,Córdoba,Medio,Health service manager
1649,Gabriel Alberto Donaire,50,Femenino,CABA,Bajo,Contractor
1650,Bernardo Inocencio Cuesta Jordán,70,Masculino,Tucumán,Alto,"Designer, multimedia"
1651,Flavia Amores-Serrano,24,Femenino,Entre Ríos,Alto,"Editor, magazine features"
1652,Jonatan Redondo Pablo,55,Masculino,Corrientes,Bajo,Jewellery designer
1653,Carolina Pla Pacheco,38,Femenino,Tucumán,Bajo,Ambulance person
1654,Dani Telmo Borrell Alemán,25,Femenino,Misiones,Alto,"Engineer, site"
1655,Amor Galo Pastor Alemany,68,Femenino,Formosa,Medio,Production engineer
1656,Heraclio Cabanillas Castellanos,71,Femenino,Neuquén,Medio,IT sales professional
1657,Xiomara Pacheco-Alfaro,38,Masculino,Santiago del Estero,Medio,Printmaker
1658,Rafael Fuertes,73,Masculino,San Juan,Medio,IT sales professional
1659,Valero de Arellano,37,Masculino,La Rioja,Medio,Financial trader
1660,Ruth Cobos Farré,25,Femenino,Tierra del Fuego,Bajo,Land/geomatics surveyor
1661,Julio Guijarro Manso,63,Masculino,San Luis,Bajo,Financial manager
1662,Wálter Aznar-Pombo,48,Femenino,Mendoza,Alto,Science writer
1663,Rodolfo Borja,67,Femenino,Corrientes,Medio,"Pharmacist, hospital"
1664,Flavia Cabanillas Hernandez,74,Masculino,Jujuy,Medio,Editorial assistant
1665,Emigdio de Guzman,46,Femenino,Jujuy,Alto,Chiropractor
1666,Luciano de Olmo,65,Masculino,CABA,Medio,Advice worker
1667,Celia Ortiz Hurtado,26,Masculino,Misiones,Bajo,"Teacher, English as a foreign language"
1668,Etelvina Aranda Ribes,32,Femenino,Mendoza,Medio,Financial risk analyst
1669,Calixto Calisto Fonseca Prats,47,Masculino,Santiago del Estero,Medio,Sports development officer
1670,Eliseo Hernando Aguilera,43,Masculino,Córdoba,Bajo,Fisheries officer
1671,Agustín Núñez-Yuste,27,Femenino,Formosa,Bajo,Herbalist
1672,Andrés Benito Cuenca,46,Masculino,Mendoza,Medio,Education administrator
1673,Victor Rogelio Codina Cuesta,71,Otro,Formosa,Alto,Radio producer
1674,Aarón Guardia-Vila,33,Otro,Mendoza,Bajo,Tax inspector
1675,Etelvina Salmerón Polo,53,Masculino,Chubut,Bajo,Prison officer
1676,Águeda Mena Portillo,37,Masculino,Misiones,Medio,Geochemist
1677,Fabián Torres Arévalo,62,Femenino,Chubut,Medio,Dance movement psychotherapist
1678,Gilberto Peiró Torrijos,71,Masculino,Formosa,Medio,Sports coach
1679,Juan Antonio Benito-Cornejo,54,Masculino,Entre Ríos,Medio,Tree surgeon
1680,Hernando del Conde,39,Femenino,Corrientes,Medio,Neurosurgeon
1681,Bernardo Vera Corbacho,24,Masculino,Entre Ríos,Bajo,Magazine journalist
1682,Teresita Boada Arjona,40,Femenino,Santiago del Estero,Medio,Contracting civil engineer
1683,Glauco de Arana,58,Masculino,Catamarca,Bajo,Chartered public finance accountant
1684,Edelmiro Zabala Corbacho,57,Masculino,Tierra del Fuego,Alto,Hydrographic surveyor
1685,Eliseo Cuéllar Sola,46,Masculino,Tucumán,Bajo,"Scientist, physiological"
1686,Jose Miguel Álvaro Elorza,33,Otro,Neuquén,Medio,Patent examiner
1687,Marino Campoy-Reguera,55,Femenino,Entre Ríos,Bajo,"Pharmacist, hospital"
1688,Luisa Cuenca,45,Femenino,Buenos Aires,Medio,Chartered certified accountant
1689,Florinda Cazorla Villanueva,65,Masculino,Corrientes,Bajo,"Engineer, agricultural"
1690,Rosalva Leiva,55,Masculino,San Luis,Bajo,"Pharmacist, community"
1691,Luz Capdevila Cañas,48,Masculino,CABA,Bajo,"Optician, dispensing"
1692,Fernanda del Pardo,31,Femenino,Misiones,Medio,"Secretary, company"
1693,Cesar Carreño Alarcón,70,Femenino,San Juan,Bajo,Science writer
1694,Ángel del Cárdenas,50,Femenino,Neuquén,Medio,"Psychotherapist, child"
1695,Mirta Canales Calleja,74,Masculino,Misiones,Medio,Health and safety inspector
1696,Florina Noriega Giner,26,Femenino,Tucumán,Medio,"Librarian, public"
1697,Cruz Pizarro,74,Masculino,San Luis,Medio,Human resources officer
1698,Felicidad Polo Amo,44,Otro,San Luis,Alto,Quarry manager
1699,Manu Huerta Pintor,41,Masculino,Santiago del Estero,Bajo,Legal secretary
1700,Isidora Huerta Quirós,30,Femenino,Salta,Bajo,Event organiser
1701,Rosalía Villalonga Macías,43,Masculino,Santiago del Estero,Alto,Community arts worker
1702,Lisandro Plana Vila,46,Masculino,San Luis,Bajo,Radio producer
1703,Leticia Torrecilla Ramírez,68,Femenino,Río Negro,Medio,Minerals surveyor
1704,Clara Manuel,66,Masculino,Santa Cruz,Bajo,Contractor
1705,Ricardo Cortes Jerez,60,Masculino,San Luis,Medio,Transport planner
1706,Rosario Tamayo Castrillo,45,Femenino,Buenos Aires,Bajo,Proofreader
1707,Consuelo Silva-Valencia,45,Femenino,San Luis,Alto,Environmental consultant
1708,Jenny Galiano Bermejo,25,Femenino,Corrientes,Medio,"Investment banker, operational"
1709,Toni Galvez-Tur,40,Masculino,Tierra del Fuego,Bajo,Petroleum engineer
1710,Miguel Plana Fernandez,46,Femenino,La Pampa,Bajo,Patent attorney
1711,Anita Font Fuertes,22,Femenino,Chubut,Bajo,"Therapist, music"
1712,Candelaria de Gárate,59,Masculino,Salta,Medio,Consulting civil engineer
1713,Cirino Marín Vara,24,Femenino,La Pampa,Bajo,"Psychotherapist, child"
1714,Mirta Ferrera Acedo,59,Masculino,Tucumán,Bajo,Gaffer
1715,Liliana de Planas,53,Masculino,Entre Ríos,Medio,"Accountant, chartered management"
1716,Lorena Poza Bustos,58,Masculino,Jujuy,Medio,Regulatory affairs officer
1717,Lázaro González Rivas,44,Masculino,La Rioja,Bajo,Chief Technology Officer
1718,Esperanza Luís Barrera,63,Femenino,Jujuy,Bajo,Printmaker
1719,Aureliano Nuñez Duque,19,Femenino,Mendoza,Medio,"Sales professional, IT"
1720,Curro Olmo,42,Femenino,San Juan,Alto,Publishing rights manager
1721,Belén Huguet Campoy,26,Femenino,Jujuy,Bajo,"Accountant, chartered certified"
1722,Fabiola Dominga Barrios Díez,70,Masculino,San Luis,Medio,Accommodation manager
1723,Herminia Martín Atienza,44,Femenino,Santa Cruz,Bajo,Oceanographer
1724,Pilar Hoz Folch,18,Femenino,Salta,Bajo,"Designer, graphic"
1725,Albina Coll Bautista,40,Masculino,Santa Cruz,Medio,Diplomatic Services operational officer
1726,Manu de Jódar,27,Femenino,Río Negro,Bajo,Hydrographic surveyor
1727,Elba Tirado Mayo,59,Otro,Chubut,Medio,Audiological scientist
1728,Aitana Rey,69,Femenino,Catamarca,Alto,"Engineer, control and instrumentation"
1729,Ligia Encarna Carrión Barrio,42,Femenino,Neuquén,Alto,"Engineer, production"
1730,Martín Serrano-Camps,71,Masculino,CABA,Bajo,Radiation protection practitioner
1731,Teresita Miguel Carballo,20,Masculino,Mendoza,Bajo,"Librarian, public"
1732,Ligia de Riera,23,Masculino,Santiago del Estero,Alto,"Surveyor, hydrographic"
1733,Pía Alcaraz Barco,23,Femenino,Entre Ríos,Bajo,Corporate investment banker
1734,Onofre del Posada,70,Femenino,Tierra del Fuego,Medio,Visual merchandiser
1735,Sandalio Portero Riera,19,Otro,Salta,Bajo,Sports therapist
1736,Clara Luque Pedraza,35,Masculino,Chaco,Bajo,"Administrator, education"
1737,Constanza Perez Prado,40,Masculino,San Luis,Bajo,"Surveyor, land/geomatics"
1738,Ester Tamarit Bernad,19,Femenino,Santiago del Estero,Alto,Sport and exercise psychologist
1739,Adolfo Vall-Aramburu,29,Femenino,Formosa,Alto,Immigration officer
1740,Julio César Pozuelo Nicolás,39,Masculino,Tierra del Fuego,Bajo,Civil Service administrator
1741,Jose Luis de Adán,54,Femenino,Neuquén,Medio,Museum/gallery curator
1742,Álvaro Ricardo Juliá Román,37,Femenino,Formosa,Bajo,"Engineer, petroleum"
1743,Toño Pardo Vallés,56,Femenino,Tucumán,Bajo,"Merchandiser, retail"
1744,Enrique Naranjo,41,Femenino,Santa Fe,Medio,Archivist
1745,Albina Yaiza Pino Enríquez,65,Masculino,Formosa,Medio,Advertising account planner
1746,Sebastián Burgos Checa,37,Otro,Misiones,Bajo,"Nurse, adult"
1747,Soraya Molina-Cepeda,18,Femenino,Tierra del Fuego,Bajo,"Engineer, structural"
1748,Guillermo de Peña,18,Masculino,Santa Fe,Alto,"Psychotherapist, child"
1749,Benjamín Echeverría Rosales,34,Masculino,Río Negro,Alto,Fashion designer
1750,Ruperta Barros Serra,18,Femenino,Tucumán,Medio,Geophysicist/field seismologist
1751,Juanito Roldan Diaz,70,Masculino,Tierra del Fuego,Bajo,Public affairs consultant
1752,Felicia Bastida Fernández,69,Masculino,Salta,Medio,Amenity horticulturist
1753,Concha Fortunata Amo Corbacho,62,Femenino,Mendoza,Bajo,Stage manager
1754,Abril Alberdi Gargallo,47,Masculino,Formosa,Alto,Claims inspector/assessor
1755,Azahara Diéguez,58,Femenino,Neuquén,Bajo,Podiatrist
1756,Candelaria Elodia Corral Maldonado,64,Masculino,Corrientes,Bajo,"Accountant, chartered management"
1757,Elena del Tamayo,20,Femenino,Buenos Aires,Medio,Insurance claims handler
1758,Adrián Joan Cuenca Heras,63,Masculino,Buenos Aires,Medio,Insurance account manager
1759,Vicenta Bayo Bermejo,72,Masculino,Chubut,Medio,Advice worker
1760,Sebastián Andreu Luján,28,Masculino,Tucumán,Bajo,Proofreader
1761,Severiano Naranjo Roma,41,Femenino,Formosa,Medio,Data processing manager
1762,María Pilar Vallés Arce,39,Femenino,La Rioja,Medio,"Surveyor, land/geomatics"
1763,Luis Ángel Riba Reina,61,Masculino,Córdoba,Bajo,Community arts worker
1764,Amado Esteve Roselló,62,Femenino,Mendoza,Medio,Hydrogeologist
1765,Florencia del Pujadas,43,Femenino,Entre Ríos,Alto,Stage manager
1766,Mar Calleja Capdevila,30,Otro,Neuquén,Bajo,Product manager
1767,Montserrat de Casares,18,Masculino,Córdoba,Bajo,"Engineer, electronics"
1768,Paca Méndez Baquero,41,Femenino,Córdoba,Bajo,Advertising art director
1769,Samu Granados Iñiguez,27,Masculino,Chaco,Bajo,Armed forces operational officer
1770,Delfina Sureda,52,Masculino,La Pampa,Medio,Civil Service fast streamer
1771,León Espinosa Bonet,41,Otro,Santa Fe,Medio,Chief Financial Officer
1772,Aníbal Amores Sevilla,45,Femenino,San Juan,Medio,Architect
1773,Pelayo de Nuñez,53,Masculino,Catamarca,Bajo,"Surveyor, building control"
1774,Albino de Solera,33,Masculino,Catamarca,Medio,Field seismologist
1775,Ignacio Gálvez Feliu,57,Femenino,La Rioja,Medio,Computer games developer
1776,Teodora Diez Gordillo,33,Femenino,Santa Fe,Alto,Analytical chemist
1777,Fernando Arranz Hervia,34,Masculino,Santa Fe,Bajo,"Engineer, automotive"
1778,Hilda Caparrós Urrutia,68,Femenino,Córdoba,Medio,Horticultural consultant
1779,Claudia Garcés Soriano,71,Masculino,Santa Fe,Alto,Industrial buyer
1780,Sarita Solé Marcos,32,Masculino,Córdoba,Medio,Pharmacologist
1781,Marisa Castells Uriarte,33,Femenino,Entre Ríos,Bajo,Information systems manager
1782,Poncio Tolosa Cases,32,Masculino,Neuquén,Bajo,Photographer
1783,Juan Luis del Cerro,74,Masculino,San Juan,Alto,"Physicist, medical"
1784,Florentino Lopez Escudero,51,Femenino,Santa Cruz,Bajo,Mining engineer
1785,Faustino Bas-Jordán,28,Femenino,Río Negro,Alto,Special effects artist
1786,Gabriel Monreal Peralta,18,Masculino,Córdoba,Medio,Production engineer
1787,Augusto del Varela,32,Femenino,Santa Fe,Bajo,"Engineer, electrical"
1788,Sabas del Luján,43,Femenino,Salta,Medio,Operational researcher
1789,Juan Pablo Torres Ripoll,68,Masculino,Formosa,Bajo,Technical author
1790,Efraín Terrón-Frías,21,Femenino,San Luis,Bajo,English as a second language teacher
1791,Marcia Sastre,60,Masculino,San Juan,Medio,"Production assistant, television"
1792,Juan José Ríos Guillén,22,Masculino,Tierra del Fuego,Medio,"Designer, television/film set"
1793,Rico del Esteve,52,Femenino,Chubut,Bajo,Psychiatrist
1794,Benigno Montaña Figuerola,30,Otro,Córdoba,Medio,Jewellery designer
1795,Carmina Orozco Arellano,27,Masculino,La Rioja,Bajo,Higher education careers adviser
1796,Tadeo Cruz Teruel,28,Masculino,La Pampa,Medio,Catering manager
1797,Morena Pla Hernando,35,Femenino,Río Negro,Medio,"Surveyor, building"
1798,Quique Macías,51,Masculino,Santa Cruz,Bajo,Clinical cytogeneticist
1799,Susana Ramirez Mosquera,56,Masculino,Salta,Alto,"Pharmacist, community"
1800,Glauco Escalona-Egea,58,Masculino,Santa Cruz,Medio,"Research officer, government"
1801,Agapito Lamas Maldonado,59,Femenino,Formosa,Medio,"Journalist, newspaper"
1802,Pedro Español Urrutia,67,Masculino,Buenos Aires,Medio,"Lighting technician, broadcasting/film/video"
1803,Bibiana Isern-Mesa,40,Masculino,Catamarca,Bajo,"Designer, fashion/clothing"
1804,Aránzazu Querol Aragón,24,Femenino,Santa Fe,Bajo,"Development worker, community"
1805,Zaira Brígida Morillo Chico,56,Femenino,Tierra del Fuego,Medio,Health physicist
1806,Joaquina Alonso Nieto,20,Femenino,Formosa,Alto,Information systems manager
1807,Adalberto Salvà Camps,29,Masculino,Santiago del Estero,Medio,Occupational psychologist
1808,María Fernanda Correa Otero,24,Femenino,San Luis,Bajo,Patent attorney
1809,Jafet Pou Rozas,66,Masculino,Mendoza,Medio,Cytogeneticist
1810,Anna Colomer Chacón,43,Masculino,Tierra del Fuego,Bajo,Special effects artist
1811,Rosaura Avilés,50,Femenino,Misiones,Bajo,"Doctor, hospital"
1812,Cristina Prat Huerta,54,Masculino,Santa Cruz,Medio,Bonds trader
1813,Albano Soria Bernad,65,Masculino,San Luis,Medio,Land
1814,Guillermo Batalla Villegas,32,Masculino,Tierra del Fuego,Bajo,Musician
1815,Antonia del Millán,19,Masculino,Corrientes,Medio,Banker
1816,Sebastian Perea Alfonso,58,Masculino,Chaco,Medio,"Engineer, chemical"
1817,Hilario Carreño Torre,24,Otro,La Rioja,Bajo,IT technical support officer
1818,María José de Oliver,49,Masculino,Tierra del Fuego,Medio,Technical sales engineer
1819,Cloe Melero Ugarte,21,Masculino,Misiones,Bajo,"Production assistant, radio"
1820,Cayetana Carretero Tovar,37,Masculino,CABA,Medio,Psychiatric nurse
1821,Celestina Jove Palmer,67,Femenino,Buenos Aires,Medio,Photographer
1822,Desiderio Saez-Tomás,70,Femenino,San Juan,Medio,"Teacher, early years/pre"
1823,Calixto Aguado Agustín,53,Masculino,Santa Cruz,Alto,Engineering geologist
1824,Manuelita Bastida Ródenas,49,Femenino,Entre Ríos,Bajo,Product designer
1825,Ligia Bolaños Baeza,45,Masculino,Catamarca,Medio,Conference centre manager
1826,Manuel Pérez,30,Masculino,Córdoba,Medio,Acupuncturist
1827,Rolando Royo Muñoz,18,Masculino,Santiago del Estero,Medio,Hospital pharmacist
1828,Sara Azcona-Cases,73,Masculino,Mendoza,Medio,"Horticulturist, commercial"
1829,Gala Real Manso,52,Masculino,Formosa,Medio,"Therapist, art"
1830,Rufina Lara-Laguna,65,Femenino,Formosa,Medio,Public affairs consultant
1831,Dimas Pedraza Paz,47,Masculino,Santa Cruz,Bajo,"Designer, fashion/clothing"
1832,José Bermejo Almagro,71,Femenino,Formosa,Bajo,Retail manager
1833,Lidia María Jesús Montoya Gonzalez,53,Masculino,Neuquén,Medio,"Scientist, research (maths)"
1834,Bárbara Edelmira Pacheco Cano,74,Masculino,Mendoza,Medio,Nature conservation officer
1835,Jose del Parejo,72,Masculino,Santiago del Estero,Alto,Health service manager
1836,Modesta Blázquez-Dueñas,42,Femenino,Río Negro,Bajo,English as a second language teacher
1837,Pío Rozas-Muro,33,Masculino,CABA,Bajo,Commercial art gallery manager
1838,Isidora Azorin Barba,36,Femenino,Misiones,Medio,"Administrator, sports"
1839,Desiderio Cayetano Rocha Perelló,18,Masculino,Córdoba,Alto,Barista
1840,Macaria Font Crespi,22,Masculino,CABA,Alto,"Designer, television/film set"
1841,Ezequiel del Sans,68,Masculino,Entre Ríos,Bajo,Homeopath
1842,Ulises de Paredes,39,Masculino,Chaco,Bajo,Oncologist
1843,Rocío Delgado,41,Masculino,Santa Fe,Medio,"Teacher, early years/pre"
1844,Ciriaco Figuerola Aliaga,60,Masculino,Tucumán,Bajo,"Engineer, chemical"
1845,Piedad del Sánchez,62,Femenino,Misiones,Alto,Games developer
1846,Heriberto Estrada Pomares,69,Masculino,La Pampa,Medio,"Scientist, biomedical"
1847,María Piñol Pi,54,Femenino,Tucumán,Bajo,"Engineer, maintenance (IT)"
1848,Gabriel Real Artigas,70,Masculino,Misiones,Bajo,Nutritional therapist
1849,Felicidad Paulina Sáez Bermejo,53,Femenino,La Rioja,Bajo,Advertising account executive
1850,Valentina Gimenez Rubio,53,Femenino,Río Negro,Medio,"Doctor, general practice"
1851,Teo Garcia,21,Masculino,Córdoba,Bajo,Financial trader
1852,Gloria Alfaro Cortés,53,Masculino,Santa Cruz,Bajo,Dispensing optician
1853,Anabel Belmonte,69,Femenino,Buenos Aires,Alto,Energy engineer
1854,Tito Alejandro Espejo Vila,70,Femenino,La Rioja,Bajo,Technical sales engineer
1855,Baltasar del Llorens,35,Masculino,Corrientes,Medio,"Producer, radio"
1856,Elpidio del Aragonés,67,Masculino,Entre Ríos,Bajo,"Physicist, medical"
1857,Poncio Chaves Prats,33,Femenino,Formosa,Medio,Location manager
1858,Pío Eric Esteban Cantón,58,Masculino,CABA,Bajo,"Engineer, electrical"
1859,Óscar Carreño Cortes,35,Femenino,Salta,Bajo,Economist
1860,Sandalio Moraleda Lara,39,Masculino,Santa Cruz,Medio,Arboriculturist
1861,Juliana Trillo Galván,19,Masculino,Mendoza,Bajo,Logistics and distribution manager
1862,Chus Llobet,38,Femenino,Chubut,Medio,Commercial art gallery manager
1863,Valentín Amo-Cuevas,53,Femenino,Jujuy,Bajo,"Buyer, industrial"
1864,Elías Torrents Mate,61,Masculino,La Rioja,Medio,"Psychologist, prison and probation services"
1865,Lorenza Figuerola Ramos,56,Masculino,Salta,Alto,"Producer, radio"
1866,Haroldo Juan Manuel Criado Grande,64,Femenino,Santa Fe,Bajo,Operational researcher
1867,Antonia Márquez-Alberto,56,Femenino,Córdoba,Bajo,"Designer, ceramics/pottery"
1868,Américo Arteaga Antúnez,46,Masculino,Catamarca,Medio,Equality and diversity officer
1869,Adalberto Guzman Heredia,71,Femenino,Neuquén,Medio,Occupational therapist
1870,Emiliano Natanael Moliner Nogueira,43,Femenino,Corrientes,Bajo,Geographical information systems officer
1871,Raimundo Huertas Iglesia,38,Femenino,Córdoba,Medio,Bonds trader
1872,Julio de Molina,34,Femenino,Chaco,Bajo,Fisheries officer
1873,Telmo del Garay,33,Masculino,San Luis,Bajo,Multimedia specialist
1874,Nerea Villaverde Mosquera,48,Femenino,Chubut,Alto,Advertising copywriter
1875,Erasmo Pedro Amorós,68,Femenino,Catamarca,Medio,Quarry manager
1876,María Palomino Moreno,26,Masculino,Formosa,Medio,"Designer, jewellery"
1877,Cecilia del Burgos,48,Masculino,Córdoba,Bajo,Further education lecturer
1878,Ramiro Vaquero Oliver,31,Masculino,Mendoza,Bajo,Management consultant
1879,Victor Marco Miguel,66,Femenino,Santiago del Estero,Alto,"Psychologist, occupational"
1880,Edu Diego Girón,54,Masculino,Santa Cruz,Bajo,"Geologist, engineering"
1881,Andrés Lillo Belda,19,Femenino,Chaco,Bajo,"Therapist, drama"
1882,Mauricio Goicoechea Anguita,69,Femenino,CABA,Bajo,Social researcher
1883,Salomón Rius Redondo,65,Femenino,Chaco,Medio,"Buyer, industrial"
1884,Marina Taboada Sastre,63,Femenino,Entre Ríos,Bajo,Youth worker
1885,Marino Mosquera Guardiola,31,Otro,Mendoza,Bajo,Energy manager
1886,Ciríaco Álvaro Arnal,50,Masculino,Jujuy,Alto,Surgeon
1887,Roberto Sierra-Cornejo,52,Femenino,San Juan,Medio,Leisure centre manager
1888,Aníbal Fajardo Gonzalez,56,Masculino,Formosa,Bajo,Print production planner
1889,Teófila Narváez Escobar,64,Femenino,Buenos Aires,Medio,"Research officer, political party"
1890,Noemí de Escobar,68,Masculino,Mendoza,Bajo,Ophthalmologist
1891,Jose Francisco Gracia Arnau,37,Otro,San Juan,Medio,Archaeologist
1892,Benita Nogueira-Pedraza,19,Femenino,Neuquén,Medio,Oceanographer
1893,Alex Camps,68,Femenino,CABA,Bajo,Water quality scientist
1894,Yolanda Ramis,58,Masculino,La Pampa,Bajo,"Teacher, primary school"
1895,Jose Ignacio Edgardo Bermejo Pina,36,Masculino,Misiones,Medio,Economist
1896,Juliana Escrivá-Sanz,54,Femenino,Santiago del Estero,Alto,"Programme researcher, broadcasting/film/video"
1897,Bernardino Ramirez,35,Masculino,Neuquén,Medio,"Solicitor, Scotland"
1898,Gregorio Robles Vázquez,33,Femenino,Misiones,Bajo,Insurance claims handler
1899,Patricia Varela,21,Masculino,Río Negro,Bajo,Diplomatic Services operational officer
1900,Marco Morillo,29,Femenino,Tierra del Fuego,Bajo,"Geologist, wellsite"
1901,Poncio Pino-Prado,46,Masculino,Neuquén,Bajo,Clinical biochemist
1902,Narciso Carro Valenciano,24,Femenino,San Luis,Medio,"Nurse, learning disability"
1903,Marianela Carro Manzanares,31,Femenino,Formosa,Medio,Location manager
1904,Silvestre Corral Gámez,72,Masculino,Chubut,Bajo,Television floor manager
1905,Albano Novoa-Arribas,29,Masculino,Chubut,Bajo,Museum education officer
1906,Conrado Huertas Machado,52,Masculino,La Pampa,Medio,Environmental education officer
1907,Ovidio Piñol Llabrés,22,Femenino,Santa Cruz,Bajo,Civil Service fast streamer
1908,Mercedes Oliva Salmerón,34,Femenino,Tucumán,Alto,Speech and language therapist
1909,Aníbal Carpio Lladó,59,Femenino,Chaco,Medio,Professor Emeritus
1910,Oriana Sevillano Domingo,49,Femenino,Santa Cruz,Alto,"Administrator, sports"
1911,Renata Vilar Diego,27,Masculino,San Juan,Alto,"Scientist, water quality"
1912,Vinicio Ismael Reguera Sobrino,60,Masculino,Catamarca,Medio,"Engineer, aeronautical"
1913,Primitivo Corbacho Pavón,34,Masculino,Chaco,Bajo,Manufacturing systems engineer
1914,Celestino Villaverde Sacristán,22,Masculino,Misiones,Alto,"Teacher, primary school"
1915,Calista de Briones,62,Otro,Corrientes,Bajo,Cabin crew
1916,Eusebio Pelayo-Iglesia,59,Femenino,Entre Ríos,Bajo,Dentist
1917,Cándido del Higueras,26,Masculino,Tucumán,Medio,Oceanographer
1918,Alex Ayllón Puig,66,Femenino,Río Negro,Bajo,Ambulance person
1919,Marisela del Samper,50,Femenino,Santa Cruz,Bajo,"Scientist, research (life sciences)"
1920,Fortunata Guzman Arana,53,Masculino,Neuquén,Bajo,Statistician
1921,Ruben del Sala,53,Masculino,Corrientes,Bajo,Logistics and distribution manager
1922,Zaira Vega Navarro,35,Masculino,Salta,Medio,Media planner
1923,Josep Uriarte Sevillano,26,Femenino,Santiago del Estero,Bajo,"Geologist, wellsite"
1924,María Jesús Torres Viñas,74,Otro,Santiago del Estero,Medio,"Engineer, automotive"
1925,Fernanda Almansa Barros,46,Femenino,Santiago del Estero,Alto,"Programmer, multimedia"
1926,Anacleto Dan Elías Monreal,67,Masculino,La Rioja,Medio,Clothing/textile technologist
1927,Porfirio Crespo Pol,31,Masculino,San Juan,Medio,"Producer, radio"
1928,Remedios Abascal,42,Femenino,Tucumán,Alto,Risk manager
1929,Martirio Zorrilla Sanmartín,32,Femenino,Misiones,Bajo,Insurance broker
1930,Victoriano Giralt Valverde,23,Femenino,Neuquén,Medio,Broadcast journalist
1931,Irene Marquez,73,Femenino,Neuquén,Alto,Television camera operator
1932,Ciríaco Bello Ariño,59,Masculino,Chubut,Alto,Art therapist
1933,Horacio Cano,46,Femenino,Río Negro,Medio,Research scientist (physical sciences)
1934,Carmina Larrañaga Porta,32,Femenino,Chubut,Bajo,"Engineer, control and instrumentation"
1935,Jose Francisco Vendrell-Milla,46,Masculino,CABA,Alto,Cabin crew
1936,Armando Viña Chacón,21,Femenino,Santa Cruz,Bajo,Meteorologist
1937,Leonel Rozas-Plaza,35,Masculino,Formosa,Bajo,Pathologist
1938,Ceferino Girona Antón,67,Masculino,Santiago del Estero,Bajo,"Programmer, systems"
1939,Cruz Jiménez Alfonso,74,Masculino,Formosa,Medio,Armed forces operational officer
1940,Manu Planas Berrocal,66,Masculino,Chaco,Medio,"Pharmacist, hospital"
1941,Lara Monreal,61,Masculino,Neuquén,Medio,Trading standards officer
1942,Primitiva Nuria Hernandez Nicolau,56,Masculino,La Pampa,Medio,Proofreader
1943,Hipólito de Lobato,33,Femenino,Buenos Aires,Bajo,Sports coach
1944,Amor Calvet Espada,28,Masculino,San Juan,Medio,Building services engineer
1945,Inés Correa Salgado,31,Masculino,Buenos Aires,Medio,Solicitor
1946,Isaías Sainz,20,Masculino,Entre Ríos,Medio,Merchant navy officer
1947,Abril Gilabert Vera,68,Femenino,Río Negro,Alto,Make
1948,Calista Costa Borrell,67,Masculino,Santiago del Estero,Medio,Museum/gallery curator
1949,Eliana Agustín Ureña,59,Masculino,San Juan,Medio,"Teacher, primary school"
1950,Gilberto Isidro Ferrández Pintor,55,Femenino,Santiago del Estero,Bajo,Marine scientist
1951,Eva Iglesia Crespo,62,Femenino,Formosa,Medio,"Engineer, technical sales"
1952,Bienvenida Vicenta Bas Aznar,59,Femenino,La Rioja,Alto,Midwife
1953,Silvia de Patiño,35,Femenino,San Luis,Bajo,Set designer
1954,Natividad Cabo Manuel,37,Masculino,San Juan,Medio,Health promotion specialist
1955,Piedad Llanos Alarcón,65,Femenino,Chubut,Bajo,Furniture conservator/restorer
1956,Nieves Navarrete Arranz,42,Masculino,CABA,Medio,Actuary
1957,Pánfilo Román Valenciano,74,Masculino,Corrientes,Medio,"Engineer, land"
1958,Vasco Pombo Garzón,55,Masculino,Jujuy,Medio,Armed forces operational officer
1959,Encarnacion Lasa Carbonell,30,Femenino,Neuquén,Alto,"Merchandiser, retail"
1960,Ildefonso Cebrián Mendez Rubio,21,Masculino,Corrientes,Bajo,Health and safety inspector
1961,Perlita Planas-Artigas,72,Femenino,Chubut,Bajo,Customer service manager
1962,Soledad Tamayo Bernal,31,Femenino,Neuquén,Medio,Primary school teacher
1963,Bibiana Navarro-Hurtado,50,Masculino,Santa Cruz,Bajo,Arts administrator
1964,Ariel Donaire,45,Femenino,Santa Cruz,Medio,"Scientist, marine"
1965,Ruth Selena Quesada Román,69,Femenino,Neuquén,Bajo,Engineering geologist
1966,Nieves Anglada Mármol,54,Femenino,Jujuy,Bajo,Midwife
1967,Lope Vicente Arroyo,25,Masculino,Tucumán,Medio,"Teacher, primary school"
1968,Manu Baeza,61,Femenino,Misiones,Medio,"Accountant, chartered"
1969,Eva de Higueras,51,Masculino,Jujuy,Bajo,Animal nutritionist
1970,Nico Criado Belmonte,61,Femenino,Salta,Bajo,Trade mark attorney
1971,Tere Peinado Padilla,22,Femenino,Santa Fe,Bajo,Water engineer
1972,Galo Adalberto Coronado Ropero,71,Masculino,Misiones,Medio,Therapeutic radiographer
1973,Esther Coca Ureña,22,Femenino,CABA,Bajo,Transport planner
1974,Aura Priego,48,Femenino,Río Negro,Medio,Administrator
1975,Loreto Trillo,62,Femenino,Mendoza,Medio,Data processing manager
1976,Pedro Martín Espada,26,Masculino,Formosa,Medio,Records manager
1977,Alfredo del Álamo,59,Masculino,Corrientes,Bajo,Occupational hygienist
1978,Viviana Rivero Vilar,49,Otro,Río Negro,Medio,Hydrographic surveyor
1979,Trinidad Edelmiro Roselló Arévalo,50,Femenino,Jujuy,Alto,Bookseller
1980,Caridad Gutiérrez-Morante,20,Femenino,Tucumán,Bajo,Field trials officer
1981,Juan Pablo Carballo-Casado,47,Masculino,Santiago del Estero,Bajo,Consulting civil engineer
1982,Anacleto del Cal,67,Masculino,Formosa,Medio,Retail merchandiser
1983,Aurelia Ramis Prats,29,Femenino,Santiago del Estero,Bajo,"Solicitor, Scotland"
1984,Remedios de Escrivá,46,Femenino,Tierra del Fuego,Medio,Diplomatic Services operational officer
1985,Atilio Mulet Mateu,20,Masculino,Corrientes,Medio,Public affairs consultant
1986,Begoña Palomo,43,Femenino,Río Negro,Medio,Press sub
1987,Felix Baquero Verdejo,74,Femenino,Formosa,Medio,Artist
1988,Regina Luz-Jimenez,47,Masculino,Tucumán,Medio,Health physicist
1989,Andrea Montserrat Alegria,26,Masculino,Salta,Bajo,Retail banker
1990,Yaiza Moles Antón,43,Masculino,Santa Cruz,Bajo,Water quality scientist
1991,Zaida Ariza Sánchez,19,Femenino,Corrientes,Alto,Housing manager/officer
1992,Elías León Carpio,20,Masculino,La Pampa,Alto,Transport planner
1993,Teo del Torralba,63,Masculino,Entre Ríos,Medio,Site engineer
1994,Jesús Viñas,21,Femenino,Corrientes,Alto,Risk analyst
1995,Rufino Luque Dávila,42,Masculino,San Luis,Bajo,Museum/gallery curator
1996,Celestino Zapata,68,Masculino,Santa Cruz,Bajo,"Designer, fashion/clothing"
1997,Clímaco Bayona Barrio,30,Masculino,La Rioja,Bajo,Manufacturing engineer
1998,Reyes Lledó Villanueva,56,Femenino,Corrientes,Bajo,Chief Executive Officer
1999,Jimena Alemán Mendizábal,61,Femenino,Entre Ríos,Medio,Translator
2000,Nydia Guerrero,52,Masculino,Corrientes,Alto,"Surveyor, insurance"
2001,Apolinar Tejero Valverde,72,Femenino,Córdoba,Medio,Geoscientist
2002,Wálter Édgar Planas Palomar,40,Femenino,Formosa,Medio,Animal nutritionist
2003,Abigaíl Gimenez Duran,26,Masculino,Mendoza,Bajo,Diplomatic Services operational officer
2004,Nazaret Artigas,19,Masculino,Corrientes,Bajo,Financial adviser
2005,Mohamed Chamorro Múgica,71,Masculino,Entre Ríos,Bajo,Politician's assistant
2006,Flavia Galiano-Franco,58,Masculino,Santiago del Estero,Medio,Actuary
2007,Silvio Salom Pino,61,Femenino,Salta,Medio,Medical illustrator
2008,Alcides de Montserrat,48,Femenino,Salta,Alto,"Programme researcher, broadcasting/film/video"
2009,Trini del Iniesta,61,Masculino,Río Negro,Alto,Media buyer
2010,Alfonso Escobar Rius,64,Masculino,Santiago del Estero,Bajo,"Conservator, museum/gallery"
2011,Tito Arribas Crespi,19,Masculino,CABA,Bajo,Chief Technology Officer
2012,Isabel Casals,49,Femenino,Entre Ríos,Medio,Intelligence analyst
2013,Primitivo Palomar Jaume,35,Masculino,Salta,Bajo,Tax adviser
2014,Eva Blanca Tomas,30,Femenino,Mendoza,Medio,"Producer, television/film/video"
2015,Lola Merino-Martorell,63,Masculino,San Juan,Medio,Technical brewer
2016,Ruy Gomis Amat,22,Femenino,Tucumán,Bajo,Video editor
2017,Alejandra Gálvez-Ibañez,59,Femenino,Santiago del Estero,Medio,Prison officer
2018,Inmaculada Lucila Ramirez Alcolea,61,Masculino,Jujuy,Medio,Furniture designer
2019,Tere Oller-Suarez,27,Femenino,CABA,Alto,Glass blower/designer
2020,Macarena Ayuso Pineda,73,Otro,CABA,Bajo,Archivist
2021,Augusto Alcolea Rojas,60,Masculino,Misiones,Alto,Learning mentor
2022,Rafa Calderon Álamo,42,Femenino,Río Negro,Medio,Surgeon
2023,Octavia Dueñas-Girona,51,Masculino,Corrientes,Medio,Banker
2024,Aureliano Peiró Pombo,54,Femenino,Santa Fe,Bajo,Clothing/textile technologist
2025,Edelmiro Ortuño León,47,Masculino,Santa Fe,Medio,Maintenance engineer
2026,Emperatriz Manjón Nogueira,24,Femenino,Tucumán,Medio,Commissioning editor
2027,Calisto de Mendez,23,Femenino,La Rioja,Medio,"Nurse, children's"
2028,Caridad Sastre Clavero,71,Femenino,Tierra del Fuego,Medio,Medical laboratory scientific officer
2029,Eligio Abril Sánchez,72,Femenino,Misiones,Medio,"Geneticist, molecular"
2030,Sebastián Jose Angel Pedro Solera,20,Femenino,Chaco,Alto,Museum/gallery curator
2031,Jose Ignacio Roura Vilalta,30,Masculino,Chaco,Bajo,"Nurse, mental health"
2032,Zaira Salcedo Amor,20,Femenino,San Juan,Medio,Politician's assistant
2033,Julieta Alberdi Navas,43,Femenino,Catamarca,Bajo,"Geneticist, molecular"
2034,Mariano Riba Nebot,74,Femenino,Buenos Aires,Medio,Database administrator
2035,Baltasar Tirado Murcia,41,Femenino,Salta,Alto,Chiropodist
2036,Gloria Noemí Calderon Sastre,70,Femenino,Corrientes,Bajo,Petroleum engineer
2037,Maximiliano Sobrino Pereira,23,Femenino,Río Negro,Medio,Quality manager
2038,Ainara de Pastor,60,Masculino,Chubut,Medio,General practice doctor
2039,Ciríaco Ródenas Ros,66,Masculino,San Luis,Bajo,Arboriculturist
2040,Encarnita del Fábregas,59,Masculino,Corrientes,Medio,"Conservation officer, historic buildings"
2041,Candelas del Raya,29,Masculino,Misiones,Bajo,Manufacturing engineer
2042,Régulo Armas Bravo,66,Femenino,CABA,Alto,Financial planner
2043,Begoña Gálvez Pedrero,53,Masculino,Catamarca,Alto,Sports therapist
2044,Ciriaco Morell Fernandez,19,Masculino,Salta,Medio,Recycling officer
2045,Maxi Remigio Morante Castejón,28,Otro,Río Negro,Medio,Clinical embryologist
2046,Eulalia Coloma,56,Masculino,Entre Ríos,Medio,Broadcast journalist
2047,Malena Viana Vendrell,51,Masculino,San Juan,Bajo,Holiday representative
2048,Morena Iglesia Tamarit,43,Masculino,Neuquén,Medio,Location manager
2049,Roxana Amaya Gual,35,Masculino,Corrientes,Medio,"Research officer, trade union"
2050,Bernardo Alvarado Quesada,38,Femenino,Formosa,Alto,Archivist
2051,Antonia Alvarez Llobet,53,Femenino,Córdoba,Medio,Scientific laboratory technician
2052,Candelas Maxi Sarmiento Fuente,57,Femenino,San Juan,Medio,Community pharmacist
2053,Calista de Porta,69,Masculino,San Juan,Medio,Special effects artist
2054,Danilo Cervantes Benet,63,Femenino,Tucumán,Bajo,Water quality scientist
2055,Yaiza Gras Novoa,61,Masculino,Misiones,Medio,Radio producer
2056,Azahara Vallejo Mayol,39,Masculino,Misiones,Medio,Fashion designer
2057,Claudio Villanueva Ríos,70,Masculino,Misiones,Bajo,"Designer, furniture"
2058,Piedad del Agustín,47,Masculino,Chaco,Medio,Financial adviser
2059,René Sanz Milla,67,Masculino,Chaco,Medio,Public house manager
2060,Emilia Valverde Casares,60,Masculino,Neuquén,Medio,Special educational needs teacher
2061,Fabiana Cañas Mateo,47,Otro,Neuquén,Medio,Field seismologist
2062,Francisco Javier Múgica-Noriega,25,Masculino,San Juan,Medio,Media planner
2063,Rosa Esparza Amor,51,Masculino,Misiones,Medio,Systems developer
2064,Cayetana Pozo,74,Masculino,Buenos Aires,Alto,Legal secretary
2065,Eric Jódar Segura,64,Femenino,Jujuy,Bajo,Solicitor
2066,Fabio Lasa Correa,26,Masculino,Santa Cruz,Alto,"Doctor, hospital"
2067,Elpidio Navas Pujadas,68,Femenino,Jujuy,Medio,Oncologist
2068,Beatriz Sosa Gonzalez,37,Otro,Jujuy,Medio,Petroleum engineer
2069,Marta Checa,57,Masculino,Tucumán,Medio,Financial manager
2070,Delia Nevado Albero,42,Masculino,CABA,Bajo,"Teacher, special educational needs"
2071,Carla Matas Valls,36,Masculino,Entre Ríos,Bajo,Analytical chemist
2072,Leire de Puig,22,Femenino,Buenos Aires,Medio,Administrator
2073,Pancho Trillo Narváez,28,Masculino,Buenos Aires,Medio,"Psychologist, educational"
2074,Alicia del Company,32,Masculino,Chaco,Medio,Advice worker
2075,David Montenegro Velasco,25,Masculino,Corrientes,Medio,"Designer, textile"
2076,Josué Arturo Escudero Anglada,36,Femenino,Formosa,Bajo,Armed forces logistics/support/administrative officer
2077,Rosalía Marquez Macías,40,Masculino,Río Negro,Bajo,"Designer, interior/spatial"
2078,Buenaventura Palacios Galindo,44,Masculino,Chubut,Medio,Tax inspector
2079,María Teresa Soler Alcolea,57,Femenino,CABA,Bajo,Health promotion specialist
2080,Toni Navarro Ballesteros,49,Femenino,Tierra del Fuego,Medio,"Conservation officer, nature"
2081,Eutropio Calleja Angulo,43,Femenino,La Pampa,Bajo,Civil Service administrator
2082,Danilo Sierra Gallardo,44,Masculino,San Juan,Medio,Network engineer
2083,Elba Blanch Aparicio,36,Femenino,San Luis,Bajo,"Scientist, research (maths)"
2084,Gustavo de Vélez,67,Femenino,Mendoza,Bajo,Chartered public finance accountant
2085,Carmelita Luján Viñas,59,Masculino,Tucumán,Medio,Gaffer
2086,María Belén Torrijos,46,Femenino,La Pampa,Medio,"Chemist, analytical"
2087,Telmo Arribas Ortega,56,Masculino,Santa Cruz,Bajo,"Surveyor, mining"
2088,Caridad Codina Almazán,58,Femenino,San Luis,Alto,"Pharmacist, hospital"
2089,Asdrubal Monreal,50,Masculino,Salta,Bajo,Retail merchandiser
2090,Agustín Plana Luís,36,Femenino,Chubut,Medio,"Secretary, company"
2091,Pío Roldan-Lloret,54,Masculino,Mendoza,Bajo,Marketing executive
2092,Poncio Samu Belmonte Piñeiro,36,Femenino,Santa Cruz,Bajo,Cartographer
2093,Macario Hernando Sanjuan,50,Masculino,Buenos Aires,Medio,Charity fundraiser
2094,Isidro Aguilar-Rosa,64,Otro,Jujuy,Bajo,Physiological scientist
2095,Sigfrido Bastida Palomino,33,Femenino,Entre Ríos,Medio,Legal executive
2096,Ema Reig,40,Masculino,Tucumán,Bajo,Hydrogeologist
2097,Imelda Blazquez,24,Femenino,Entre Ríos,Medio,Acupuncturist
2098,Roberta Tovar,43,Otro,San Luis,Bajo,Learning mentor
2099,Teresita López Franch,49,Masculino,Córdoba,Bajo,Animal nutritionist
2100,Martin Alberdi Cortes,29,Masculino,La Rioja,Bajo,Fashion designer
2101,María Manuela Menéndez Velasco,25,Femenino,Corrientes,Medio,Dentist
2102,Paco de Gámez,22,Masculino,Río Negro,Medio,Air traffic controller
2103,Sonia Santamaria Andrés,59,Masculino,Formosa,Medio,"Programmer, applications"
2104,Dionisia Escribano,45,Masculino,Santa Fe,Medio,"Lecturer, further education"
2105,Hilda de Núñez,70,Masculino,Santiago del Estero,Medio,"Accountant, chartered certified"
2106,Isabela de Cerezo,22,Masculino,Jujuy,Medio,"Engineer, site"
2107,Domingo Vives Armas,66,Masculino,Jujuy,Bajo,Osteopath
2108,Juanita Nuñez Figuerola,43,Femenino,Jujuy,Bajo,TEFL teacher
2109,Marcelino Bravo Gelabert,22,Femenino,Santa Cruz,Medio,Public affairs consultant
2110,Álvaro Juan Iglesia Bolaños,39,Masculino,Río Negro,Medio,Research scientist (maths)
2111,Luz Nadal,32,Femenino,Buenos Aires,Bajo,Industrial/product designer
2112,Alejo Codina,30,Femenino,Salta,Medio,Tree surgeon
2113,Luciana Ferreras Sola,45,Femenino,Santa Fe,Medio,Media planner
2114,Tere de Roselló,50,Masculino,Misiones,Medio,Records manager
2115,Filomena Olivares Montesinos,60,Masculino,San Luis,Bajo,Conference centre manager
2116,Ovidio Ovidio Valenzuela Arcos,40,Femenino,Santa Fe,Medio,Magazine features editor
2117,Marcos Ramos Téllez,50,Femenino,Santa Fe,Bajo,Dance movement psychotherapist
2118,Olga de Linares,60,Femenino,Salta,Bajo,Print production planner
2119,Wálter Montenegro Cal,35,Femenino,Misiones,Medio,"Psychologist, counselling"
2120,Emperatriz de Pina,67,Masculino,Entre Ríos,Bajo,Rural practice surveyor
2121,María Jesús Prat Farré,70,Femenino,Santa Fe,Bajo,Phytotherapist
2122,Daniela Múñiz Alsina,47,Masculino,Santa Fe,Bajo,IT technical support officer
2123,Buenaventura Salvà Llabrés,43,Masculino,Formosa,Medio,"Scientist, product/process development"
2124,Eutropio Águila,33,Femenino,Entre Ríos,Bajo,Manufacturing systems engineer
2125,Duilio Capdevila Chico,30,Masculino,Mendoza,Bajo,Building control surveyor
2126,Cleto Bello Ayuso,56,Masculino,Salta,Medio,Bonds trader
2127,Estefanía Carrión Peral,50,Femenino,San Luis,Medio,Actor
2128,Ainoa Barba Bilbao,43,Masculino,Corrientes,Alto,Field seismologist
2129,Miriam Saez Montenegro,65,Otro,Salta,Bajo,Politician's assistant
2130,Leonardo Rosario Catalá Montes,18,Otro,Buenos Aires,Bajo,Advertising account planner
2131,Rogelio Cabello Blanes,66,Femenino,Chubut,Medio,Dispensing optician
2132,Eulalia Sacristán-Vilalta,55,Masculino,Córdoba,Bajo,"Nurse, adult"
2133,Donato Carnero-Salas,19,Masculino,CABA,Alto,Nature conservation officer
2134,Roxana Aguilera Ramón,66,Masculino,Río Negro,Medio,Stage manager
2135,Ceferino Ortega-Pedro,23,Masculino,Santiago del Estero,Bajo,Insurance broker
2136,Cecilio Sevilla-Antón,63,Masculino,Chubut,Medio,Investment analyst
2137,Leandra Téllez Oliva,67,Otro,Chubut,Bajo,Horticultural consultant
2138,Segismundo Arana Codina,55,Masculino,La Rioja,Alto,Homeopath
2139,Félix Marciano Guerrero Castilla,59,Femenino,Catamarca,Alto,Public relations account executive
2140,América Alba Sola,41,Masculino,Río Negro,Medio,Logistics and distribution manager
2141,Ciríaco Ayuso Cerezo,35,Femenino,Córdoba,Bajo,Medical technical officer
2142,Paula Gascón,44,Femenino,Neuquén,Bajo,"Designer, furniture"
2143,José Antonio Cesar Vilar Casares,58,Masculino,Neuquén,Bajo,"Lighting technician, broadcasting/film/video"
2144,Inmaculada Polo Rios,25,Masculino,Río Negro,Bajo,"Engineer, maintenance (IT)"
2145,Baldomero Escrivá Álvarez,45,Femenino,Santa Cruz,Medio,"Development worker, international aid"
2146,Teobaldo Llorens Carballo,27,Femenino,Mendoza,Alto,Hotel manager
2147,Lara Alegre Coll,34,Femenino,La Rioja,Medio,Occupational hygienist
2148,Agapito Ocaña Ferrán,72,Masculino,Jujuy,Medio,Public house manager
2149,Hermenegildo Barberá Juan,46,Masculino,Misiones,Medio,"Radiographer, diagnostic"
2150,Amada del Marín,23,Femenino,CABA,Alto,Network engineer
2151,Fátima Blanco Taboada,31,Femenino,Catamarca,Bajo,"Surveyor, quantity"
2152,Kike Diez Trujillo,39,Masculino,Formosa,Medio,Fine artist
2153,Anselma Infante Romero,71,Femenino,La Pampa,Medio,Advertising copywriter
2154,Plácido Mesa Martín,23,Masculino,La Pampa,Medio,"Engineer, manufacturing"
2155,Jesusa del Blanco,43,Masculino,Santiago del Estero,Alto,Corporate investment banker
2156,Victorino Gonzalo Álvaro,56,Masculino,Jujuy,Medio,Interpreter
2157,Domingo Serrano Macias,29,Masculino,Misiones,Bajo,Graphic designer
2158,Agustín Iñiguez Paz,52,Femenino,Formosa,Medio,"Surveyor, hydrographic"
2159,Elisabet Guijarro Gallardo,31,Masculino,Santa Cruz,Bajo,Orthoptist
2160,Brunilda Sobrino-Pi,39,Masculino,Santa Fe,Medio,Metallurgist
2161,Rosario Sosa Tormo,68,Femenino,Jujuy,Medio,Lexicographer
2162,Juliana Tapia Redondo,40,Femenino,Santiago del Estero,Medio,"Surveyor, planning and development"
2163,Eligia Quiroga Chacón,65,Femenino,Formosa,Alto,"Optician, dispensing"
2164,Pascual Vallejo Arias,24,Femenino,Chubut,Medio,Proofreader
2165,Dulce Chacón Esparza,57,Masculino,Entre Ríos,Bajo,"Therapist, nutritional"
2166,Teodora Caridad Tamarit Carmona,67,Femenino,La Pampa,Bajo,Manufacturing systems engineer
2167,Carmelita Ponce-Blanca,42,Femenino,Buenos Aires,Alto,"Sound technician, broadcasting/film/video"
2168,Griselda Jimena Cabo Hierro,30,Femenino,Santa Fe,Bajo,"Engineer, land"
2169,Fausto Figueras-Diez,38,Masculino,Jujuy,Bajo,Location manager
2170,Melchor Arce,58,Masculino,Buenos Aires,Bajo,Automotive engineer
2171,Domingo Mir,27,Femenino,Santiago del Estero,Medio,"Scientist, research (maths)"
2172,Ángel Caballero Villalba,70,Masculino,Corrientes,Bajo,"Psychotherapist, child"
2173,Isidora Hoz Bru,72,Femenino,Misiones,Alto,"Optician, dispensing"
2174,Nadia Cobos Escolano,26,Femenino,Chubut,Alto,Automotive engineer
2175,Ana Belén Jovita Cases Benavente,32,Femenino,Salta,Alto,Research scientist (life sciences)
2176,Vicenta Marquez Gabaldón,69,Femenino,Santiago del Estero,Bajo,Secondary school teacher
2177,Luisina Larrañaga Ayllón,19,Femenino,Santa Fe,Alto,Financial controller
2178,Adelardo Sevillano,42,Masculino,Córdoba,Alto,Restaurant manager
2179,Rodrigo Gallo,30,Femenino,Río Negro,Alto,Medical technical officer
2180,Leire Bas Duarte,51,Femenino,La Pampa,Medio,Stage manager
2181,Eufemia Márquez Morell,68,Masculino,Jujuy,Medio,"Psychologist, forensic"
2182,Cristian Francisco Tormo,51,Masculino,Neuquén,Bajo,"Engineer, maintenance"
2183,Ligia Ledesma Moreno,52,Masculino,Corrientes,Alto,"Radiographer, diagnostic"
2184,Simón Parejo Ballesteros,55,Femenino,Tierra del Fuego,Bajo,Planning and development surveyor
2185,Alcides Jose Ramón Palma Macias,20,Masculino,CABA,Bajo,Museum/gallery curator
2186,Fabián Cortes Piñol,59,Femenino,La Rioja,Alto,"Buyer, industrial"
2187,Fátima Ropero Anglada,73,Masculino,San Luis,Medio,Lobbyist
2188,Basilio Casemiro Enríquez Aller,23,Masculino,La Rioja,Bajo,Geochemist
2189,Luciano Larrañaga Ródenas,72,Femenino,Río Negro,Alto,"Engineer, petroleum"
2190,Santos Villaverde Garrido,65,Masculino,Córdoba,Alto,"Nurse, learning disability"
2191,Flavio Priego-Farré,66,Femenino,Catamarca,Bajo,"Engineer, control and instrumentation"
2192,Viviana Leon Pinedo,36,Femenino,CABA,Alto,Professor Emeritus
2193,Leocadia Bonilla Tena,20,Femenino,Santa Cruz,Bajo,Comptroller
2194,Marisela Bravo Miguel,35,Masculino,Chubut,Bajo,Lawyer
2195,Seve Nicolau Peral,56,Femenino,La Pampa,Bajo,"Lecturer, higher education"
2196,Teodora Cuenca Armas,26,Femenino,Catamarca,Bajo,Air broker
2197,Calista Bárcena,69,Femenino,Catamarca,Bajo,Animal nutritionist
2198,Herminia Páez Borrego,29,Femenino,Santiago del Estero,Bajo,Product designer
2199,Felix Pareja Alcalá,22,Femenino,Chubut,Alto,Pension scheme manager
2200,Bernarda Espejo Revilla,20,Femenino,Santiago del Estero,Medio,"Editor, magazine features"
2201,Adolfo Tamayo-Fuertes,28,Femenino,Tierra del Fuego,Alto,Forest/woodland manager
2202,Silvio Villalba Elorza,74,Masculino,La Pampa,Medio,Archivist
2203,Olalla Chico Torrijos,47,Masculino,Catamarca,Bajo,Civil Service fast streamer
2204,Daniel Cámara-Cabello,21,Masculino,Mendoza,Alto,Copy
2205,Prudencio Cañellas Corominas,22,Masculino,Santa Fe,Alto,Tourism officer
2206,Ricardo Feliu Águila,18,Masculino,Entre Ríos,Bajo,Charity fundraiser
2207,Viviana Tejero Ripoll,44,Masculino,Santa Cruz,Bajo,"Engineer, site"
2208,Flor Piquer Román,45,Femenino,Jujuy,Medio,"Clinical scientist, histocompatibility and immunogenetics"
2209,Edmundo Corominas Grau,46,Masculino,CABA,Medio,Hydrogeologist
2210,Nando Pineda Galindo,35,Femenino,Chaco,Alto,Herpetologist
2211,Albert Boix Rivera,29,Masculino,San Juan,Bajo,Fast food restaurant manager
2212,Josué Miralles-Llamas,30,Masculino,San Luis,Bajo,Magazine features editor
2213,Reyes Perelló Salvà,58,Masculino,Chaco,Medio,Writer
2214,Rosenda Leal Porras,19,Masculino,Santa Cruz,Medio,Commercial horticulturist
2215,Débora Ojeda Cortes,54,Femenino,Formosa,Bajo,Minerals surveyor
2216,Rosa Blanca Nebot Coloma,62,Femenino,Río Negro,Bajo,Occupational therapist
2217,Azahar Losada Burgos,33,Masculino,Córdoba,Medio,Operational investment banker
2218,Severino Eustaquio Abascal Zabala,65,Masculino,Chaco,Medio,Fisheries officer
2219,Esperanza Jara España,41,Masculino,Formosa,Bajo,Magazine journalist
2220,Javier Gutierrez Olivé,52,Femenino,Mendoza,Medio,Consulting civil engineer
2221,Lidia Báez Villa,39,Femenino,Formosa,Medio,Health visitor
2222,Albano del Cid,53,Femenino,Córdoba,Alto,"Conservation officer, nature"
2223,Lupe Pánfilo Bayona Rodríguez,28,Femenino,Santa Fe,Bajo,Industrial buyer
2224,Felicia Manso Sanabria,72,Femenino,San Luis,Bajo,Financial manager
2225,Susana de Casares,63,Masculino,Misiones,Alto,Musician
2226,Lola Piñol Montesinos,46,Masculino,Santa Fe,Bajo,Logistics and distribution manager
2227,Íñigo Santamaría,52,Femenino,Neuquén,Medio,Drilling engineer
2228,Alonso Martorell Bernat,65,Femenino,Catamarca,Medio,Estate agent
2229,Dafne Mateu,71,Femenino,Chubut,Bajo,Race relations officer
2230,Elías Pancho Laguna Taboada,32,Femenino,Santa Fe,Medio,Retail buyer
2231,Primitivo Ramis Araujo,48,Masculino,San Juan,Medio,Forest/woodland manager
2232,Rosaura Estrada Escribano,59,Femenino,Misiones,Medio,"Chemist, analytical"
2233,Abigaíl Mur Catalán,58,Femenino,Río Negro,Bajo,"Designer, furniture"
2234,Juan Manuel del Llabrés,60,Masculino,Misiones,Alto,Heritage manager
2235,Adelaida Vera Cases,33,Femenino,Formosa,Medio,"Merchandiser, retail"
2236,Ruy Castell Toro,27,Femenino,Neuquén,Medio,Multimedia specialist
2237,Rosalía Prat Alegria,66,Masculino,Corrientes,Alto,Tax adviser
2238,Luis Miguel Beltran Blanes,49,Masculino,Misiones,Medio,Museum/gallery conservator
2239,Eli Vilar,68,Masculino,Córdoba,Medio,Dealer
2240,Valentina del Redondo,19,Femenino,Santa Fe,Alto,Insurance claims handler
2241,Bernardita Carnero-Cobo,41,Masculino,Neuquén,Bajo,Cartographer
2242,Plácido Juan Luis Salmerón Baró,40,Femenino,Santa Cruz,Medio,Management consultant
2243,Manu Mesa-Castañeda,19,Femenino,Entre Ríos,Alto,Fisheries officer
2244,Isabela Álvaro Luna,55,Masculino,CABA,Bajo,Early years teacher
2245,Pepito Arrieta Abascal,48,Femenino,Entre Ríos,Bajo,Meteorologist
2246,Nayara Izaguirre Arnaiz,68,Otro,Buenos Aires,Alto,Patent examiner
2247,Román Giner Ferrero,57,Masculino,Salta,Medio,"Psychologist, forensic"
2248,Chuy Company Morcillo,43,Masculino,San Luis,Alto,Agricultural consultant
2249,Carmelita Nicolau Suárez,46,Femenino,Chubut,Bajo,Public librarian
2250,Sabas de Caparrós,20,Femenino,Santiago del Estero,Bajo,Printmaker
2251,Isabel Polo-Prada,31,Masculino,Santa Cruz,Bajo,Toxicologist
2252,Eusebio Cisneros,42,Masculino,Río Negro,Medio,Theatre director
2253,Rubén Tello Anguita,65,Masculino,Corrientes,Medio,Fish farm manager
2254,Gertrudis Áurea Ochoa Castejón,18,Otro,Corrientes,Bajo,Accommodation manager
2255,Jesús de Armas,70,Masculino,San Juan,Bajo,Public affairs consultant
2256,Gervasio Luís,20,Femenino,San Juan,Medio,Midwife
2257,Nydia Campillo,71,Femenino,CABA,Medio,Horticultural therapist
2258,Luís Bustamante,43,Masculino,Neuquén,Bajo,"Administrator, Civil Service"
2259,Edgardo Ruperto Cervantes Iñiguez,35,Femenino,Misiones,Alto,Network engineer
2260,Olimpia del Cal,26,Masculino,San Juan,Bajo,"Programme researcher, broadcasting/film/video"
2261,Loida Leire Hervás Cámara,55,Femenino,Formosa,Medio,Tax inspector
2262,Maximino Pedrosa Díaz,40,Masculino,Misiones,Alto,Music tutor
2263,Pepe Dominguez,38,Femenino,Chubut,Medio,"Psychologist, prison and probation services"
2264,Raquel Sosa Cuevas,74,Femenino,La Pampa,Bajo,Proofreader
2265,Ciro Borrás Álvarez,18,Masculino,Entre Ríos,Bajo,Computer games developer
2266,Remedios Macias Nadal,38,Masculino,Chubut,Alto,"Surveyor, mining"
2267,Jordán Acosta Barba,44,Masculino,La Pampa,Bajo,Corporate investment banker
2268,Piedad Rius,59,Masculino,Chubut,Medio,Intelligence analyst
2269,Cristian Julián Calvet,23,Femenino,Salta,Alto,Multimedia specialist
2270,Maricela Alonso Orozco,72,Femenino,Santiago del Estero,Alto,"Engineer, drilling"
2271,Lorenza Arcos Carrera,61,Masculino,Chaco,Medio,"Surveyor, insurance"
2272,Sofía Alberdi,53,Femenino,Neuquén,Medio,Drilling engineer
2273,Emigdio Parra Roman,45,Femenino,San Luis,Alto,Lobbyist
2274,Mireia Menendez-Merino,62,Femenino,Santiago del Estero,Bajo,Control and instrumentation engineer
2275,Cirino Pina Cobos,34,Masculino,CABA,Bajo,Jewellery designer
2276,Jenaro Casal,57,Masculino,Tucumán,Bajo,Clinical cytogeneticist
2277,Gaspar Sales Tudela,69,Masculino,Salta,Bajo,Industrial buyer
2278,Ernesto Lladó Miguel,20,Femenino,La Rioja,Alto,Ergonomist
2279,Mateo Ródenas Catalán,29,Masculino,Tucumán,Medio,"Therapist, art"
2280,Seve Nogués Elorza,56,Masculino,Salta,Alto,Oceanographer
2281,Abril Sanchez Prieto,29,Masculino,Jujuy,Medio,"Administrator, education"
2282,Joaquín Mariño Cabo,19,Femenino,San Juan,Medio,Financial adviser
2283,Silvestre Pablo Barrio Ibañez,73,Masculino,San Luis,Medio,Microbiologist
2284,Íngrid Romeu Querol,63,Masculino,San Juan,Bajo,Race relations officer
2285,Encarna de Chico,39,Masculino,Mendoza,Alto,Bookseller
2286,Claudio Padilla Reina,40,Masculino,Misiones,Medio,Clothing/textile technologist
2287,Elena Escamilla Carrillo,47,Femenino,Tucumán,Medio,"Nurse, mental health"
2288,Mamen Chaparro Elías,22,Masculino,Río Negro,Bajo,Intelligence analyst
2289,Marina Marianela Soria Arrieta,26,Masculino,San Juan,Alto,Nature conservation officer
2290,Odalis Verdugo-Azorin,38,Femenino,San Juan,Alto,International aid/development worker
2291,José Antonio de Bayón,28,Masculino,Río Negro,Medio,Air cabin crew
2292,Blanca de Vilanova,22,Masculino,Salta,Medio,Chief Technology Officer
2293,Baldomero Juan Luis Morán Infante,52,Femenino,Corrientes,Medio,Graphic designer
2294,Florentina Fernández Gimeno,44,Masculino,La Rioja,Bajo,Hotel manager
2295,Candelas Mate Ojeda,66,Masculino,CABA,Bajo,Industrial/product designer
2296,Rosenda Prats Torrens,19,Masculino,Jujuy,Medio,Musician
2297,Oriana Hoyos Mas,41,Femenino,Chubut,Bajo,Senior tax professional/tax inspector
2298,Fermín Casado,48,Femenino,Santa Fe,Medio,"Scientist, research (physical sciences)"
2299,Florencia Juliá Núñez,50,Femenino,Catamarca,Medio,Pension scheme manager
2300,José Manuel Palacio Acosta,56,Femenino,San Luis,Bajo,Multimedia programmer
2301,Juan Bautista Casanova Osuna,47,Masculino,Mendoza,Bajo,Clinical cytogeneticist
2302,Amarilis Cáceres González,63,Masculino,La Rioja,Bajo,"Geologist, engineering"
2303,Delia Machado Huertas,54,Femenino,Catamarca,Bajo,"Engineer, civil (contracting)"
2304,Iván Galvez Español,68,Femenino,Córdoba,Medio,Jewellery designer
2305,Serafina Nadal Peñalver,45,Masculino,Misiones,Medio,Chiropodist
2306,Albino de Fernández,48,Femenino,Chaco,Alto,"Psychologist, prison and probation services"
2307,Susanita del Donaire,28,Masculino,Mendoza,Bajo,Physiological scientist
2308,Maricela Talavera Merino,40,Masculino,San Luis,Alto,"Engineer, water"
2309,Mercedes Julián,74,Masculino,San Juan,Bajo,Product designer
2310,Lucho Artigas Infante,19,Masculino,Catamarca,Medio,Public relations officer
2311,Donato Escalona Calderon,57,Femenino,Santa Cruz,Medio,Interpreter
2312,Noelia de Gual,58,Femenino,Córdoba,Medio,Science writer
2313,Mohamed Lopez-Figueroa,44,Masculino,Río Negro,Medio,"Merchandiser, retail"
2314,María Cristina Capdevila Sandoval,52,Masculino,Santa Cruz,Bajo,Estate agent
2315,Leire Campoy Berenguer,19,Femenino,Tucumán,Bajo,Legal secretary
2316,Francisco Javier Lucas Ojeda,56,Masculino,Catamarca,Alto,Radio producer
2317,Elías Portero Blasco,54,Femenino,La Rioja,Bajo,Arts administrator
2318,Diana Valverde,38,Masculino,San Luis,Bajo,Technical author
2319,Wilfredo Prats Ríos,22,Femenino,San Luis,Bajo,"Development worker, community"
2320,Álvaro Evaristo Pedrosa Donoso,69,Masculino,Tucumán,Bajo,Pathologist
2321,Geraldo Botella Lumbreras,62,Masculino,Chaco,Medio,Information systems manager
2322,María Belén Carbajo Cáceres,38,Masculino,Buenos Aires,Medio,Dentist
2323,Samanta Coronado Valbuena,46,Masculino,CABA,Bajo,Trading standards officer
2324,Aurora Estrella Lledó Moles,37,Masculino,Mendoza,Bajo,"Horticulturist, commercial"
2325,Chus Nebot Montalbán,55,Femenino,Mendoza,Medio,"Psychologist, sport and exercise"
2326,Tecla Priego Rivera,37,Masculino,CABA,Medio,"Teacher, music"
2327,Reynaldo Jove Palacio,67,Masculino,San Luis,Alto,Financial controller
2328,Cebrián Fajardo Villalobos,42,Femenino,Santiago del Estero,Alto,Field trials officer
2329,Ágata Collado,19,Femenino,Tucumán,Alto,"Engineer, mining"
2330,Isabela Peñas Mayo,74,Otro,Río Negro,Medio,Financial planner
2331,Ileana Torrijos Llopis,49,Femenino,La Rioja,Medio,Wellsite geologist
2332,Reinaldo Quero Fonseca,43,Masculino,Buenos Aires,Bajo,Higher education careers adviser
2333,Esteban Osorio Izaguirre,23,Femenino,Formosa,Medio,Nutritional therapist
2334,Desiderio Peláez Riera,58,Femenino,Salta,Bajo,Teaching laboratory technician
2335,Adelia Nadia Bernad Piña,74,Femenino,Jujuy,Alto,Textile designer
2336,Sol Sales Torre,20,Masculino,San Juan,Medio,Plant breeder/geneticist
2337,Berta Zaragoza Peña,50,Masculino,San Luis,Medio,"Surveyor, minerals"
2338,Pánfilo Elías Franco,18,Masculino,Corrientes,Bajo,Forensic psychologist
2339,Sancho Menéndez Cañellas,68,Femenino,San Luis,Medio,Records manager
2340,Ámbar de Fuertes,22,Femenino,Tucumán,Bajo,Fast food restaurant manager
2341,Maxi Pastor Valdés,30,Femenino,Neuquén,Bajo,Historic buildings inspector/conservation officer
2342,Seve Espada Teruel,36,Masculino,Formosa,Bajo,Conference centre manager
2343,Jessica Martorell Morales,29,Femenino,Jujuy,Bajo,"Production designer, theatre/television/film"
2344,Ema Vidal Roura,65,Femenino,Tierra del Fuego,Medio,"Copywriter, advertising"
2345,Cayetano Ribes Exposito,42,Masculino,Santa Cruz,Medio,Environmental health practitioner
2346,Luis Navarro Calvo,74,Femenino,Santa Cruz,Alto,Sports administrator
2347,Victoriano Mosquera Alba,68,Masculino,Chaco,Medio,Pensions consultant
2348,Julieta Sarita Huerta Villanueva,52,Femenino,Córdoba,Bajo,Tax adviser
2349,Lázaro de Cuervo,29,Femenino,Chaco,Alto,Contracting civil engineer
2350,Leyre del Donoso,47,Femenino,Chubut,Medio,Gaffer
2351,Edelmira Mirta Avilés Castrillo,22,Femenino,Formosa,Medio,"Research officer, government"
2352,Domingo Coll Cámara,51,Femenino,La Rioja,Medio,Restaurant manager
2353,Joan Marco Alegre,39,Femenino,Tierra del Fuego,Medio,Exhibition designer
2354,Celso Arregui Alvarez,56,Masculino,Entre Ríos,Bajo,"Administrator, education"
2355,Darío Roca Castillo,30,Femenino,Santa Fe,Bajo,Meteorologist
2356,Mercedes Belmonte Ochoa,74,Masculino,Chubut,Medio,"Nurse, learning disability"
2357,Ligia Bustos Bello,64,Masculino,La Pampa,Bajo,Administrator
2358,Clementina Mamen Alcolea Rozas,71,Femenino,Tierra del Fuego,Alto,"Engineer, control and instrumentation"
2359,Nando de Alfonso,20,Femenino,La Pampa,Medio,Fisheries officer
2360,Anastasia Duran Rosell,70,Masculino,Mendoza,Medio,"Librarian, public"
2361,Porfirio de Neira,37,Masculino,Misiones,Medio,Best boy
2362,Aurora Adán-Jimenez,48,Masculino,Entre Ríos,Bajo,Radio broadcast assistant
2363,María Pilar Portero-Barragán,22,Masculino,San Juan,Alto,"Editor, film/video"
2364,Mayte Navas Uriarte,41,Masculino,San Luis,Alto,Town planner
2365,Narcisa Cabezas Huerta,57,Femenino,La Rioja,Medio,Social researcher
2366,Alfonso Sáenz-Alcalde,71,Masculino,La Rioja,Alto,Metallurgist
2367,Rico Rómulo Sarabia Luque,50,Masculino,San Juan,Bajo,Learning disability nurse
2368,Itziar Campillo Egea,25,Masculino,Jujuy,Alto,Theme park manager
2369,Paloma Yuste-Mate,41,Otro,Corrientes,Bajo,Research scientist (life sciences)
2370,Amalia Baños-Romeu,67,Masculino,San Juan,Bajo,Physiological scientist
2371,Lina Pla Melero,37,Masculino,La Rioja,Bajo,Engineering geologist
2372,Adelaida Vives Olivera,33,Masculino,Misiones,Bajo,Cabin crew
2373,Chus Múgica Huerta,67,Femenino,Neuquén,Bajo,Counselling psychologist
2374,Cristian Frutos Orozco,69,Femenino,Río Negro,Alto,Town planner
2375,Lupe Hurtado Alemán,29,Masculino,CABA,Alto,Exhibition designer
2376,Gerónimo Prat Solana,30,Masculino,San Juan,Bajo,"Education officer, environmental"
2377,Moisés Tomé-Samper,62,Masculino,La Rioja,Bajo,Pension scheme manager
2378,Alma Zurita Uriarte,59,Femenino,Río Negro,Alto,Outdoor activities/education manager
2379,Eloísa García,56,Femenino,Mendoza,Bajo,"Conservator, furniture"
2380,Maite de Santamaría,42,Masculino,Santa Cruz,Bajo,Theatre stage manager
2381,Fabricio de Solana,63,Masculino,Salta,Medio,Museum/gallery exhibitions officer
2382,Amalia Pascuala Carnero Ferrero,49,Masculino,San Juan,Medio,"Designer, furniture"
2383,Almudena Paca Juárez Caparrós,41,Masculino,Catamarca,Bajo,"Designer, television/film set"
2384,Hernán Dueñas Gaya,65,Femenino,Tierra del Fuego,Medio,Hospital pharmacist
2385,Alejandro Salamanca-Perelló,64,Masculino,Jujuy,Medio,"Clinical scientist, histocompatibility and immunogenetics"
2386,Iker Eleuterio Cabezas Borja,61,Masculino,Buenos Aires,Bajo,Patent attorney
2387,Angelina Estevez Moreno,26,Masculino,Córdoba,Alto,Broadcast journalist
2388,Imelda Garrido Vera,57,Femenino,Catamarca,Medio,Lobbyist
2389,Reina Segarra Ramos,67,Femenino,San Luis,Bajo,Location manager
2390,Eligio Roig Olivera,40,Masculino,Chaco,Bajo,Radio broadcast assistant
2391,Oriana Múgica-Villena,67,Masculino,Santa Cruz,Bajo,Industrial/product designer
2392,Aránzazu de Morata,30,Masculino,Tierra del Fuego,Medio,Diagnostic radiographer
2393,Dani Medina Cepeda,49,Femenino,Catamarca,Bajo,IT sales professional
2394,Fabián Royo Castelló,67,Masculino,Entre Ríos,Medio,Patent examiner
2395,Guadalupe Garrido Salvador,32,Femenino,Entre Ríos,Bajo,Lawyer
2396,Sabina del Cid,53,Femenino,Corrientes,Medio,"Psychologist, sport and exercise"
2397,Jordán Duque Nadal,66,Femenino,CABA,Medio,Media planner
2398,Pepita Díez Iborra,22,Masculino,Santa Fe,Medio,Trading standards officer
2399,Odalis Sevillano Rubio,39,Femenino,Córdoba,Medio,Radio broadcast assistant
2400,Luis Ángel Espiridión Porcel Tena,33,Femenino,Río Negro,Alto,Child psychotherapist
2401,Esther Torrents Torrens,58,Masculino,Jujuy,Medio,Health and safety adviser
2402,Alfredo del Chacón,27,Masculino,Chaco,Bajo,"Lighting technician, broadcasting/film/video"
2403,Reinaldo Asdrubal Folch Linares,41,Masculino,Mendoza,Medio,Theatre stage manager
2404,Olegario Cabo Pablo,35,Masculino,Jujuy,Alto,Audiological scientist
2405,Florinda Torralba Zabaleta,66,Masculino,Santa Fe,Bajo,Community pharmacist
2406,Francisca Barceló Ariño,35,Femenino,Misiones,Bajo,Planning and development surveyor
2407,Jacinta Ricart Posada,24,Masculino,Formosa,Medio,Lobbyist
2408,Victor Arribas Carreras,21,Femenino,La Pampa,Medio,Ambulance person
2409,Toribio del Bonet,43,Masculino,Tierra del Fuego,Medio,"Editor, magazine features"
2410,Amor Cabeza Valenciano,22,Otro,San Juan,Bajo,Academic librarian
2411,Miriam Castellanos-Sanabria,72,Masculino,La Pampa,Bajo,Administrator
2412,Sigfrido Gomez Díaz,33,Femenino,Salta,Alto,Minerals surveyor
2413,Cesar Neira Pombo,52,Masculino,CABA,Bajo,Software engineer
2414,Domitila Pedraza Santana,43,Masculino,Catamarca,Bajo,Theatre director
2415,Apolinar Seguí Berrocal,35,Femenino,La Pampa,Medio,Local government officer
2416,Adrián Quirino Ureña Jara,46,Masculino,San Juan,Medio,"Psychologist, occupational"
2417,Jonatan Viana Girón,40,Femenino,Catamarca,Medio,Chartered accountant
2418,Cecilio Rius,70,Femenino,Neuquén,Alto,Contractor
2419,Tatiana Débora Salmerón Martinez,31,Masculino,La Pampa,Bajo,Garment/textile technologist
2420,Damián de Estevez,32,Femenino,La Pampa,Bajo,Broadcast presenter
2421,Eloy Palomo Arrieta,66,Femenino,Santa Cruz,Bajo,Dancer
2422,José Pineda Plana,50,Masculino,La Pampa,Alto,Chartered certified accountant
2423,Primitivo Pla-Bello,42,Femenino,San Luis,Medio,Dance movement psychotherapist
2424,Serafina Leiva Valverde,38,Femenino,Buenos Aires,Bajo,Restaurant manager
2425,Ulises Noriega Aguiló,34,Masculino,Chubut,Medio,"Sales professional, IT"
2426,Marc Gálvez Gimeno,40,Masculino,Jujuy,Bajo,"Editor, commissioning"
2427,Camila Escobar,74,Femenino,Jujuy,Medio,Production engineer
2428,Fausto Juan Pablo Ferrando Montalbán,60,Masculino,Misiones,Alto,"Social research officer, government"
2429,Miguel Casares Torrents,34,Masculino,CABA,Bajo,Agricultural consultant
2430,Modesta Velasco Giménez,31,Masculino,Chaco,Bajo,Health promotion specialist
2431,Faustino Benito Rius Cabanillas,46,Femenino,CABA,Bajo,Naval architect
2432,Noemí Puente Laguna,37,Masculino,San Juan,Bajo,"Runner, broadcasting/film/video"
2433,Borja Fito Perera Milla,47,Masculino,Mendoza,Bajo,Financial risk analyst
2434,Yolanda Recio León,36,Femenino,San Luis,Medio,Passenger transport manager
2435,Elba Marco Bernal,70,Masculino,Chubut,Bajo,Contractor
2436,Angelino Ibarra-Sanmartín,56,Femenino,Santa Cruz,Alto,Seismic interpreter
2437,Aureliano Arnau,73,Otro,CABA,Bajo,Recruitment consultant
2438,Angelina Julián Rubio,30,Femenino,La Pampa,Bajo,"Development worker, community"
2439,Lorenzo del Arroyo,35,Femenino,San Juan,Bajo,"Optician, dispensing"
2440,Eugenia Pla Calvo,40,Masculino,Córdoba,Medio,Armed forces technical officer
2441,Jaime Cárdenas Valderrama,63,Femenino,Tierra del Fuego,Medio,Building surveyor
2442,Yésica Diez Amigó,50,Masculino,Jujuy,Medio,"Solicitor, Scotland"
2443,Belén Goñi Arcos,56,Masculino,Santiago del Estero,Medio,Immunologist
2444,Curro Arteaga Bastida,57,Masculino,Tierra del Fuego,Alto,"Engineer, water"
2445,Nereida Mulet Manzanares,35,Masculino,Salta,Medio,"Designer, industrial/product"
2446,Haydée Angélica Ramis Pujadas,26,Femenino,Santiago del Estero,Bajo,Clinical molecular geneticist
2447,Vicente Gomez Casanova,50,Masculino,La Pampa,Medio,"Conservator, furniture"
2448,Sancho Diaz Blanch,49,Femenino,San Luis,Alto,English as a second language teacher
2449,Belen Aguado Pareja,71,Femenino,Salta,Alto,Tree surgeon
2450,Narcisa Brígida Frías Donaire,34,Femenino,Tucumán,Bajo,Paramedic
2451,Lucía Mármol Marco,36,Masculino,Chaco,Medio,"Surveyor, planning and development"
2452,Reinaldo Santamaría Moraleda,44,Femenino,Tucumán,Bajo,"Administrator, Civil Service"
2453,Vasco Seco,23,Masculino,Misiones,Bajo,Broadcast engineer
2454,Zacarías Alba Roselló,52,Masculino,Santa Cruz,Medio,Contracting civil engineer
2455,Fabiola Nicolás Barreda,73,Otro,Chaco,Alto,Facilities manager
2456,Malena Cañas-Fuente,54,Masculino,Misiones,Medio,Clinical cytogeneticist
2457,Antonia de Carbonell,51,Masculino,Chaco,Alto,Technical brewer
2458,Carla Lorena Losada Carmona,37,Femenino,Córdoba,Bajo,Technical brewer
2459,Aureliano Almansa,42,Masculino,Formosa,Bajo,Learning disability nurse
2460,Selena Alonso Tejada,21,Femenino,Santa Fe,Medio,Planning and development surveyor
2461,Duilio Porfirio Mateo Solano,27,Masculino,La Rioja,Bajo,Town planner
2462,Carlos Ayllón,27,Masculino,Entre Ríos,Alto,Hydrologist
2463,Brunilda Pla Avilés,41,Masculino,Tucumán,Bajo,"Pharmacist, community"
2464,Saturnina Gil Dueñas,38,Masculino,Chaco,Medio,Colour technologist
2465,Rita Amigó Lumbreras,28,Masculino,Chubut,Medio,"Psychologist, counselling"
2466,Simón Collado Ibañez,44,Femenino,Córdoba,Bajo,Horticultural therapist
2467,Viviana del Rosselló,33,Femenino,Chubut,Alto,"Research officer, political party"
2468,Odalis Anabel Lastra Rius,43,Femenino,San Luis,Medio,"Scientist, forensic"
2469,Nuria Bernardita Clavero Quevedo,47,Masculino,Entre Ríos,Medio,Transport planner
2470,Norberto López Valera,66,Femenino,Formosa,Medio,Telecommunications researcher
2471,Itziar Ferrer Sosa,33,Femenino,Neuquén,Bajo,Technical sales engineer
2472,Desiderio Heredia Galván,24,Femenino,Chaco,Medio,"Psychologist, occupational"
2473,Amador Benito Catalán,33,Masculino,Formosa,Bajo,Careers adviser
2474,Emiliana Garrido Goicoechea,52,Femenino,Corrientes,Bajo,Tree surgeon
2475,Candelario Barreda Cerezo,33,Femenino,Entre Ríos,Alto,Arts development officer
2476,Cruz Beltran Garriga,57,Masculino,Neuquén,Medio,Brewing technologist
2477,Fausto Gallo Montesinos,29,Femenino,San Luis,Bajo,Barista
2478,Nicolás Paredes-Font,52,Masculino,Neuquén,Medio,Marine scientist
2479,Edelmiro Vicente Palomares,66,Femenino,Chubut,Alto,"Horticulturist, commercial"
2480,Carolina Cisneros Uría,38,Femenino,San Luis,Bajo,"Administrator, charities/voluntary organisations"
2481,Luciano de Falcó,67,Femenino,Corrientes,Bajo,Textile designer
2482,Amarilis Gomez Vilalta,60,Masculino,Córdoba,Medio,"Conservator, furniture"
2483,Dimas Domingo Maestre,53,Masculino,San Luis,Bajo,Tourism officer
2484,Nilda Lamas Elorza,65,Femenino,Salta,Bajo,Mechanical engineer
2485,Roldán Velázquez Lobato,34,Masculino,Jujuy,Alto,"Surveyor, rural practice"
2486,Vito Pujadas Román,49,Masculino,San Luis,Bajo,Occupational psychologist
2487,Constanza Riba Vargas,58,Femenino,La Pampa,Medio,"Secretary, company"
2488,Ángeles Aurelia Pomares Uriarte,23,Femenino,Neuquén,Medio,Systems analyst
2489,Cecilio Company Fonseca,41,Masculino,Jujuy,Medio,Chartered legal executive (England and Wales)
2490,Severo Vazquez Vargas,44,Masculino,La Pampa,Medio,"Programme researcher, broadcasting/film/video"
2491,Caridad Llanos-Martin,37,Masculino,Tierra del Fuego,Medio,Environmental consultant
2492,Joan Marin-Palmer,42,Femenino,Catamarca,Bajo,Magazine features editor
2493,Marina Peralta,19,Femenino,Catamarca,Bajo,Corporate treasurer
2494,Heliodoro Llamas Larrea,26,Femenino,San Juan,Medio,Health and safety inspector
2495,Lucho Acero-Falcó,45,Femenino,La Pampa,Bajo,Charity officer
2496,Ismael José María Gallart Acevedo,70,Femenino,Santa Cruz,Bajo,"Surveyor, mining"
2497,Yaiza Verdejo-Ordóñez,55,Femenino,Santiago del Estero,Alto,"Therapist, art"
2498,Bernardino Arnal Valcárcel,20,Masculino,San Juan,Alto,Private music teacher
2499,Florinda del Comas,37,Femenino,Neuquén,Bajo,Software engineer
2500,Calisto Sans,23,Masculino,Corrientes,Bajo,Advice worker
2501,Florentino Mateo Catalán,56,Femenino,Jujuy,Medio,"Engineer, broadcasting (operations)"
2502,Paco Perez Sáenz,50,Femenino,Santa Fe,Medio,Mental health nurse
2503,María Fernanda del Bermúdez,72,Masculino,Tierra del Fuego,Bajo,Nutritional therapist
2504,Lilia Samper Losa,18,Femenino,Santa Cruz,Bajo,Film/video editor
2505,Fulgencio Moisés Bautista Blázquez,54,Masculino,Jujuy,Medio,"Horticulturist, commercial"
2506,Saturnina Raquel Serrano Colom,23,Femenino,Mendoza,Alto,Illustrator
2507,Octavio Sáez Sales,62,Masculino,Neuquén,Medio,"Engineer, manufacturing systems"
2508,Édgar Elías Llamas Ríos,51,Femenino,Tierra del Fuego,Bajo,Brewing technologist
2509,Azucena Pineda Gisbert,64,Masculino,San Juan,Medio,"Development worker, international aid"
2510,Calisto Chico Real,32,Masculino,Tierra del Fuego,Medio,Merchant navy officer
2511,Leonor Cózar Tamarit,62,Masculino,Chaco,Bajo,"Editor, magazine features"
2512,Nicolasa Morales-Armengol,43,Masculino,Santa Cruz,Bajo,Records manager
2513,África de Osuna,74,Masculino,Salta,Bajo,Land/geomatics surveyor
2514,Pánfilo Vallejo Padilla,31,Femenino,Catamarca,Medio,Social researcher
2515,Nerea del Cortés,71,Masculino,Santa Fe,Medio,Naval architect
2516,Dorotea Olmo Alarcón,24,Masculino,Santa Fe,Medio,Banker
2517,Ramón Ortega Lara,63,Masculino,CABA,Medio,Minerals surveyor
2518,Modesto del Pedrosa,48,Femenino,Chaco,Alto,"Optician, dispensing"
2519,Aarón Zurita Guerra,41,Femenino,Buenos Aires,Medio,Associate Professor
2520,Emilia Quevedo,48,Femenino,Neuquén,Bajo,"Engineer, communications"
2521,Isa Girona,46,Femenino,Buenos Aires,Bajo,Air traffic controller
2522,Loida Pedrero,59,Masculino,Córdoba,Medio,"Radiographer, diagnostic"
2523,Régulo Pardo,49,Masculino,Corrientes,Bajo,Colour technologist
2524,Simón del Pujol,34,Masculino,San Luis,Alto,Textile designer
2525,Adora Carmona,31,Femenino,La Rioja,Bajo,"Loss adjuster, chartered"
2526,Javier Llorens Téllez,57,Otro,Buenos Aires,Bajo,"Psychologist, clinical"
2527,Chus Elías Caparrós Tomas,53,Femenino,Corrientes,Medio,"Engineer, maintenance"
2528,Sebastian Moreno-Romeu,65,Masculino,San Luis,Medio,Further education lecturer
2529,Ambrosio Villanueva Gutierrez,41,Masculino,Mendoza,Medio,Chief Technology Officer
2530,Damián Balaguer-Córdoba,62,Masculino,La Rioja,Medio,Estate agent
2531,Dionisia Olivera-Cañete,71,Femenino,La Rioja,Bajo,Psychiatrist
2532,Alejandra Santana,44,Masculino,Santiago del Estero,Bajo,"Therapist, sports"
2533,Diana del Peláez,42,Femenino,Mendoza,Alto,Systems analyst
2534,Mirta Borrell Lorenzo,49,Masculino,Misiones,Bajo,Chartered public finance accountant
2535,Eusebia Hernández,69,Femenino,Santiago del Estero,Bajo,Museum/gallery exhibitions officer
2536,Petrona del Monreal,35,Femenino,La Rioja,Medio,Mudlogger
2537,Wilfredo Cabanillas-Pinto,63,Femenino,Santa Cruz,Bajo,"Education officer, community"
2538,Nadia Izquierdo-Olivé,35,Femenino,La Rioja,Medio,"Conservation officer, nature"
2539,Felisa Almagro Delgado,54,Femenino,Córdoba,Medio,Housing manager/officer
2540,Tamara Cañas,43,Femenino,Jujuy,Medio,Leisure centre manager
2541,Juana Falcón Piquer,26,Femenino,Santa Cruz,Medio,"Production assistant, radio"
2542,Hector Robledo Rosselló,52,Femenino,Tucumán,Bajo,Chief Executive Officer
2543,Dora Catalá Ropero,25,Otro,Formosa,Medio,Field trials officer
2544,Cruz Barón Gimeno,37,Femenino,CABA,Bajo,Food technologist
2545,Tristán Alejandro Borrego Pelayo,71,Femenino,Corrientes,Bajo,"Research officer, government"
2546,Benjamín Solé-Sosa,59,Femenino,Formosa,Medio,"Therapist, speech and language"
2547,Plinio Cantero Fuente,39,Masculino,La Rioja,Bajo,Advertising copywriter
2548,Crescencia Manjón Cánovas,36,Masculino,Chubut,Medio,"Surveyor, building"
2549,Édgar del Campos,47,Femenino,Buenos Aires,Medio,Dance movement psychotherapist
2550,Magdalena Maura Parra Torrijos,70,Femenino,Santiago del Estero,Alto,Rural practice surveyor
2551,Sosimo Guijarro Pina,45,Femenino,Neuquén,Medio,Press sub
2552,Saturnino Chamorro Ramis,52,Masculino,Entre Ríos,Bajo,Theatre director
2553,Albano del Anglada,60,Femenino,Buenos Aires,Bajo,Office manager
2554,Jose Miguel Nieto,28,Femenino,San Juan,Bajo,Advice worker
2555,Rubén Rodríguez Salvador,48,Masculino,Mendoza,Bajo,Curator
2556,Jose Antonio del Lillo,66,Femenino,Buenos Aires,Bajo,Marine scientist
2557,Pío Vara Lozano,65,Femenino,Chubut,Bajo,Broadcast engineer
2558,Conrado Cases Roig,56,Masculino,San Juan,Medio,Chartered legal executive (England and Wales)
2559,Rolando de Roura,53,Femenino,Río Negro,Medio,Medical secretary
2560,Fermín del Perea,47,Femenino,Jujuy,Medio,"Civil engineer, contracting"
2561,Roberto Diego Martínez Jiménez,40,Masculino,Chaco,Medio,"Surveyor, quantity"
2562,Felicidad Ros Alcalá,36,Masculino,Buenos Aires,Medio,Private music teacher
2563,Mayte Iniesta Escamilla,29,Otro,Tierra del Fuego,Medio,Tax inspector
2564,Felicidad Gallardo Alcaraz,32,Masculino,Entre Ríos,Medio,"Restaurant manager, fast food"
2565,Pedro Amador Vives,48,Masculino,Chubut,Bajo,"Accountant, chartered public finance"
2566,Calisto Tudela Palacio,60,Masculino,CABA,Medio,"Doctor, general practice"
2567,Montserrat Borrás Román,54,Femenino,Tucumán,Medio,"Merchandiser, retail"
2568,Paloma Roda,54,Femenino,Salta,Bajo,"Scientist, clinical (histocompatibility and immunogenetics)"
2569,Lupe de Díez,32,Femenino,Corrientes,Bajo,"Administrator, charities/voluntary organisations"
2570,Nilo Almazán Nicolau,46,Masculino,Salta,Bajo,Electrical engineer
2571,Débora Aliaga Mayol,67,Femenino,Córdoba,Medio,Printmaker
2572,Paloma Coll Herrera,60,Masculino,Santiago del Estero,Medio,Agricultural engineer
2573,Rolando Coloma Vilar,43,Masculino,Neuquén,Bajo,"Engineer, energy"
2574,Omar Ríos García,61,Masculino,Chubut,Bajo,Garment/textile technologist
2575,Cintia Celia Abad Escribano,19,Masculino,Neuquén,Alto,Physiological scientist
2576,Néstor Hurtado Peláez,37,Femenino,San Juan,Bajo,Telecommunications researcher
2577,Ligia Goicoechea-Martín,32,Femenino,San Juan,Bajo,Education administrator
2578,Loida Alfaro Collado,69,Masculino,Santa Fe,Bajo,"Administrator, arts"
2579,Sonia Llano-Jordá,21,Femenino,Santa Fe,Medio,"Engineer, structural"
2580,Isaías Pino Chico,39,Femenino,Tierra del Fuego,Medio,Film/video editor
2581,Samu Bernad-Martínez,67,Femenino,Córdoba,Medio,Youth worker
2582,Agapito Martin,55,Masculino,CABA,Alto,"Research officer, government"
2583,Josefina Quintanilla-Peralta,40,Femenino,Salta,Medio,"Horticulturist, amenity"
2584,Norberto Viña Tejedor,43,Masculino,Santa Fe,Bajo,Special educational needs teacher
2585,Pepito Sabater Falcó,68,Femenino,Chaco,Medio,Agricultural engineer
2586,Chuy Cantero Álamo,28,Masculino,La Rioja,Bajo,Editorial assistant
2587,Marina Posada Ripoll,45,Femenino,San Luis,Medio,Airline pilot
2588,Bernarda Carretero,73,Masculino,CABA,Bajo,Regulatory affairs officer
2589,Estela Garcés Estevez,19,Masculino,CABA,Medio,Armed forces logistics/support/administrative officer
2590,Amor de Verdú,25,Femenino,Misiones,Bajo,"Therapist, art"
2591,Carlos del Acero,46,Femenino,Neuquén,Alto,TEFL teacher
2592,Remedios Jáuregui Villegas,28,Femenino,Santa Cruz,Bajo,Adult guidance worker
2593,Marco Fulgencio Balaguer Royo,54,Femenino,CABA,Medio,Automotive engineer
2594,Ligia Rodríguez,35,Masculino,Chaco,Bajo,"Engineer, broadcasting (operations)"
2595,Severo Cáceres,72,Femenino,San Luis,Alto,Fashion designer
2596,Roxana Fábregas Gual,67,Masculino,Formosa,Medio,Event organiser
2597,Jordi Mena Blanch,31,Masculino,Corrientes,Bajo,Podiatrist
2598,Feliciano Gámez Ayala,71,Femenino,Mendoza,Alto,Forensic scientist
2599,Salomón Frías Tejada,27,Femenino,La Rioja,Bajo,"Surveyor, planning and development"
2600,Marcos Ramírez Bastida,52,Femenino,Catamarca,Medio,"Physicist, medical"
2601,Blas Contreras Zabaleta,26,Femenino,Mendoza,Medio,Immunologist
2602,Pancho Torrent Guijarro,52,Femenino,Neuquén,Bajo,Medical physicist
2603,Candelario Ariza Mascaró,28,Masculino,Misiones,Alto,English as a second language teacher
2604,Trinidad Blanco Castro,61,Masculino,Tucumán,Bajo,Public relations account executive
2605,Purificación Varela,29,Femenino,Formosa,Bajo,Chartered certified accountant
2606,Lara Almeida,20,Masculino,Mendoza,Alto,"Physicist, medical"
2607,Cleto Alberto Viñas,70,Masculino,Tierra del Fuego,Medio,Clinical psychologist
2608,Ariadna Peral,56,Masculino,Santiago del Estero,Bajo,"Engineer, manufacturing systems"
2609,Liliana de Iglesia,31,Femenino,Chaco,Bajo,"Administrator, charities/voluntary organisations"
2610,Marco Villa Roca,73,Masculino,Santa Fe,Medio,Animal technologist
2611,Vilma Villanueva,45,Femenino,Entre Ríos,Bajo,Acupuncturist
2612,Maura Moll Rueda,28,Femenino,Catamarca,Alto,Research scientist (physical sciences)
2613,Chus María Tolosa Carrión,56,Masculino,CABA,Medio,"Pilot, airline"
2614,Brígida Rocamora Carvajal,42,Femenino,San Luis,Bajo,Control and instrumentation engineer
2615,Celso Portillo Ponce,38,Femenino,Tierra del Fuego,Bajo,Technical sales engineer
2616,Juan Luis Polo Menéndez,27,Femenino,Entre Ríos,Medio,Chief Marketing Officer
2617,Nicanor Villalonga Pons,60,Femenino,Salta,Bajo,"Engineer, water"
2618,Inmaculada Herrera Campoy,32,Masculino,Mendoza,Medio,"Librarian, academic"
2619,Loreto Vara,36,Femenino,Corrientes,Alto,Historic buildings inspector/conservation officer
2620,Leandra Alfonso Monreal,65,Masculino,Formosa,Medio,"Designer, furniture"
2621,Amarilis Llopis Briones,39,Femenino,La Rioja,Medio,Medical illustrator
2622,Vasco Arenas,38,Femenino,Misiones,Bajo,Insurance underwriter
2623,Soraya Sáez Ruano,69,Femenino,Misiones,Medio,"Therapist, drama"
2624,Eugenio Guerra Hervás,61,Masculino,Neuquén,Medio,"Conservator, museum/gallery"
2625,Ruy Macias Aznar,49,Masculino,Catamarca,Medio,"Engineer, civil (consulting)"
2626,Maite Benavides Llamas,67,Masculino,Neuquén,Bajo,"Editor, film/video"
2627,Isidro Anaya Gibert,40,Masculino,San Luis,Alto,"Therapist, occupational"
2628,Ainoa Guzmán Cuervo,30,Masculino,Tucumán,Bajo,Cartographer
2629,Amílcar Aroca-Vigil,22,Femenino,Santa Cruz,Medio,Banker
2630,Chucho Nuñez Feijoo,21,Masculino,Misiones,Medio,Public relations officer
2631,Macaria Dalmau Miranda,45,Otro,Entre Ríos,Medio,Plant breeder/geneticist
2632,Cleto Bastida Torre,31,Masculino,Chubut,Bajo,Pensions consultant
2633,Artemio del Ballester,25,Femenino,San Luis,Medio,Office manager
2634,Marcio Conesa,26,Femenino,Chaco,Bajo,Systems analyst
2635,Itziar Posada Anglada,74,Femenino,Misiones,Medio,Local government officer
2636,Belén Flora Madrigal Ramón,68,Femenino,Río Negro,Bajo,Tourist information centre manager
2637,María del Cerro,52,Masculino,Santa Cruz,Bajo,"Merchandiser, retail"
2638,Luis Ángel Mariscal-Elías,54,Femenino,Tucumán,Bajo,"Doctor, hospital"
2639,América Torrent Julián,38,Masculino,Córdoba,Medio,"Conservation officer, nature"
2640,Amado de Garzón,35,Masculino,Tierra del Fuego,Medio,Media planner
2641,Wálter Juan Bauzà,50,Femenino,Córdoba,Medio,Speech and language therapist
2642,Cristina Comas,25,Femenino,Catamarca,Medio,Health service manager
2643,Nydia Adán Tejero,68,Femenino,Neuquén,Medio,Call centre manager
2644,Patricia Jovita Cases Calvet,66,Masculino,Catamarca,Bajo,"Teacher, special educational needs"
2645,Atilio Castro Vilar,34,Masculino,La Pampa,Medio,Video editor
2646,Andrea Solana Valbuena,60,Masculino,Catamarca,Medio,"Producer, radio"
2647,Eulalia Porcel Barco,48,Masculino,Jujuy,Bajo,Health visitor
2648,Abigaíl Carreño Madrigal,51,Masculino,San Juan,Bajo,"Engineer, automotive"
2649,Zoraida Morera,23,Masculino,Buenos Aires,Bajo,Glass blower/designer
2650,Vidal Benito Marquez,39,Masculino,Río Negro,Bajo,Radiation protection practitioner
2651,Malena Jaume Navarrete,31,Femenino,Río Negro,Bajo,Television/film/video producer
2652,Esteban Palomar Saldaña,20,Masculino,Jujuy,Bajo,"Programme researcher, broadcasting/film/video"
2653,Iris Pintor Morante,29,Femenino,Buenos Aires,Medio,Lawyer
2654,Jorge Calvet Bolaños,53,Masculino,Chaco,Bajo,Architect
2655,Vicenta Valbuena-Marco,29,Femenino,Catamarca,Bajo,"Nurse, children's"
2656,Flavia Palomares,62,Femenino,Chubut,Alto,Jewellery designer
2657,Gaspar Fabregat Novoa,19,Masculino,La Rioja,Medio,Theatre stage manager
2658,María Ángeles Ripoll,19,Femenino,La Rioja,Bajo,Historic buildings inspector/conservation officer
2659,Leocadio del Bárcena,32,Masculino,Mendoza,Medio,"Doctor, general practice"
2660,Adolfo Blazquez Alfonso,40,Femenino,Tucumán,Bajo,Medical technical officer
2661,Aroa Marco Cifuentes,46,Masculino,La Rioja,Bajo,Information officer
2662,Lucila Amores Higueras,34,Otro,Río Negro,Bajo,Graphic designer
2663,Loida del Balaguer,49,Masculino,Mendoza,Alto,"Production designer, theatre/television/film"
2664,Ciriaco Isidro Beltran Coronado,24,Masculino,Chubut,Medio,Architectural technologist
2665,Ismael Calatayud-Caparrós,47,Femenino,Tucumán,Medio,Advertising copywriter
2666,Edelmiro Montes Cortes,45,Masculino,Chaco,Alto,Astronomer
2667,Paulino Acevedo Barceló,31,Femenino,Santa Fe,Alto,Higher education careers adviser
2668,Berto Pellicer Arco,61,Masculino,Neuquén,Medio,Network engineer
2669,Quique Cuéllar Romero,47,Femenino,La Rioja,Medio,Neurosurgeon
2670,Georgina Planas Viana,34,Masculino,San Luis,Bajo,Heritage manager
2671,Nico del Palomar,49,Femenino,Santa Fe,Bajo,"Engineer, structural"
2672,José Antonio Recio Giralt,63,Femenino,San Luis,Medio,"Radiographer, diagnostic"
2673,Cirino Serna Múñiz,23,Masculino,Santa Fe,Medio,"Surveyor, mining"
2674,Reinaldo Agustí Rubio,68,Masculino,La Pampa,Alto,"Merchandiser, retail"
2675,Alejandro Campoy Roca,41,Masculino,Santa Fe,Medio,Advertising copywriter
2676,Cayetano Orozco Mendez,23,Otro,Córdoba,Medio,"Designer, exhibition/display"
2677,Reyes Carpio Alsina,44,Masculino,Formosa,Medio,Electronics engineer
2678,Estrella del Montenegro,35,Masculino,Buenos Aires,Bajo,Private music teacher
2679,Eliseo Agustí,41,Masculino,La Rioja,Medio,Customer service manager
2680,Guiomar Armida Valdés Villaverde,54,Masculino,Misiones,Medio,Chief Executive Officer
2681,Arcelia Fajardo Portero,73,Femenino,Córdoba,Medio,"Engineer, water"
2682,Faustino Mateo-Briones,41,Femenino,Buenos Aires,Medio,Patent attorney
2683,Luís de Sevillano,55,Femenino,Santiago del Estero,Bajo,Soil scientist
2684,Modesto del Mayo,51,Femenino,CABA,Medio,"Engineer, maintenance"
2685,Silvia de Vilaplana,57,Femenino,Tucumán,Medio,Event organiser
2686,Nicolasa de Ramírez,64,Masculino,La Pampa,Medio,Public librarian
2687,Zoraida Pozo Lumbreras,32,Masculino,Catamarca,Medio,Commercial horticulturist
2688,Aroa Montserrat Exposito,28,Femenino,Jujuy,Bajo,"Designer, graphic"
2689,Vito Madrigal Batlle,39,Femenino,Córdoba,Bajo,Professor Emeritus
2690,Severiano Arteaga Montaña,71,Femenino,Córdoba,Bajo,Tourism officer
2691,Eli Sans Santiago,41,Masculino,Santa Cruz,Medio,Optometrist
2692,Aurora Torrents-Antúnez,18,Masculino,Santa Fe,Medio,Claims inspector/assessor
2693,Matías del Ribas,35,Masculino,CABA,Alto,Chartered loss adjuster
2694,Victoriano de Mancebo,61,Femenino,Tucumán,Bajo,Counselling psychologist
2695,Anastasio Abril Escudero,29,Femenino,Jujuy,Bajo,Public affairs consultant
2696,Edelmira Plaza Bustos,74,Femenino,Tierra del Fuego,Medio,Learning disability nurse
2697,Gala Higueras,60,Masculino,Córdoba,Medio,"Teacher, primary school"
2698,Emma Ligia Ariño Amat,45,Femenino,Tierra del Fuego,Medio,Medical sales representative
2699,Eugenia Arnaiz-Lamas,57,Masculino,Salta,Medio,Site engineer
2700,Brunilda del Pardo,24,Masculino,Misiones,Medio,IT sales professional
2701,Candelario Franco Galán,40,Femenino,Chubut,Bajo,Pensions consultant
2702,Cesar Hernandez,38,Masculino,Tierra del Fuego,Alto,Herpetologist
2703,María Teresa Jódar,51,Masculino,Salta,Bajo,Marine scientist
2704,Lola Mulet-Feliu,28,Femenino,CABA,Medio,Garment/textile technologist
2705,Carmina Tatiana Salom Murillo,39,Femenino,Formosa,Medio,Sports development officer
2706,Fermín Larrañaga Bustos,59,Masculino,La Rioja,Medio,Ceramics designer
2707,Jimena Aguiló Huguet,52,Femenino,San Luis,Bajo,Retail manager
2708,Begoña Larrañaga-Herrero,69,Masculino,Santiago del Estero,Bajo,"Administrator, arts"
2709,Haydée Palacio Ureña,46,Femenino,Corrientes,Medio,Fine artist
2710,Chus Víctor Quero Escolano,59,Femenino,Formosa,Bajo,Customer service manager
2711,Óscar Onofre Abril Ochoa,45,Femenino,Santa Fe,Bajo,Financial risk analyst
2712,Xavier Puig Benito,35,Femenino,Río Negro,Medio,Financial adviser
2713,Gracia Bejarano,31,Masculino,Santa Cruz,Medio,"Psychotherapist, child"
2714,Nazario Moll Castelló,35,Masculino,La Pampa,Medio,Metallurgist
2715,Chuy Losa Castells,45,Masculino,La Rioja,Bajo,Medical technical officer
2716,Sofía Salas Pozo,41,Masculino,Neuquén,Medio,Higher education careers adviser
2717,Amarilis de Ferrer,25,Femenino,San Juan,Bajo,Ecologist
2718,Ramiro Montalbán-Méndez,59,Masculino,San Luis,Alto,Manufacturing engineer
2719,Marco Vila Nogueira,71,Masculino,Río Negro,Medio,Accounting technician
2720,Joan Rocamora,62,Masculino,Neuquén,Medio,Armed forces technical officer
2721,Rosalía Sevilla Carranza,70,Otro,Chubut,Alto,"Engineer, communications"
2722,Cipriano León Cifuentes Gallo,25,Masculino,La Pampa,Bajo,Hydrologist
2723,Álvaro Marti Sancho,21,Femenino,Neuquén,Bajo,"Surveyor, mining"
2724,Armida Belda,44,Masculino,San Juan,Medio,Occupational therapist
2725,Imelda Canals Marqués,53,Masculino,Mendoza,Bajo,Commercial horticulturist
2726,Maura Ojeda Vendrell,22,Femenino,Chaco,Medio,Interior and spatial designer
2727,Carolina Priego Sancho,50,Femenino,Salta,Bajo,Training and development officer
2728,Lilia Blanco-Olivares,66,Femenino,Chaco,Alto,Metallurgist
2729,Alberto Galan Murcia,51,Femenino,Río Negro,Medio,Occupational therapist
2730,Gilberto Puig Cuadrado,47,Masculino,Tierra del Fuego,Bajo,"Exhibitions officer, museum/gallery"
2731,Ramón Alba,25,Masculino,Neuquén,Medio,Animal technologist
2732,Xiomara Castellanos-Boix,56,Femenino,Misiones,Bajo,"Education officer, community"
2733,Hilda Amador Bejarano,64,Masculino,La Rioja,Bajo,Professor Emeritus
2734,Alma Valentina Gil Dalmau,43,Femenino,Catamarca,Bajo,Commercial horticulturist
2735,Loida Elba Madrid Pinto,74,Femenino,Jujuy,Medio,Secondary school teacher
2736,Joaquín Rodriguez Rueda,54,Masculino,Entre Ríos,Medio,Air cabin crew
2737,Juan Antonio del Aranda,51,Femenino,Córdoba,Medio,Photographer
2738,Fidel Guillen Ramis,24,Masculino,Santiago del Estero,Bajo,"Scientist, clinical (histocompatibility and immunogenetics)"
2739,Danilo Samper Ibañez,57,Masculino,Misiones,Alto,Armed forces operational officer
2740,Angelita Torrijos Soler,45,Masculino,Salta,Medio,Glass blower/designer
2741,Jordana Dionisia Vargas Iglesia,56,Femenino,Santa Fe,Bajo,"Education officer, community"
2742,Sol Roura Juliá,56,Masculino,San Luis,Medio,Lobbyist
2743,Alonso Guillen Crespo,45,Femenino,Río Negro,Medio,Sales promotion account executive
2744,Anita Ramona Ángel Pizarro,31,Femenino,Neuquén,Bajo,Agricultural engineer
2745,Vasco Grande Fuertes,70,Femenino,Neuquén,Bajo,Minerals surveyor
2746,Fulgencio Olivares Medina,67,Femenino,Buenos Aires,Bajo,Automotive engineer
2747,Dorita Roda-Ortiz,55,Masculino,Tucumán,Medio,Paediatric nurse
2748,Plinio Vilar Guardia,21,Masculino,Tierra del Fuego,Medio,Medical secretary
2749,Anunciación Fátima Cornejo Hervia,59,Masculino,Tierra del Fuego,Bajo,Mudlogger
2750,Sabina Liliana Peñalver Blazquez,35,Femenino,La Rioja,Bajo,"Radiographer, diagnostic"
2751,Íñigo Cifuentes Montero,61,Otro,Jujuy,Medio,Forensic psychologist
2752,Fernanda Aitana Montero Tur,65,Femenino,Misiones,Medio,"Restaurant manager, fast food"
2753,Coral del Portero,42,Femenino,Jujuy,Medio,Operations geologist
2754,Amada Eusebia Carrillo Núñez,24,Femenino,Jujuy,Alto,Farm manager
2755,Yéssica Tejada Miranda,55,Masculino,Santa Cruz,Medio,"Designer, television/film set"
2756,Corona Santiago Prado,45,Femenino,La Pampa,Medio,Local government officer
2757,Micaela Benavides Rivera,22,Femenino,Santiago del Estero,Bajo,Youth worker
2758,Abril Bello-Linares,20,Masculino,Río Negro,Medio,Mechanical engineer
2759,Antonia de Padilla,61,Otro,Formosa,Bajo,Mining engineer
2760,Alondra Campillo Salmerón,48,Masculino,Neuquén,Bajo,Diplomatic Services operational officer
2761,Bernarda Catalán Luna,64,Femenino,Misiones,Medio,"Designer, fashion/clothing"
2762,Heliodoro Landa-Moles,59,Femenino,San Luis,Bajo,"Scientist, research (physical sciences)"
2763,Leonor de Valdés,37,Femenino,Formosa,Bajo,Corporate investment banker
2764,Josué del Montenegro,36,Masculino,Chaco,Medio,Research scientist (medical)
2765,Noelia Vargas Recio,65,Femenino,Santa Fe,Bajo,"Production assistant, television"
2766,Clotilde Alcalá Peralta,28,Femenino,Corrientes,Bajo,"Engineer, mining"
2767,Candelaria Estrella Bonilla Rodríguez,57,Masculino,Santiago del Estero,Medio,"Engineer, aeronautical"
2768,Cruz Escalona Carreño,20,Femenino,Entre Ríos,Medio,Water quality scientist
2769,Calixta Marina Falcón Múñiz,40,Femenino,Tucumán,Bajo,"Merchandiser, retail"
2770,Leire Aguilera,24,Femenino,Entre Ríos,Alto,Horticultural therapist
2771,Néstor Zabala Adadia,40,Masculino,San Luis,Bajo,Research scientist (life sciences)
2772,Gastón Galvez Belmonte,24,Femenino,Neuquén,Medio,Radio producer
2773,Paca Carpio-Burgos,63,Femenino,Río Negro,Bajo,Naval architect
2774,Jorge Fuster Salvà,51,Masculino,Santiago del Estero,Medio,Hotel manager
2775,Anunciación Valencia Marti,59,Masculino,Tierra del Fuego,Bajo,"Psychologist, clinical"
2776,Miguel Ruperto Sureda Mendez,36,Otro,Formosa,Bajo,Emergency planning/management officer
2777,Marcio Casal-Arroyo,26,Femenino,La Rioja,Bajo,Hydrographic surveyor
2778,Osvaldo Sierra España,65,Femenino,Río Negro,Medio,Furniture designer
2779,Teobaldo Lucho Huguet Figueras,68,Masculino,Chaco,Medio,Advice worker
2780,Rosario Acosta Puga,35,Masculino,Chubut,Bajo,"Surveyor, minerals"
2781,Leocadia Chico Mayol,58,Masculino,Entre Ríos,Alto,Systems analyst
2782,Narciso Victor Arribas Martí,65,Masculino,Buenos Aires,Bajo,Fitness centre manager
2783,Eloy Bernad-Luque,62,Femenino,Córdoba,Medio,"Journalist, broadcasting"
2784,Nidia Gual,59,Femenino,Neuquén,Bajo,Energy manager
2785,Maxi Jover Marquez,42,Femenino,Chaco,Medio,Product/process development scientist
2786,Alejandro Quesada Adán,69,Masculino,Santa Fe,Medio,"Engineer, electronics"
2787,Ulises Carpio Ojeda,31,Femenino,La Pampa,Medio,Waste management officer
2788,Albert Cámara Peral,61,Masculino,Chubut,Bajo,Furniture conservator/restorer
2789,Joaquín Benavides-Girona,42,Masculino,San Juan,Bajo,Dancer
2790,Reyes Fuertes Pozo,36,Femenino,Tucumán,Medio,Electronics engineer
2791,Galo Rincón Escudero,56,Femenino,Neuquén,Bajo,"Nurse, mental health"
2792,Reynaldo Santiago Diaz Ledesma,72,Femenino,San Juan,Bajo,Civil Service fast streamer
2793,Primitiva Julián-Cerro,32,Masculino,Santa Cruz,Bajo,Call centre manager
2794,Amador Olivares Dominguez,33,Femenino,Mendoza,Bajo,"Engineer, civil (contracting)"
2795,Reinaldo de Vilar,44,Femenino,Chubut,Bajo,"Engineer, civil (contracting)"
2796,Judith Porcel Alonso,57,Femenino,Buenos Aires,Alto,Arboriculturist
2797,Juan Valcárcel Barceló,27,Masculino,Santiago del Estero,Medio,"Therapist, sports"
2798,Gema Asunción Valcárcel Juliá,21,Otro,San Juan,Medio,Multimedia specialist
2799,Óscar Casado Espada,68,Femenino,Misiones,Bajo,IT sales professional
2800,Curro Gisbert-Prieto,36,Femenino,Chubut,Medio,"Geologist, engineering"
2801,Xiomara Pascual Cuevas,45,Masculino,Córdoba,Medio,Special educational needs teacher
2802,Crescencia Berrocal Acuña,38,Masculino,Tucumán,Medio,Medical secretary
2803,Miguel Ángel Ramón Carreras,64,Masculino,Río Negro,Bajo,Architectural technologist
2804,Leopoldo Lucas Ayala,31,Masculino,Santiago del Estero,Alto,Maintenance engineer
2805,Eloy Arnaiz Galindo,50,Femenino,Santa Fe,Medio,Database administrator
2806,Victoria Iñiguez Revilla,65,Masculino,La Rioja,Alto,"Scientist, product/process development"
2807,Guadalupe Robledo Barón,27,Masculino,Santa Cruz,Bajo,Herbalist
2808,Basilio Múñiz Cortina,36,Masculino,San Juan,Bajo,Health physicist
2809,Anabel Páez Barco,47,Masculino,CABA,Bajo,"Psychologist, prison and probation services"
2810,José Manuel del Quintana,39,Masculino,Tierra del Fuego,Medio,Quantity surveyor
2811,Manola Coloma,20,Femenino,Santa Fe,Bajo,Commissioning editor
2812,Jesusa León Suarez,54,Femenino,Tierra del Fuego,Medio,Insurance broker
2813,Vidal Adán Mena Espada,58,Masculino,Mendoza,Medio,"Nurse, mental health"
2814,Edmundo Vigil Clavero,35,Masculino,Salta,Medio,Barista
2815,Segismundo Ferrán,28,Masculino,Salta,Medio,Arts administrator
2816,Bárbara Fiol Mercader,65,Masculino,Río Negro,Medio,Amenity horticulturist
2817,Rosalina Valcárcel Ariño,19,Femenino,Santa Fe,Medio,Trade mark attorney
2818,Catalina Pla Múgica,29,Femenino,San Juan,Bajo,Cabin crew
2819,Carina de Garay,71,Femenino,Entre Ríos,Medio,"Education officer, community"
2820,Gema Paredes Borrás,23,Femenino,Catamarca,Alto,Furniture conservator/restorer
2821,Jose Carlos Torralba,60,Masculino,Salta,Bajo,"Surveyor, commercial/residential"
2822,Berto Becerra Serra,57,Femenino,San Juan,Alto,Chartered accountant
2823,Efraín Font,61,Femenino,Tierra del Fuego,Bajo,Freight forwarder
2824,Estrella Laguna,46,Femenino,Córdoba,Bajo,Local government officer
2825,Pánfilo Trinidad Ribas Flor,47,Masculino,Entre Ríos,Bajo,"Research officer, political party"
2826,Omar Arias Gargallo,19,Femenino,Tierra del Fuego,Bajo,"Editor, magazine features"
2827,María Pilar Gargallo,26,Femenino,Mendoza,Medio,Amenity horticulturist
2828,Maxi Delgado Prats,64,Femenino,Entre Ríos,Alto,Veterinary surgeon
2829,Leandra Jimena Alberto Palomar,19,Masculino,San Luis,Medio,Corporate investment banker
2830,Manu Villa Lucena,46,Femenino,Córdoba,Alto,Animator
2831,Dorotea Puig-Ochoa,50,Femenino,Tierra del Fuego,Bajo,Trade union research officer
2832,Remedios Solera-Falcó,27,Femenino,Neuquén,Bajo,Stage manager
2833,Adolfo Dionisio Almazán Vera,51,Femenino,Jujuy,Medio,"Administrator, arts"
2834,Sara Vicenta Perelló Cuevas,61,Femenino,Salta,Medio,Health promotion specialist
2835,Griselda Iriarte,72,Masculino,Buenos Aires,Bajo,Radio broadcast assistant
2836,Aitana Gallardo-Rius,25,Femenino,Corrientes,Alto,Medical illustrator
2837,Cintia Martorell,54,Masculino,Mendoza,Medio,"Journalist, broadcasting"
2838,Elías Pera-Jiménez,71,Femenino,Catamarca,Alto,Clinical cytogeneticist
2839,Regina Cayetana Herranz Manzanares,50,Masculino,San Luis,Bajo,"Journalist, magazine"
2840,Olivia Sala,64,Femenino,Neuquén,Medio,Animator
2841,Bienvenida Gilabert Llano,23,Femenino,Chubut,Medio,Training and development officer
2842,Yaiza Castilla Ferrándiz,61,Femenino,La Pampa,Medio,Call centre manager
2843,Julio César Tomé Carreño,57,Femenino,Santiago del Estero,Bajo,Broadcast journalist
2844,Débora Benito-Cerezo,62,Femenino,San Juan,Alto,Senior tax professional/tax inspector
2845,Damián Quintero,36,Femenino,Catamarca,Alto,Private music teacher
2846,Flora Zaragoza-Blanch,49,Masculino,Córdoba,Bajo,"Teacher, special educational needs"
2847,Rosalva Juliá Mateu,44,Masculino,Catamarca,Bajo,English as a foreign language teacher
2848,Loida Pi Lorenzo,18,Masculino,Chubut,Medio,Office manager
2849,Noé de Valera,60,Masculino,Formosa,Medio,Emergency planning/management officer
2850,Dolores Sebastián Morillo,69,Femenino,San Luis,Medio,Dietitian
2851,Rosalinda Abella Niño,50,Femenino,Mendoza,Bajo,Ophthalmologist
2852,Camila del Agudo,57,Femenino,Córdoba,Medio,"Producer, radio"
2853,Juan Bautista Albero-Iglesias,49,Masculino,La Pampa,Medio,"Radiographer, diagnostic"
2854,Eliseo Donaire Rosa,22,Masculino,Santa Fe,Bajo,Merchant navy officer
2855,Judith Esther Cabello Guardia,34,Femenino,Santa Fe,Medio,Geographical information systems officer
2856,Pastor Espejo Maestre,25,Femenino,Misiones,Bajo,Production engineer
2857,Esteban Claudio Bravo Hierro,74,Masculino,Córdoba,Bajo,Public relations account executive
2858,Luz Beatriz Font Manso,59,Femenino,Córdoba,Medio,Immunologist
2859,Joan Francisco Bernat Pera,51,Femenino,Salta,Alto,Chartered loss adjuster
2860,Susana Maldonado Águila,26,Masculino,La Pampa,Bajo,"Surveyor, rural practice"
2861,Cipriano Belmonte Alcolea,73,Femenino,Neuquén,Bajo,"Scientist, clinical (histocompatibility and immunogenetics)"
2862,Marcos Prudencio Peralta Barrios,40,Masculino,Formosa,Bajo,Professor Emeritus
2863,Cecilio Gutierrez Cobos,52,Femenino,Santa Fe,Bajo,Therapeutic radiographer
2864,Rafaela Izquierdo,67,Masculino,Salta,Medio,Retail banker
2865,Rosalina Almagro Tomé,24,Masculino,Tucumán,Medio,Careers adviser
2866,Nicodemo Téllez Losada,32,Femenino,Corrientes,Bajo,Banker
2867,Almudena Agustín Villegas,70,Masculino,Corrientes,Alto,Recruitment consultant
2868,Miriam Delgado,71,Femenino,Santa Fe,Bajo,"Engineer, land"
2869,Paca Catalán Quintero,37,Masculino,Buenos Aires,Alto,Ecologist
2870,Ezequiel Aguado,67,Masculino,Entre Ríos,Alto,Ceramics designer
2871,Damián Chico Bonilla,42,Masculino,Chubut,Medio,"Surveyor, hydrographic"
2872,Santos Acero Ferrero,20,Femenino,San Luis,Bajo,Town planner
2873,Faustino Gimenez Albero,72,Femenino,Entre Ríos,Medio,Ceramics designer
2874,Ruperto Teruel Granados,63,Masculino,Salta,Medio,"Scientist, forensic"
2875,Albano Alvarez Sarmiento,41,Femenino,San Luis,Alto,Photographer
2876,Ramona Cabanillas,51,Femenino,La Rioja,Medio,Rural practice surveyor
2877,Maricruz Amo Gálvez,63,Femenino,Tierra del Fuego,Medio,Biomedical scientist
2878,Gilberto de Salvador,39,Femenino,Neuquén,Medio,Art gallery manager
2879,Sabas Nogueira Mate,28,Femenino,Chaco,Alto,Chief Executive Officer
2880,Adelia Español-Blanco,65,Femenino,Tierra del Fuego,Medio,Magazine features editor
2881,Obdulia Andrade Pujadas,25,Masculino,La Rioja,Alto,Heritage manager
2882,Juan Francisco Almagro Ramón,56,Masculino,Mendoza,Medio,Podiatrist
2883,Amor Cuesta Pascual,60,Masculino,Misiones,Medio,Learning disability nurse
2884,Leonor del Costa,52,Masculino,Chubut,Medio,Arts development officer
2885,Angelino de Berrocal,66,Femenino,Santiago del Estero,Medio,Geochemist
2886,Tadeo Reig,63,Masculino,Río Negro,Bajo,Lawyer
2887,Virgilio Ramirez Poza,55,Masculino,Corrientes,Medio,Geochemist
2888,Genoveva Lorenzo Parra,25,Femenino,Neuquén,Medio,Chief Operating Officer
2889,Rubén Feijoo Valero,71,Masculino,Mendoza,Bajo,General practice doctor
2890,Perlita Cazorla Tenorio,54,Masculino,Río Negro,Bajo,Animal nutritionist
2891,Ruperta Peñas Sánchez,44,Masculino,La Rioja,Medio,"Programmer, multimedia"
2892,Clarisa Porcel Matas,45,Femenino,Corrientes,Medio,Public librarian
2893,Edgardo Adadia Valderrama,57,Masculino,Río Negro,Bajo,Art therapist
2894,Emiliano Bayona Guardiola,51,Masculino,Tierra del Fuego,Medio,Financial risk analyst
2895,Santiago Cánovas Elías,49,Femenino,Tierra del Fuego,Alto,Trade union research officer
2896,Dolores del Robles,32,Femenino,Mendoza,Medio,"Engineer, control and instrumentation"
2897,Mateo Reig Mariscal,61,Femenino,Tierra del Fuego,Bajo,Operations geologist
2898,Begoña Arroyo Alemán,34,Femenino,Catamarca,Alto,Systems developer
2899,Carlos Iker Sanz Revilla,50,Masculino,Neuquén,Alto,Public relations account executive
2900,Graciela Céspedes-Costa,64,Masculino,Catamarca,Bajo,Advertising account executive
2901,Jose Miguel del Gutiérrez,63,Masculino,Corrientes,Bajo,"Lecturer, higher education"
2902,Julio Redondo Narváez,69,Masculino,San Juan,Medio,"Administrator, arts"
2903,Ciríaco Moya-Pera,71,Masculino,Misiones,Medio,"Engineer, petroleum"
2904,Fernando Frutos Vilar,33,Masculino,San Juan,Bajo,International aid/development worker
2905,Florina Molina Martin,46,Femenino,San Luis,Medio,Armed forces operational officer
2906,Herberto Casals Alba,26,Femenino,Misiones,Medio,Multimedia specialist
2907,Ruperta de Enríquez,50,Masculino,Santa Cruz,Alto,Insurance underwriter
2908,Guadalupe Mosquera,66,Femenino,Córdoba,Medio,"Engineer, automotive"
2909,Asdrubal Larrea Clemente,46,Masculino,Entre Ríos,Medio,Outdoor activities/education manager
2910,Buenaventura del Fuster,30,Masculino,Corrientes,Alto,Insurance risk surveyor
2911,Carlito Pintor Villalobos,38,Femenino,Santa Cruz,Bajo,Air broker
2912,Sigfrido Gámez,38,Masculino,San Juan,Bajo,Magazine journalist
2913,África Arnal Piquer,22,Masculino,San Juan,Medio,Educational psychologist
2914,Héctor Rosa Tejero,27,Masculino,Neuquén,Bajo,Statistician
2915,Vanesa Crespo,23,Femenino,Santa Cruz,Medio,"Designer, jewellery"
2916,Marisela Poza Marqués,73,Femenino,Santiago del Estero,Bajo,"Psychologist, counselling"
2917,Yaiza Ojeda Sevillano,68,Masculino,San Luis,Bajo,Product/process development scientist
2918,Casemiro Cases Peñalver,74,Femenino,Santiago del Estero,Alto,IT sales professional
2919,Serafina Peralta-Jara,30,Femenino,Santa Fe,Medio,"Restaurant manager, fast food"
2920,María Jesús Zaragoza Jordán,18,Femenino,Santa Fe,Medio,"Programmer, multimedia"
2921,Ciríaco Samper,37,Femenino,CABA,Bajo,Energy manager
2922,Lucía Riba Batalla,74,Masculino,Entre Ríos,Bajo,Chiropodist
2923,Tere Pablo Carretero,64,Masculino,Santa Fe,Medio,Warehouse manager
2924,Custodia Madrigal Capdevila,63,Femenino,La Pampa,Bajo,IT consultant
2925,Toribio Méndez López,25,Femenino,San Juan,Medio,Civil Service fast streamer
2926,Aitor Herrera-Acedo,27,Femenino,Tierra del Fuego,Bajo,Chartered legal executive (England and Wales)
2927,Joaquín Hipólito Plaza Asensio,26,Femenino,Mendoza,Bajo,Personal assistant
2928,Gregorio Álvarez Corbacho,66,Femenino,Formosa,Medio,"Journalist, broadcasting"
2929,Jesús Sandalio Arce Anglada,58,Femenino,Formosa,Medio,Exhibition designer
2930,Dorita Valcárcel Cañizares,20,Femenino,Salta,Medio,Statistician
2931,Plácido Rosales,28,Femenino,Corrientes,Medio,Advertising art director
2932,Lupe Zabaleta,29,Femenino,Formosa,Medio,Television camera operator
2933,Pacífica Bayón Aparicio,27,Masculino,Santiago del Estero,Medio,Fast food restaurant manager
2934,Porfirio Estévez,42,Masculino,Buenos Aires,Medio,Comptroller
2935,Morena Raquel Amorós Rosell,66,Femenino,CABA,Bajo,Occupational hygienist
2936,Selena Aragón Sastre,66,Femenino,Chaco,Bajo,Applications developer
2937,Isa de Bonet,42,Femenino,Misiones,Alto,Chief of Staff
2938,María Cristina Raya Gámez,28,Femenino,Chaco,Bajo,"Therapist, occupational"
2939,Mohamed Lloret Adadia,71,Masculino,CABA,Bajo,Transport planner
2940,Jacobo Adán Arribas,53,Masculino,Entre Ríos,Medio,Garment/textile technologist
2941,Adelaida Bernal Caballero,56,Femenino,San Juan,Medio,Manufacturing systems engineer
2942,Gustavo Aitor Poza Estévez,70,Masculino,San Luis,Medio,Translator
2943,Edmundo Tapia Sanabria,43,Masculino,Misiones,Bajo,Data scientist
2944,Cecilio Larrañaga-Azcona,31,Masculino,Santa Cruz,Alto,Higher education careers adviser
2945,Florencia de Guillén,56,Masculino,Jujuy,Medio,"Journalist, magazine"
2946,Carolina Morán-Manzano,73,Femenino,Salta,Medio,Environmental manager
2947,Eustaquio Pinedo Palomo,57,Masculino,Entre Ríos,Bajo,Plant breeder/geneticist
2948,Salvador Ureña Mariño,18,Femenino,Misiones,Bajo,Chiropodist
2949,Ariadna Egea Francisco,73,Masculino,Santa Fe,Bajo,Company secretary
2950,Isidro Almagro Prado,71,Femenino,Tierra del Fuego,Bajo,"Geologist, engineering"
2951,Chucho Canet Galvez,21,Masculino,Entre Ríos,Bajo,"Editor, commissioning"
2952,Prudencia Florinda Vigil Batlle,47,Femenino,Chubut,Bajo,"Engineer, control and instrumentation"
2953,Yaiza Palomino Vergara,29,Femenino,Río Negro,Medio,Counsellor
2954,Rosenda María Luisa Barragán Rivera,73,Masculino,Entre Ríos,Medio,"Programmer, systems"
2955,Anunciación Frías Lerma,52,Femenino,Jujuy,Medio,Health service manager
2956,Bernarda Cantón Bou,30,Femenino,Entre Ríos,Bajo,Transport planner
2957,Román Núñez Mesa,69,Masculino,Formosa,Medio,Forest/woodland manager
2958,Galo Blázquez Gutierrez,48,Masculino,San Juan,Bajo,Homeopath
2959,Aurelia Guadalupe Castilla Nicolau,55,Femenino,Catamarca,Medio,Probation officer
2960,Joaquín de Solano,60,Femenino,Salta,Medio,Sub
2961,Noé Plana Carreras,40,Masculino,Santa Cruz,Medio,Nutritional therapist
2962,Ruben Palomares,21,Masculino,Neuquén,Alto,"Teacher, adult education"
2963,Alexandra Piña Noguera,69,Femenino,Santa Fe,Medio,Estate agent
2964,Abilio Goicoechea Coll,33,Femenino,Salta,Medio,Prison officer
2965,Gerardo Ureña,24,Femenino,Entre Ríos,Alto,Government social research officer
2966,Agustín Comas,39,Masculino,CABA,Medio,Press sub
2967,Amador Giménez,46,Femenino,Salta,Medio,Professor Emeritus
2968,Trini Goicoechea López,28,Masculino,San Juan,Medio,Manufacturing systems engineer
2969,Catalina Puente Galán,73,Masculino,Chubut,Medio,Marine scientist
2970,Ariadna Cifuentes Tirado,50,Femenino,Formosa,Medio,Psychiatrist
2971,Gabriela Alemany Llabrés,46,Otro,Formosa,Bajo,Licensed conveyancer
2972,Quique Pol Bermejo,56,Masculino,CABA,Medio,Music therapist
2973,Fabián Real Rosell,29,Masculino,CABA,Alto,Immunologist
2974,Delfina Isidora Castillo Barrios,24,Femenino,San Luis,Medio,Diplomatic Services operational officer
2975,Trini Cerezo Muñoz,72,Femenino,Tierra del Fuego,Bajo,"Doctor, general practice"
2976,Marcos Cases-Falcó,56,Femenino,Catamarca,Bajo,"Administrator, arts"
2977,Yésica Osuna Anaya,59,Femenino,Salta,Medio,Television camera operator
2978,Luz Daza,65,Masculino,Misiones,Alto,Commissioning editor
2979,Teresa Hurtado Salcedo,43,Otro,Misiones,Bajo,Armed forces logistics/support/administrative officer
2980,Manuelita Pinilla Llabrés,57,Femenino,Misiones,Medio,"Therapist, occupational"
2981,Milagros del Cepeda,26,Femenino,Córdoba,Alto,Dance movement psychotherapist
2982,Lucía Marisela Campoy Calzada,58,Femenino,Catamarca,Bajo,Armed forces operational officer
2983,Aura Téllez Agustí,51,Femenino,Buenos Aires,Medio,Conference centre manager
2984,Sarita Barriga Pallarès,62,Masculino,Río Negro,Bajo,Company secretary
2985,Encarnación Dalila Rodríguez Aguilar,30,Masculino,Chaco,Medio,Dramatherapist
2986,Xiomara Elorza Ferrández,72,Femenino,Buenos Aires,Medio,Mechanical engineer
2987,Mayte Villa Pino,72,Masculino,Salta,Medio,Dramatherapist
2988,Lina Puig Alcolea,53,Masculino,San Juan,Medio,Senior tax professional/tax inspector
2989,Coral Maura Cuevas Moraleda,42,Femenino,Entre Ríos,Medio,Amenity horticulturist
2990,Guadalupe Morera Agudo,41,Femenino,CABA,Alto,"Accountant, chartered public finance"
2991,Severo Piña Heras,61,Masculino,San Juan,Medio,Cabin crew
2992,Elodia Murillo Velasco,34,Femenino,Río Negro,Medio,"Administrator, education"
2993,Chucho Manuel Pinilla Porras,19,Femenino,Jujuy,Medio,Microbiologist
2994,Vicente Guerra-Abascal,30,Femenino,Entre Ríos,Bajo,Mining engineer
2995,Mariano Benito Pellicer,48,Femenino,La Rioja,Medio,Chief Strategy Officer
2996,Vanesa Guitart Jordán,46,Masculino,Santiago del Estero,Alto,Clinical biochemist
2997,Chita Barrera Nicolau,67,Masculino,Río Negro,Bajo,Research scientist (life sciences)
2998,Esteban Landa,45,Masculino,La Rioja,Alto,Food technologist
2999,Encarnacion de Adán,44,Femenino,La Pampa,Medio,Water engineer
3000,Primitiva Real Rosales,32,Femenino,Santa Cruz,Medio,"Programmer, applications"
