ID Crédito,ID Cliente,Monto del Crédito,Fecha Otorgamiento,Fecha Vencimiento,Cuotas Pendientes,Último Pago,Estado del Crédito,Días en Mora
1,728,80506.59,2024-07-18,2025-06-08,10,2024-11-02,Activo,0
2,1061,459972.3,2025-03-30,2026-12-08,15,2024-06-25,Cancelado,0
3,1688,784888.16,2020-10-26,2024-12-25,34,2025-05-05,Activo,107
4,1600,528599.99,2020-12-30,2024-01-26,0,2024-08-14,Activo,97
5,70,657486.13,2020-08-13,2026-02-07,24,2024-10-08,Activo,99
6,154,657754.39,2023-06-03,2024-09-14,26,2024-06-19,Activo,96
7,1462,687468.34,2021-11-27,2026-09-01,31,2025-05-03,Cancelado,0
8,2813,418216.38,2024-03-08,2027-01-25,5,2025-02-11,Activo,0
9,2319,401504.6,2023-07-23,2025-11-02,35,2025-04-08,Activo,149
10,2589,54355.3,2025-01-18,2026-05-09,22,2025-03-20,Cancelado,0
11,2020,196511.34,2022-02-16,2023-06-19,28,2024-06-03,Activo,64
12,1098,953269.7,2021-11-13,2022-02-12,29,2025-03-27,Activo,0
13,571,850295.88,2022-06-27,2026-03-10,21,2024-07-29,Activo,167
14,149,311353.02,2025-02-01,2026-05-24,10,2025-02-07,Activo,0
15,2058,431132.35,2023-01-01,2023-04-30,25,2024-07-20,Activo,0
16,2692,942925.26,2022-02-15,2024-08-10,22,2025-02-17,Cancelado,69
17,2110,287922.26,2022-11-18,2026-01-12,2,2024-07-01,Cancelado,0
18,1412,555906.32,2022-08-04,2024-08-22,5,2024-12-25,Activo,0
19,1919,70975.79,2021-06-28,2026-11-13,6,2024-06-14,Activo,0
20,774,638748.09,2020-06-16,2022-11-06,21,2025-01-15,Cancelado,0
21,1754,933569.92,2024-11-02,2024-11-25,32,2025-02-26,En Mora,0
22,1872,890506.22,2024-09-30,2025-07-13,2,2024-08-29,Cancelado,100
23,2576,526870.76,2021-03-03,2024-10-19,29,2024-07-23,En Mora,0
24,1574,667159.87,2024-04-27,2026-08-01,23,2025-02-26,Refinanciado,0
25,1713,591308.28,2025-06-01,2025-12-13,2,2024-08-16,Cancelado,0
26,2493,113625.53,2021-07-10,2021-10-09,1,2025-05-08,Cancelado,0
27,1345,200787.31,2022-12-05,2025-06-12,18,2025-04-10,Activo,0
28,1107,965626.45,2021-08-24,2025-05-13,23,2025-03-31,Activo,0
29,17,293170.26,2024-11-09,2025-01-03,19,2025-03-05,En Mora,0
30,2417,415226.76,2024-08-17,2026-09-23,30,2025-01-11,Activo,0
31,1692,533497.09,2022-02-22,2026-11-26,30,2024-11-19,Activo,94
32,2732,980175.52,2022-01-26,2022-11-28,28,2024-09-13,Cancelado,0
33,2956,705493.83,2025-05-19,2025-06-30,3,2024-09-17,Activo,25
34,583,648118.57,2022-05-17,2026-02-05,9,2024-10-02,Activo,0
35,255,548179.97,2024-04-10,2025-04-12,35,2025-04-06,Activo,0
36,2504,715640.69,2021-10-07,2026-06-15,34,2024-11-05,Activo,0
37,2691,680815.1,2022-06-17,2027-03-26,20,2025-03-13,Cancelado,0
38,561,907698.85,2022-08-28,2026-12-01,0,2025-04-16,Cancelado,0
39,2581,564743.54,2024-06-16,2026-10-01,11,2024-11-11,Cancelado,0
40,1416,450427.46,2020-08-13,2022-04-09,23,2024-10-20,Activo,68
41,320,816803.93,2021-06-16,2021-07-19,1,2024-11-18,Activo,0
42,220,809794.17,2023-12-27,2025-12-06,19,2025-01-06,Activo,162
43,699,211344.62,2021-05-29,2026-12-26,15,2024-07-24,Activo,112
44,1438,274952.4,2020-07-25,2021-07-05,33,2024-08-18,En Mora,166
45,32,960706.35,2022-04-14,2024-08-30,12,2024-12-08,Activo,0
46,715,471904.06,2024-08-01,2026-06-13,17,2025-01-15,Activo,0
47,2802,543677.66,2025-04-27,2025-05-22,28,2024-12-25,Activo,0
48,1040,344652.12,2024-07-07,2024-07-20,13,2025-02-11,Activo,158
49,409,507017.47,2022-03-01,2024-10-14,29,2025-03-09,Cancelado,0
50,2876,756188.78,2023-02-26,2023-12-17,34,2025-02-02,Activo,0
51,2221,508227.84,2021-04-06,2026-10-15,8,2025-05-30,Activo,0
52,936,349045.45,2023-02-17,2026-02-23,11,2024-06-14,Activo,0
53,1128,141200.95,2024-02-15,2025-05-28,20,2024-08-27,Activo,0
54,1341,931848.44,2024-12-18,2025-02-05,17,2025-02-15,Activo,0
55,707,878074.93,2022-12-13,2024-05-27,10,2025-01-03,En Mora,36
56,783,801796.7,2020-12-30,2022-12-01,26,2024-10-15,En Mora,0
57,1205,709367.42,2022-02-21,2025-06-21,23,2024-11-20,Activo,0
58,2180,539734.39,2024-07-12,2026-04-06,33,2024-11-07,Activo,0
59,2711,902526.95,2022-01-12,2025-08-22,19,2024-11-26,Cancelado,0
60,1179,802116.44,2023-07-23,2024-10-15,12,2024-11-08,Cancelado,0
61,2407,825210.3,2022-07-15,2026-07-03,7,2024-10-24,Activo,0
62,1259,344072.95,2023-05-07,2025-03-05,4,2024-08-17,Activo,118
63,2808,452285.36,2024-12-25,2025-12-05,6,2025-05-03,Activo,0
64,165,721462.15,2024-08-06,2027-05-14,11,2025-05-01,En Mora,0
65,2765,402509.19,2021-04-22,2024-07-25,3,2025-04-25,Cancelado,65
66,2475,519275.92,2024-06-16,2026-09-26,18,2025-03-12,En Mora,0
67,2725,664187.32,2022-11-06,2024-10-16,0,2024-11-18,Activo,0
68,2536,465870.48,2025-02-14,2025-03-02,12,2025-01-15,En Mora,0
69,213,803387.63,2022-05-30,2023-11-13,24,2025-01-20,Cancelado,19
70,1949,160464.9,2020-06-05,2026-07-16,33,2024-10-07,Activo,0
71,766,732153.68,2021-08-30,2026-05-15,34,2024-11-05,Cancelado,93
72,2205,187949.56,2020-11-19,2026-07-10,16,2025-02-23,En Mora,0
73,2483,940947.67,2021-05-04,2023-11-22,25,2025-02-10,Activo,0
74,1202,348335.8,2020-10-01,2026-02-11,20,2025-04-16,Activo,0
75,1820,805660.74,2022-06-28,2025-11-26,11,2024-07-08,Activo,0
76,2890,545346.13,2022-06-21,2025-05-24,15,2024-07-02,En Mora,0
77,645,136532.71,2025-02-13,2025-03-21,19,2024-09-26,Activo,0
78,1661,603457.51,2022-09-11,2023-09-30,9,2024-12-21,Activo,0
79,2360,916568.85,2023-02-18,2025-10-09,22,2024-07-24,Activo,78
80,1856,199372.68,2020-06-01,2021-01-31,29,2024-08-22,Cancelado,0
81,127,355241.6,2022-10-03,2022-12-24,7,2025-04-21,Activo,0
82,377,467200.74,2020-07-06,2020-12-20,4,2024-12-31,Activo,63
83,225,311300.41,2023-04-11,2023-11-04,11,2024-10-10,Activo,0
84,497,946590.5,2023-05-27,2027-04-13,13,2025-05-27,Activo,0
85,2017,408625.25,2024-08-16,2026-05-23,11,2024-10-13,Cancelado,0
86,473,675158.96,2021-12-27,2024-09-22,23,2024-08-05,Activo,0
87,1889,262720.93,2021-03-21,2026-05-23,16,2025-05-21,Activo,49
88,1161,258720.64,2023-03-10,2027-04-27,0,2025-05-03,Activo,0
89,2523,217056.87,2025-01-24,2026-01-24,10,2025-04-10,Activo,0
90,217,463071.65,2024-03-12,2024-12-19,5,2024-10-18,Activo,0
91,196,556215.29,2022-03-14,2024-08-13,14,2024-12-05,Activo,0
92,2249,60210.76,2021-11-04,2026-12-26,22,2024-08-19,Activo,0
93,366,841277.26,2023-11-04,2025-08-16,22,2025-01-19,Cancelado,0
94,2767,537116.2,2020-06-03,2022-06-20,11,2024-11-07,En Mora,0
95,1552,199349.43,2023-01-13,2026-11-04,6,2025-05-11,Refinanciado,0
96,2448,113928.65,2024-12-09,2025-06-22,15,2025-03-05,Activo,58
97,1549,110039.33,2023-10-17,2024-12-29,34,2024-10-16,Activo,69
98,2638,294761.31,2024-04-30,2024-05-05,28,2025-03-26,En Mora,0
99,214,524327.54,2024-09-05,2025-08-24,16,2024-10-24,Activo,0
100,2389,867227.56,2025-01-15,2026-02-03,25,2024-12-22,En Mora,0
101,119,907817.16,2021-02-23,2027-02-07,19,2025-03-14,Activo,0
102,1717,840711.52,2021-06-19,2026-11-24,24,2025-01-08,Activo,0
103,2884,362135.29,2025-03-04,2026-11-18,18,2025-02-21,En Mora,170
104,842,341229.86,2021-07-10,2022-02-19,20,2024-12-31,Activo,52
105,2915,988085.43,2024-07-30,2025-06-23,31,2025-01-19,Cancelado,0
106,1673,697216.6,2024-05-23,2026-03-13,27,2025-02-22,Cancelado,0
107,1203,339704.34,2023-08-04,2026-05-03,11,2025-04-08,Activo,23
108,1456,362626.14,2023-07-06,2026-10-12,14,2024-11-04,Activo,0
109,1744,462912.22,2022-05-29,2026-09-22,27,2025-03-21,Cancelado,0
110,945,640716.36,2023-01-23,2026-10-13,20,2024-09-07,Activo,0
111,2450,903080.2,2023-11-26,2026-02-15,15,2024-11-03,Activo,0
112,2931,238391.76,2023-07-14,2024-07-04,22,2024-07-15,Activo,111
113,566,130183.23,2021-07-02,2027-04-01,25,2024-08-11,En Mora,0
114,2472,435464.52,2023-08-11,2024-08-06,14,2024-06-13,Cancelado,32
115,118,283182.71,2024-03-31,2025-10-10,11,2024-06-07,Refinanciado,0
116,368,597231.04,2023-11-15,2024-08-01,3,2025-03-11,Cancelado,33
117,1130,714254.1,2021-09-11,2025-08-28,34,2025-02-05,Refinanciado,0
118,2678,345199.16,2024-12-26,2025-02-19,30,2024-08-15,Activo,32
119,1918,701178.72,2020-06-04,2022-03-15,26,2024-09-07,Activo,54
120,2196,375989.89,2020-12-23,2025-06-03,31,2025-03-05,Activo,0
121,1890,653219.73,2021-05-20,2024-07-06,32,2024-11-16,En Mora,0
122,2198,651407.77,2024-03-07,2025-12-14,12,2024-12-22,Activo,171
123,816,314251.72,2021-02-07,2023-05-05,1,2024-06-11,En Mora,0
124,2304,653936.61,2022-08-10,2026-02-17,4,2025-05-22,Cancelado,0
125,2130,411907.34,2024-03-03,2026-11-18,17,2025-03-06,Activo,29
126,2064,369632.2,2024-11-14,2027-01-20,16,2025-02-13,Activo,0
127,901,324823.36,2023-02-19,2023-03-05,1,2025-03-17,Activo,28
128,193,378363.0,2024-05-30,2026-12-13,34,2024-10-04,Refinanciado,0
129,2771,797407.65,2022-11-15,2027-02-26,13,2024-08-26,Activo,0
130,1098,282919.87,2021-01-10,2026-05-25,11,2025-01-02,Refinanciado,0
131,1085,697888.03,2022-03-01,2023-03-15,32,2025-03-30,Refinanciado,80
132,951,905589.56,2021-10-05,2022-09-19,6,2024-08-31,Activo,0
133,2584,382907.49,2020-09-08,2024-11-13,8,2025-01-12,Cancelado,102
134,2391,78036.46,2022-08-30,2024-11-27,4,2024-06-13,Activo,0
135,2443,73375.73,2024-02-13,2024-05-21,3,2024-08-29,Activo,24
136,943,182527.74,2023-08-21,2027-05-31,31,2024-12-22,Activo,0
137,258,154542.6,2021-08-28,2023-07-06,4,2024-09-05,Cancelado,0
138,1222,760680.99,2022-12-06,2024-12-23,7,2025-04-27,Activo,0
139,2101,330108.18,2021-10-04,2024-01-24,12,2025-03-17,Activo,0
140,651,669884.28,2020-10-31,2024-09-11,3,2025-02-12,En Mora,0
141,2319,90332.66,2021-04-15,2025-07-31,10,2025-02-17,Activo,111
142,2249,330953.26,2020-10-08,2025-04-20,14,2024-08-08,Activo,124
143,396,272438.92,2024-02-27,2026-11-28,17,2025-02-19,Refinanciado,0
144,2426,313036.48,2024-03-12,2026-02-01,19,2025-01-31,Activo,0
145,1915,231181.88,2025-05-18,2026-05-26,0,2025-01-16,Activo,0
146,2724,637020.22,2021-11-01,2023-12-19,0,2025-03-23,Activo,98
147,2583,679539.23,2025-03-28,2026-01-22,10,2025-04-22,Cancelado,0
148,923,191042.22,2020-10-18,2024-02-18,28,2024-08-30,Activo,0
149,398,754088.69,2024-02-28,2025-08-11,28,2025-02-16,Activo,0
150,1206,287543.2,2024-05-05,2024-08-08,23,2024-12-20,Cancelado,0
151,2915,318776.38,2021-09-21,2027-03-12,19,2024-09-18,Activo,0
152,1307,837367.92,2025-01-11,2025-01-29,29,2024-09-08,En Mora,0
153,561,906107.62,2022-01-12,2025-12-25,4,2025-04-11,Cancelado,160
154,190,833518.5,2024-07-23,2026-09-01,9,2024-12-29,Activo,86
155,205,190374.68,2023-07-09,2027-04-21,5,2025-02-13,Activo,113
156,44,999304.25,2021-07-28,2023-08-16,3,2024-08-05,Activo,0
157,1004,688547.64,2023-10-08,2023-12-06,3,2024-08-16,En Mora,155
158,2688,535135.19,2023-03-20,2024-07-06,6,2025-02-16,Activo,18
159,2749,957099.34,2022-08-26,2026-04-19,32,2025-03-12,En Mora,0
160,1706,826511.38,2023-10-09,2024-07-01,8,2024-11-14,Activo,99
161,1303,707155.89,2023-11-08,2025-04-17,25,2025-02-19,Activo,29
162,713,846477.39,2024-02-23,2026-01-03,20,2024-10-17,Activo,22
163,2685,416193.25,2025-02-04,2025-04-06,21,2024-12-25,Activo,21
164,2852,700216.52,2020-09-23,2025-08-14,32,2024-09-26,Activo,61
165,311,231051.02,2023-08-10,2024-09-26,32,2025-04-12,Activo,149
166,878,988600.6,2025-04-04,2025-04-10,4,2024-10-08,Cancelado,0
167,857,609532.62,2023-04-28,2026-06-07,20,2024-10-12,Activo,179
168,2322,823525.39,2021-11-12,2023-04-24,26,2024-08-18,Cancelado,103
169,1556,436972.89,2023-04-17,2027-03-07,0,2024-10-09,Activo,0
170,531,770659.38,2021-03-25,2023-03-10,15,2024-08-03,Activo,0
171,17,418015.65,2024-07-18,2024-11-28,34,2025-02-17,Cancelado,0
172,2766,610504.83,2020-06-29,2024-04-15,35,2024-07-04,Activo,47
173,470,789228.07,2025-04-13,2026-08-05,31,2025-01-08,Activo,0
174,811,160650.22,2022-05-12,2026-07-16,28,2025-03-03,Activo,0
175,1328,388946.56,2022-03-14,2024-02-17,22,2024-12-22,Activo,0
176,555,567690.1,2023-03-20,2025-04-04,14,2025-01-20,En Mora,152
177,2141,367297.82,2025-03-25,2025-06-01,25,2025-02-06,Activo,62
178,882,343708.87,2023-11-09,2026-07-20,24,2024-09-29,Activo,0
179,2626,317580.89,2025-03-29,2025-09-18,1,2025-03-27,En Mora,0
180,2679,266402.23,2024-08-30,2027-05-27,11,2024-07-08,Activo,138
181,821,856459.33,2021-09-13,2026-10-17,18,2024-12-21,Cancelado,0
182,584,927504.67,2022-06-15,2025-10-17,31,2024-12-04,Activo,0
183,846,715160.98,2021-02-16,2027-01-29,22,2024-12-31,Activo,10
184,1997,78499.54,2021-11-30,2022-11-12,4,2024-06-27,Refinanciado,0
185,842,796921.54,2023-04-09,2023-10-26,24,2024-09-02,Activo,0
186,2376,555342.85,2022-07-19,2024-12-06,34,2025-03-28,Cancelado,177
187,1805,770204.58,2020-07-19,2022-11-24,28,2024-08-08,En Mora,0
188,730,465471.45,2023-03-22,2026-03-31,19,2025-04-04,Activo,0
189,254,89217.82,2022-09-16,2026-12-08,35,2024-10-09,Activo,0
190,1464,697657.74,2023-04-16,2024-02-12,6,2024-09-07,Activo,1
191,2619,471922.07,2023-08-23,2025-07-29,21,2024-12-02,En Mora,0
192,2592,880341.32,2024-02-06,2025-09-09,17,2024-09-13,Refinanciado,0
193,851,751231.04,2021-07-31,2027-03-28,20,2024-08-29,Activo,0
194,2168,391583.66,2024-07-16,2027-05-01,21,2024-09-14,Activo,0
195,822,737877.86,2021-08-31,2023-11-27,11,2024-08-24,Activo,63
196,2562,520448.17,2021-12-05,2023-06-24,10,2025-05-07,Activo,70
197,1573,239471.75,2025-03-09,2026-05-10,11,2025-03-19,En Mora,89
198,979,448892.0,2022-03-14,2026-01-08,25,2024-09-21,En Mora,0
199,2145,261434.27,2023-09-30,2025-08-22,29,2025-03-08,Activo,0
200,871,54727.69,2023-05-10,2025-10-03,14,2025-03-07,Activo,82
201,1394,284455.98,2023-08-03,2023-08-31,7,2024-10-20,Activo,0
202,257,249045.26,2024-05-01,2024-09-07,17,2024-12-10,Activo,0
203,128,54120.06,2022-04-16,2022-08-04,9,2025-03-20,Cancelado,0
204,1383,794729.1,2021-07-17,2026-11-19,7,2025-02-15,Activo,93
205,1180,123135.69,2021-11-15,2022-04-26,34,2025-02-08,Activo,118
206,2105,476606.12,2020-10-30,2023-08-10,19,2025-04-12,Activo,0
207,2630,446989.02,2023-06-17,2024-04-12,11,2025-01-03,Activo,160
208,1972,222337.71,2022-02-26,2024-03-27,2,2024-10-22,Activo,18
209,556,968525.08,2023-10-13,2025-03-21,19,2024-11-14,Cancelado,0
210,2772,623546.92,2025-05-14,2026-10-21,11,2025-03-04,Refinanciado,0
211,2701,822837.39,2024-04-24,2025-05-14,23,2024-07-29,Activo,0
212,2206,521333.53,2021-03-24,2021-05-06,15,2024-07-25,Activo,73
213,85,736671.32,2021-05-24,2022-10-21,9,2025-03-03,Cancelado,0
214,322,971290.25,2024-04-15,2024-06-12,18,2025-02-28,Refinanciado,0
215,2357,380985.14,2022-08-29,2026-08-26,13,2024-06-26,En Mora,170
216,1554,529050.66,2021-07-02,2027-04-18,13,2025-01-28,Activo,0
217,284,538810.05,2022-11-18,2023-01-23,21,2024-12-22,Activo,0
218,1918,992395.08,2021-12-29,2022-08-10,3,2024-08-26,Activo,58
219,2182,271444.19,2024-04-21,2025-03-13,33,2025-03-18,Activo,0
220,614,691542.13,2025-01-26,2026-03-19,17,2025-03-25,Activo,0
221,2697,181318.19,2024-01-24,2024-09-26,33,2024-11-02,Refinanciado,0
222,1428,930719.86,2024-04-10,2025-12-10,17,2025-04-29,En Mora,15
223,1517,610862.82,2024-02-29,2025-04-08,30,2025-03-28,Activo,0
224,229,866440.95,2021-08-16,2027-04-17,19,2025-03-22,Activo,0
225,1830,900479.47,2025-05-02,2027-01-03,35,2025-04-19,Activo,0
226,1330,579254.42,2024-10-14,2024-12-08,9,2024-12-18,En Mora,0
227,1933,697906.91,2022-04-05,2027-04-08,2,2025-01-29,Activo,0
228,119,713784.61,2023-05-29,2023-06-14,20,2024-12-18,Activo,0
229,2986,487456.78,2021-09-14,2025-10-23,35,2024-06-29,Activo,0
230,2372,463096.33,2024-01-01,2024-04-05,9,2024-12-20,En Mora,0
231,921,226878.81,2023-04-13,2023-05-05,6,2024-06-27,Activo,27
232,2207,414718.83,2024-07-25,2026-04-03,21,2025-02-23,Activo,133
233,2287,991219.09,2024-09-05,2026-06-02,22,2024-10-11,Cancelado,0
234,2444,306368.5,2022-01-19,2024-08-14,11,2024-11-16,En Mora,0
235,320,774318.86,2025-05-03,2025-10-18,12,2024-09-30,Activo,0
236,2357,106380.1,2024-03-01,2026-04-21,12,2024-07-25,Refinanciado,51
237,2297,494095.36,2024-11-18,2026-06-20,32,2024-06-21,Activo,176
238,2586,105489.63,2020-09-22,2026-11-03,30,2025-03-06,Activo,22
239,701,502009.94,2022-10-05,2023-11-21,27,2025-03-25,Cancelado,0
240,2442,76174.84,2021-07-27,2023-04-25,18,2024-08-10,Cancelado,0
241,2700,632630.03,2023-05-30,2025-08-15,20,2024-06-15,Activo,0
242,1018,607183.64,2024-11-14,2025-12-06,31,2024-08-07,Cancelado,0
243,406,807951.06,2023-04-15,2026-03-09,25,2025-02-19,Activo,0
244,1205,604121.89,2021-12-27,2024-12-19,12,2024-08-02,Cancelado,0
245,2069,929699.2,2021-01-29,2025-07-01,28,2024-10-14,Activo,65
246,1699,793949.38,2023-08-24,2024-04-07,6,2025-05-12,Activo,38
247,1607,176023.69,2023-10-11,2024-10-11,25,2024-09-17,Activo,0
248,155,302199.53,2021-08-19,2026-11-22,5,2025-01-01,Cancelado,142
249,1852,74919.07,2020-07-27,2023-01-13,31,2024-08-25,Cancelado,19
250,867,416827.3,2021-08-16,2024-05-12,35,2025-04-27,Refinanciado,0
251,559,534059.44,2021-10-11,2021-11-13,22,2024-08-17,Activo,70
252,194,948648.94,2025-01-28,2027-05-05,10,2025-04-11,Activo,0
253,2447,546154.06,2022-05-28,2024-01-03,20,2025-02-13,Activo,0
254,2328,791976.64,2023-07-10,2027-01-17,18,2024-12-05,Activo,162
255,1034,304622.81,2022-07-05,2024-11-03,33,2025-04-08,Activo,150
256,1400,195500.52,2025-01-03,2025-09-18,34,2025-02-22,Cancelado,108
257,2520,820294.44,2021-02-04,2023-09-20,30,2025-01-30,Cancelado,0
258,2200,285053.89,2020-11-01,2021-06-24,28,2024-10-08,Activo,0
259,2032,877768.36,2024-02-03,2024-11-27,5,2025-02-11,En Mora,0
260,802,211357.38,2021-07-30,2024-07-12,35,2024-07-11,Cancelado,0
261,553,859007.21,2025-05-24,2025-08-08,30,2024-07-23,Activo,0
262,1448,784205.2,2023-10-31,2024-12-03,31,2024-08-17,En Mora,0
263,1547,630659.64,2022-05-10,2025-07-02,19,2024-12-21,Activo,0
264,730,857709.64,2023-05-19,2025-12-04,21,2025-01-26,Refinanciado,153
265,2561,364174.61,2025-04-25,2025-10-23,2,2024-09-16,Activo,0
266,1013,207732.44,2021-01-21,2025-12-03,7,2025-01-19,Activo,0
267,171,199188.64,2022-10-24,2024-09-11,18,2024-10-02,Activo,0
268,850,306840.97,2023-08-19,2026-04-13,30,2025-04-19,Cancelado,112
269,794,473915.78,2021-08-05,2021-10-30,31,2025-04-26,Activo,0
270,1589,882221.72,2021-02-18,2022-02-04,14,2024-10-14,Activo,0
271,125,135058.87,2022-04-08,2022-11-28,30,2025-04-17,En Mora,0
272,175,919479.94,2022-11-01,2024-09-19,2,2025-05-06,Activo,0
273,2552,929219.97,2021-07-22,2025-01-30,31,2024-11-30,Activo,0
274,1801,740874.57,2022-09-13,2025-08-29,9,2024-07-20,Activo,0
275,2759,905269.43,2022-01-29,2024-04-27,27,2025-04-01,Activo,0
276,106,781487.3,2020-08-20,2020-12-18,26,2024-06-11,Refinanciado,10
277,1971,551885.92,2022-10-04,2025-09-20,30,2024-10-11,En Mora,0
278,1661,620712.71,2023-06-29,2026-04-19,33,2024-12-26,Cancelado,0
279,2576,646813.25,2022-05-29,2023-08-07,4,2025-02-27,Activo,0
280,38,170548.62,2025-02-15,2025-12-07,10,2024-12-23,Activo,0
281,395,233401.43,2024-01-09,2025-06-07,6,2024-10-13,Activo,96
282,921,547200.29,2023-02-02,2023-08-20,7,2024-09-21,Activo,0
283,2525,159466.9,2020-10-16,2025-03-24,16,2025-02-04,Cancelado,0
284,1491,966730.33,2024-01-17,2026-02-28,13,2025-05-30,Activo,0
285,722,531770.91,2023-03-03,2023-10-05,23,2024-12-20,Activo,0
286,2031,411081.84,2021-04-14,2023-10-08,29,2025-05-02,Cancelado,85
287,2363,199663.04,2021-08-15,2026-06-19,14,2025-02-23,Activo,17
288,1309,445707.2,2025-04-08,2025-09-19,3,2024-09-13,Cancelado,0
289,2030,337304.88,2021-07-28,2025-01-23,12,2025-05-25,Activo,130
290,1704,133530.81,2021-04-16,2027-01-23,4,2024-10-10,Refinanciado,0
291,1634,968655.03,2020-10-05,2021-03-13,30,2024-10-03,Cancelado,0
292,1453,301729.19,2022-11-05,2023-06-08,11,2025-01-15,Activo,0
293,365,705946.73,2022-11-03,2023-08-13,29,2025-03-15,Activo,0
294,2229,136756.38,2021-08-21,2025-07-21,9,2025-01-27,Cancelado,0
295,734,917510.56,2022-08-14,2023-06-07,29,2025-04-10,Activo,0
296,2924,611213.88,2021-10-02,2026-11-18,25,2024-10-19,Activo,54
297,2709,674028.4,2022-10-22,2024-05-12,5,2024-09-04,Cancelado,0
298,244,792695.14,2020-07-29,2023-06-16,26,2025-03-21,Activo,0
299,313,625619.56,2023-04-30,2023-09-06,19,2025-03-23,Activo,20
300,76,117362.09,2021-08-04,2022-09-07,27,2025-02-26,Activo,49
301,2310,458103.3,2023-11-11,2026-06-25,19,2025-05-03,Activo,0
302,231,298928.59,2021-08-15,2025-08-06,11,2024-06-28,Cancelado,0
303,2751,512381.17,2024-04-21,2025-05-08,20,2024-10-22,Activo,0
304,2694,434108.9,2024-03-28,2026-10-13,29,2024-12-28,Refinanciado,0
305,1412,835206.46,2023-12-18,2026-03-30,9,2024-10-22,En Mora,0
306,2805,284695.17,2024-11-28,2026-05-31,4,2025-03-05,Cancelado,0
307,1349,241236.01,2021-09-03,2025-07-31,7,2024-08-09,Activo,0
308,842,960181.98,2020-06-04,2024-12-20,29,2025-04-02,Activo,47
309,2927,952040.78,2023-10-06,2025-01-11,16,2025-02-16,Activo,0
310,1480,993791.72,2022-09-08,2025-09-10,2,2025-04-20,Activo,0
311,516,589961.55,2021-01-19,2024-07-01,20,2025-02-13,En Mora,0
312,2490,157486.76,2020-10-05,2022-01-12,15,2024-07-13,En Mora,0
313,1573,886159.35,2022-08-04,2022-10-14,31,2024-11-26,Activo,0
314,2631,187859.24,2022-10-23,2027-02-12,26,2025-03-19,Activo,0
315,2310,197814.61,2022-12-16,2023-07-27,5,2025-05-05,Activo,0
316,2797,233727.69,2020-11-21,2027-05-26,15,2024-11-16,Activo,179
317,819,670747.89,2021-02-14,2023-08-31,2,2025-01-08,En Mora,113
318,2915,151839.1,2022-10-15,2027-03-21,19,2024-09-04,Activo,0
319,608,789367.55,2021-05-19,2024-05-10,6,2024-06-02,Cancelado,0
320,2958,105339.02,2020-06-07,2022-06-25,10,2024-09-03,En Mora,0
321,523,154924.23,2023-12-08,2024-12-28,28,2025-04-10,Cancelado,0
322,1802,462762.78,2021-10-11,2024-08-26,2,2024-07-23,Activo,0
323,1213,410212.93,2020-07-29,2026-08-17,20,2024-07-30,Refinanciado,0
324,1037,990222.85,2022-05-18,2025-06-09,31,2024-10-15,En Mora,0
325,162,968520.76,2020-12-16,2022-09-04,29,2024-10-29,Activo,94
326,1517,230197.72,2020-12-22,2023-04-19,10,2024-10-19,Activo,66
327,2053,949332.27,2021-05-14,2025-09-26,16,2025-05-24,Cancelado,94
328,2032,707648.81,2022-10-13,2023-07-08,24,2024-07-21,Activo,0
329,202,438401.01,2023-05-24,2025-06-01,24,2025-04-21,Activo,0
330,2464,752649.39,2024-01-29,2024-02-17,8,2024-07-04,Activo,154
331,1036,905133.92,2021-12-25,2025-08-19,28,2024-07-19,Activo,50
332,948,221134.48,2023-06-04,2024-11-13,14,2024-10-10,Activo,0
333,1421,236185.05,2024-05-20,2024-08-05,18,2024-12-02,En Mora,109
334,1365,438284.72,2022-06-14,2025-05-30,14,2024-11-13,Activo,4
335,752,210751.18,2021-09-01,2026-08-04,34,2024-07-12,En Mora,0
336,950,392377.61,2024-12-24,2025-04-09,12,2024-06-30,Activo,0
337,2421,663406.95,2021-09-15,2026-08-22,15,2024-09-23,Activo,0
338,1249,822177.22,2020-07-21,2025-07-19,2,2024-08-01,Activo,18
339,1206,336838.19,2020-12-02,2025-01-06,30,2025-03-27,Cancelado,0
340,1321,317644.15,2022-11-29,2025-02-15,0,2024-07-03,Activo,0
341,1331,790755.82,2024-12-26,2025-07-21,34,2024-11-17,Cancelado,179
342,431,411974.91,2020-06-16,2024-08-31,15,2024-07-24,Activo,91
343,2738,827551.6,2021-12-12,2026-03-28,0,2024-11-26,En Mora,0
344,2166,993711.3,2022-11-22,2023-03-20,13,2025-03-08,En Mora,0
345,588,980685.24,2025-05-17,2026-03-19,6,2024-09-24,Activo,0
346,2275,679552.61,2025-01-06,2025-05-06,22,2025-03-12,En Mora,67
347,1264,406452.55,2023-11-28,2024-10-29,34,2025-01-03,Activo,111
348,2396,112215.37,2020-12-11,2024-02-18,28,2024-07-22,En Mora,40
349,141,751138.6,2025-03-08,2027-04-02,21,2024-07-26,Cancelado,0
350,204,979068.88,2025-02-21,2026-03-29,15,2024-11-22,Activo,0
351,1004,114585.24,2021-07-30,2027-01-15,28,2024-06-27,En Mora,51
352,1666,55859.33,2024-11-15,2026-12-13,5,2025-02-02,Activo,74
353,861,840187.39,2024-05-16,2024-12-14,17,2024-11-23,Activo,0
354,845,147146.01,2020-08-16,2027-04-05,28,2024-11-14,Activo,9
355,2361,127541.83,2023-02-13,2023-12-29,24,2025-03-25,Activo,0
356,1939,914819.26,2021-01-27,2026-03-04,1,2024-09-30,Activo,0
357,137,125582.77,2023-07-04,2026-09-02,31,2024-07-04,Activo,0
358,1652,158316.77,2021-12-13,2023-08-15,35,2025-02-08,Activo,170
359,2399,591094.99,2024-09-22,2026-05-12,31,2025-05-07,Cancelado,60
360,1691,768973.46,2022-01-13,2026-11-21,19,2024-08-08,En Mora,0
361,2221,429593.65,2023-09-24,2024-10-09,32,2024-09-26,En Mora,0
362,1154,449559.7,2022-06-23,2023-07-02,4,2025-05-04,Activo,0
363,79,650994.69,2023-01-29,2026-01-15,5,2024-08-06,Activo,0
364,979,530154.03,2020-06-30,2020-09-02,21,2024-10-08,Refinanciado,0
365,569,67696.88,2023-05-25,2026-11-19,20,2024-07-28,Activo,159
366,2911,157904.03,2021-05-09,2025-11-03,18,2024-11-12,Activo,124
367,2105,602520.01,2022-02-06,2023-01-11,14,2024-08-18,Activo,0
368,2411,803979.38,2021-05-31,2027-01-28,33,2025-04-09,Activo,0
369,134,774947.99,2023-02-08,2026-10-16,6,2024-09-15,Cancelado,83
370,2062,753053.73,2020-08-22,2023-03-21,16,2025-05-27,En Mora,0
371,283,782708.99,2022-03-03,2027-05-21,4,2024-07-29,Activo,20
372,2854,92221.3,2022-04-07,2022-05-14,1,2024-10-14,Cancelado,55
373,127,900346.49,2022-01-15,2025-04-13,26,2025-04-26,Activo,0
374,2027,894818.95,2022-06-22,2026-09-12,23,2024-07-18,En Mora,164
375,1796,555327.79,2022-07-06,2022-08-05,27,2024-11-23,Activo,0
376,1850,286164.62,2025-01-23,2025-11-04,0,2025-03-16,Activo,0
377,218,612569.55,2025-05-04,2025-06-18,20,2024-07-25,Activo,0
378,745,579991.63,2024-09-20,2026-12-27,27,2024-11-23,En Mora,172
379,2728,261809.35,2024-08-19,2026-12-19,2,2024-08-28,Activo,0
380,260,622973.67,2022-12-14,2025-01-19,29,2024-08-24,Cancelado,171
381,1242,807429.41,2022-10-04,2025-06-30,0,2024-11-13,Activo,126
382,1844,815801.52,2025-05-15,2026-02-27,17,2025-03-04,Activo,94
383,1682,106712.93,2022-05-16,2026-12-24,32,2024-07-25,Cancelado,0
384,1513,237305.15,2022-06-10,2026-04-15,14,2024-11-26,Activo,0
385,1467,684812.19,2020-07-10,2026-12-21,23,2024-07-20,Activo,177
386,99,866840.35,2024-06-16,2024-12-13,35,2024-10-13,Cancelado,164
387,182,545156.23,2023-08-09,2025-10-20,33,2025-05-20,Activo,67
388,2217,722149.38,2021-05-23,2027-04-06,25,2025-04-30,Activo,0
389,2281,70018.41,2022-06-29,2025-07-12,21,2024-07-24,Activo,0
390,956,627999.77,2022-06-23,2026-10-29,15,2025-04-23,Activo,100
391,1117,963813.69,2024-12-25,2026-12-29,15,2025-04-17,Activo,2
392,472,677963.88,2023-06-26,2025-05-17,4,2024-07-10,Cancelado,0
393,1540,926161.93,2023-05-30,2026-10-27,5,2025-04-12,Activo,0
394,1109,587708.99,2020-08-20,2020-11-21,23,2024-11-07,Activo,0
395,679,851209.8,2022-07-31,2025-04-09,29,2024-10-09,Activo,116
396,1543,167954.29,2021-06-15,2022-09-02,31,2024-06-21,Activo,29
397,381,167337.6,2024-01-28,2024-08-21,18,2024-08-13,Activo,0
398,1256,164170.36,2025-06-01,2025-10-29,27,2024-07-01,Cancelado,37
399,2299,514407.07,2021-09-03,2026-04-07,7,2024-12-27,Activo,140
400,2367,363750.38,2024-10-02,2025-07-11,0,2024-09-24,Activo,0
401,2241,733226.56,2025-02-28,2026-12-12,3,2024-06-23,Cancelado,0
402,1659,907490.82,2022-07-11,2024-12-19,21,2025-05-11,Activo,0
403,2985,638406.09,2022-03-10,2026-07-15,21,2024-09-02,Activo,5
404,2649,252550.03,2021-02-25,2023-06-02,29,2024-08-26,Activo,175
405,2655,934333.02,2023-07-08,2026-07-27,26,2024-07-05,Activo,0
406,1581,551464.47,2021-11-02,2023-02-24,26,2024-10-30,Activo,0
407,765,733948.28,2021-03-05,2023-05-21,12,2025-01-05,Activo,0
408,2933,895980.56,2021-10-30,2024-10-09,26,2024-06-14,Activo,16
409,991,990340.34,2023-04-23,2024-04-10,7,2024-10-04,Activo,112
410,1587,530760.75,2021-09-19,2022-02-16,11,2024-09-06,Activo,0
411,2554,817659.58,2023-11-22,2027-04-08,23,2024-08-24,Activo,9
412,2113,588523.71,2023-10-13,2026-08-23,17,2025-04-23,Cancelado,126
413,2270,512131.25,2024-11-21,2025-05-18,14,2025-04-28,En Mora,0
414,466,560826.89,2022-01-28,2023-06-12,15,2024-11-21,Activo,0
415,2120,510061.48,2023-06-15,2024-02-19,32,2024-12-30,Activo,0
416,888,449976.71,2025-01-12,2025-05-26,9,2024-10-30,En Mora,0
417,2522,737534.66,2020-12-26,2021-02-25,23,2025-03-13,Activo,0
418,2703,287192.03,2023-10-19,2026-09-27,18,2025-03-17,En Mora,0
419,19,635562.39,2020-08-08,2025-12-21,26,2025-04-09,Activo,0
420,2570,727312.17,2020-11-10,2026-01-23,30,2024-10-12,Activo,0
421,784,897486.29,2021-09-10,2023-01-01,20,2024-12-13,Cancelado,0
422,1707,365283.29,2020-09-01,2021-02-14,15,2025-02-24,Cancelado,0
423,415,867569.15,2022-09-09,2024-04-17,22,2025-04-09,Activo,117
424,364,948026.61,2024-05-01,2024-11-08,13,2024-09-06,Refinanciado,0
425,2576,666245.41,2023-05-27,2023-11-15,22,2025-04-03,Activo,0
426,1104,782861.36,2021-11-19,2023-07-24,17,2024-10-11,Cancelado,0
427,796,435421.61,2024-02-25,2025-08-12,35,2024-10-18,Activo,0
428,1214,954528.65,2022-10-19,2025-02-03,11,2025-05-04,Activo,0
429,1172,687318.38,2022-04-29,2023-01-11,10,2025-03-06,En Mora,0
430,1699,344648.97,2025-03-21,2026-11-24,4,2024-12-13,Activo,0
431,443,434048.28,2023-02-09,2024-07-26,20,2024-10-27,Activo,0
432,2313,636867.74,2023-02-13,2027-03-24,31,2024-11-12,Activo,98
433,650,272428.41,2022-04-19,2022-05-13,28,2024-06-17,Activo,0
434,509,766218.68,2023-10-08,2025-03-28,6,2024-08-10,Activo,0
435,466,263456.94,2021-12-22,2025-04-26,35,2025-04-05,Activo,0
436,2413,612199.74,2025-01-27,2026-10-20,26,2025-02-01,Activo,67
437,1423,712156.19,2022-07-22,2026-06-20,5,2024-09-26,En Mora,0
438,2541,866760.5,2020-11-29,2026-11-17,3,2025-04-08,Activo,88
439,2590,747205.39,2024-03-27,2027-03-06,34,2024-10-13,Activo,0
440,1840,808883.84,2021-07-30,2026-11-28,9,2024-06-22,En Mora,22
441,1504,917285.21,2023-03-16,2023-07-09,29,2025-03-05,Activo,0
442,1627,617882.98,2025-01-05,2025-08-27,8,2024-08-09,Activo,0
443,1115,853966.01,2022-01-19,2026-05-22,15,2025-03-06,Activo,23
444,723,270278.62,2024-02-12,2024-02-25,3,2024-07-28,En Mora,0
445,842,823996.51,2024-04-15,2024-05-23,25,2024-07-09,Activo,0
446,2348,260602.4,2022-05-14,2026-01-22,28,2024-11-16,Refinanciado,0
447,2222,937897.76,2023-05-16,2026-08-30,27,2025-03-19,Cancelado,172
448,646,363474.67,2021-05-20,2027-04-20,10,2024-12-05,Activo,0
449,24,213246.1,2023-11-09,2024-08-15,27,2024-09-23,Cancelado,0
450,731,190760.32,2023-02-10,2026-03-04,31,2025-05-20,Activo,0
451,7,227908.61,2022-05-06,2024-09-24,23,2025-04-03,Activo,1
452,1621,475163.29,2022-01-22,2026-11-16,6,2024-06-01,Activo,4
453,2926,546041.92,2023-08-20,2025-06-17,17,2025-02-22,Activo,0
454,1272,918096.54,2025-02-19,2026-06-30,2,2025-02-20,Cancelado,0
455,166,411964.06,2020-10-09,2022-11-27,19,2024-12-17,En Mora,0
456,428,256608.19,2022-12-10,2024-03-22,33,2024-11-05,Activo,81
457,2193,756630.06,2022-01-08,2024-03-23,29,2024-10-10,Activo,0
458,1535,177921.69,2021-03-16,2022-12-08,8,2025-04-16,Cancelado,0
459,933,897669.2,2021-02-11,2024-05-02,9,2025-04-26,Activo,0
460,2557,438929.65,2024-02-09,2025-06-18,5,2025-05-13,Activo,0
461,2955,633149.41,2024-10-29,2026-03-23,16,2024-09-12,Activo,0
462,2693,226875.13,2022-12-08,2023-01-13,14,2025-01-02,Cancelado,0
463,1600,188252.69,2023-08-06,2025-11-15,32,2024-06-21,Activo,0
464,2124,808897.41,2020-09-19,2021-05-07,12,2024-09-17,Activo,104
465,1667,458217.18,2024-08-01,2027-04-18,21,2025-05-20,Activo,0
466,824,987405.67,2021-10-28,2024-12-31,15,2024-12-05,Cancelado,0
467,1343,548083.05,2022-10-22,2024-03-17,33,2025-03-24,Activo,0
468,1062,853370.27,2024-05-01,2025-11-29,2,2024-07-28,En Mora,0
469,566,980965.49,2021-01-11,2021-05-23,7,2024-08-08,Activo,0
470,1666,317092.65,2023-02-04,2026-07-05,19,2024-09-30,En Mora,153
471,1538,810837.63,2024-07-16,2025-02-05,23,2025-05-20,En Mora,0
472,1164,70905.86,2022-02-20,2023-05-26,17,2024-10-19,En Mora,0
473,1282,695766.41,2022-07-02,2026-06-04,22,2025-01-10,En Mora,104
474,2665,757941.04,2024-10-23,2025-06-07,0,2024-11-23,Activo,0
475,2429,503495.53,2025-01-25,2027-05-28,1,2024-07-07,Cancelado,54
476,2896,203999.95,2024-12-14,2027-04-03,4,2024-06-30,Activo,54
477,1209,635884.52,2024-11-28,2027-02-20,17,2024-12-17,Activo,74
478,303,902652.23,2024-03-20,2026-10-19,15,2024-07-13,Activo,0
479,1518,934753.24,2021-03-29,2022-11-09,9,2025-01-10,Cancelado,157
480,756,758797.27,2025-01-22,2026-03-13,28,2024-09-03,Activo,0
481,164,300527.6,2021-10-17,2026-08-22,34,2025-04-24,Activo,46
482,1668,876810.58,2020-06-04,2021-08-17,24,2024-12-09,Cancelado,0
483,1227,894381.91,2021-03-17,2023-05-23,23,2025-02-19,Activo,134
484,1234,398880.1,2020-06-24,2025-01-16,12,2024-11-05,Activo,0
485,1883,223832.65,2024-01-22,2027-05-16,20,2025-02-09,En Mora,0
486,2149,880926.46,2025-05-25,2027-05-01,33,2025-04-22,Refinanciado,90
487,898,890842.45,2023-08-25,2025-04-05,18,2024-10-21,Activo,0
488,783,145860.78,2021-05-14,2025-05-19,27,2024-12-20,En Mora,0
489,1995,968635.08,2023-03-06,2027-05-29,26,2025-01-17,Activo,0
490,1585,556426.53,2022-10-29,2027-05-10,25,2025-03-28,Activo,0
491,2416,994043.69,2021-04-23,2023-06-01,10,2025-03-21,Cancelado,0
492,727,472757.84,2021-04-26,2026-05-21,34,2025-05-15,Cancelado,0
493,2420,556619.17,2022-02-25,2024-05-06,19,2025-04-01,Cancelado,0
494,2910,302778.69,2021-11-25,2024-12-19,11,2024-11-16,Cancelado,0
495,1455,904000.07,2025-05-02,2027-05-31,27,2024-06-19,En Mora,0
496,2328,471526.51,2022-09-07,2023-10-09,1,2025-01-27,Activo,114
497,2364,823883.35,2025-04-24,2026-08-31,0,2025-03-14,Activo,111
498,2013,125747.56,2025-01-09,2025-11-27,8,2025-05-31,En Mora,12
499,1101,798834.3,2025-05-23,2026-08-21,21,2025-03-06,En Mora,92
500,816,515730.99,2022-01-02,2023-12-07,26,2025-04-09,Activo,133
501,151,55137.49,2021-02-02,2025-10-06,8,2025-01-14,Activo,0
502,1009,264949.79,2024-10-19,2026-03-25,6,2024-12-21,En Mora,163
503,1520,234043.7,2022-06-17,2026-04-22,35,2024-12-02,Refinanciado,153
504,1321,764176.35,2021-03-04,2022-09-22,1,2024-10-07,Cancelado,0
505,669,503342.08,2020-11-30,2021-06-03,4,2025-02-27,Activo,0
506,407,201732.48,2020-11-27,2022-01-19,16,2025-01-26,Activo,0
507,2335,293962.83,2024-06-30,2024-07-29,34,2025-03-03,En Mora,0
508,2965,528872.97,2025-01-02,2026-06-24,7,2024-11-14,Activo,39
509,492,68656.29,2023-10-31,2024-11-09,2,2025-05-16,Cancelado,111
510,1033,452919.31,2023-06-02,2025-09-27,2,2024-06-28,Activo,0
511,1942,694158.33,2022-12-16,2025-08-26,0,2024-08-28,En Mora,0
512,1156,541866.86,2021-06-14,2027-01-29,23,2025-04-09,Refinanciado,0
513,1101,618194.56,2024-11-28,2026-08-09,29,2024-10-08,En Mora,0
514,2786,360287.21,2023-08-30,2025-12-21,25,2024-12-04,En Mora,0
515,2179,223921.94,2020-06-29,2024-05-06,2,2025-01-04,Refinanciado,80
516,997,819254.23,2025-04-30,2026-07-02,12,2024-09-28,Cancelado,31
517,1912,910353.13,2024-06-19,2026-09-17,35,2025-01-16,Refinanciado,108
518,1436,535203.54,2022-08-25,2024-03-10,11,2024-12-17,En Mora,67
519,1114,339789.15,2024-11-07,2026-02-11,19,2024-11-29,En Mora,0
520,2546,535644.59,2021-05-08,2025-08-19,7,2024-09-24,Cancelado,0
521,2670,885036.24,2023-10-23,2026-05-06,1,2024-08-13,Activo,0
522,889,706836.03,2023-01-19,2026-07-10,10,2025-03-04,Cancelado,0
523,354,865685.28,2022-10-17,2026-06-19,20,2024-08-11,Refinanciado,0
524,2319,361960.45,2021-12-25,2022-11-22,5,2024-06-17,En Mora,0
525,1416,726380.17,2020-11-07,2022-03-24,18,2024-11-07,Activo,0
526,432,670396.52,2023-06-29,2024-02-26,29,2024-08-10,Activo,0
527,739,593035.64,2022-05-05,2026-06-27,35,2024-12-03,Activo,0
528,2520,551813.62,2024-07-10,2027-01-22,19,2024-12-12,Activo,0
529,1780,573428.99,2024-04-28,2024-06-17,9,2024-07-02,Activo,0
530,1332,857187.54,2021-07-04,2021-07-06,23,2024-12-21,Refinanciado,0
531,508,920194.78,2021-12-03,2024-12-19,32,2024-09-08,Cancelado,0
532,55,157217.44,2022-03-22,2026-10-26,28,2024-08-24,Activo,164
533,2085,590333.0,2023-02-17,2026-11-30,29,2024-07-02,Cancelado,0
534,900,922488.0,2024-09-28,2027-03-13,35,2024-12-09,En Mora,0
535,2103,178002.99,2024-01-19,2027-02-17,5,2024-12-07,Activo,22
536,524,442216.4,2023-05-12,2027-01-02,13,2024-11-29,Cancelado,0
537,2963,134626.16,2021-08-27,2023-10-06,2,2025-05-05,Activo,0
538,463,157802.58,2023-10-31,2025-09-05,23,2024-07-07,Cancelado,65
539,697,908905.27,2021-02-02,2024-11-14,18,2025-02-16,En Mora,0
540,1502,473870.61,2024-12-28,2025-03-03,33,2025-01-05,En Mora,0
541,1773,704302.67,2020-10-18,2023-03-06,8,2024-10-09,Cancelado,0
542,716,181968.7,2025-05-20,2026-07-21,29,2025-03-22,Activo,0
543,1235,70850.11,2021-05-15,2023-08-25,31,2024-09-09,Cancelado,0
544,2780,895959.76,2021-12-15,2024-07-15,12,2025-01-01,Activo,0
545,1847,595818.36,2022-05-08,2026-10-16,17,2025-01-08,Refinanciado,28
546,989,68988.37,2024-09-21,2026-02-21,21,2025-03-29,En Mora,0
547,1829,992722.51,2023-10-02,2025-09-02,3,2025-05-10,Activo,0
548,212,517582.76,2021-06-21,2025-10-02,22,2024-11-11,Cancelado,0
549,754,502082.68,2024-10-15,2026-09-01,6,2024-06-03,Activo,0
550,436,639868.48,2023-09-02,2026-08-23,10,2024-11-10,Cancelado,0
551,1902,57509.31,2021-01-03,2024-01-24,33,2025-05-22,Cancelado,0
552,84,590681.46,2023-05-31,2025-08-25,4,2024-12-05,En Mora,26
553,1236,648009.71,2022-07-20,2024-10-18,24,2025-04-05,Cancelado,0
554,779,332105.89,2022-02-03,2024-02-01,27,2025-01-07,Activo,0
555,834,740509.79,2024-06-01,2025-11-16,13,2025-03-23,Activo,0
556,2509,408560.23,2022-10-13,2025-12-01,26,2025-05-11,En Mora,164
557,1961,731884.48,2020-12-18,2026-06-24,15,2024-06-01,Cancelado,0
558,177,186633.92,2021-03-28,2024-01-04,26,2025-03-01,Activo,101
559,1807,918012.93,2021-02-23,2026-08-04,1,2024-10-28,Cancelado,0
560,2360,885484.5,2023-10-17,2024-02-15,18,2024-10-30,En Mora,0
561,1718,193095.15,2023-10-21,2026-06-20,22,2025-04-28,Activo,0
562,1725,941531.24,2024-08-23,2026-10-04,13,2025-02-20,Activo,0
563,186,579891.26,2024-05-22,2024-10-13,25,2025-04-08,Activo,0
564,1495,716567.19,2025-05-02,2025-10-19,7,2024-08-23,Activo,0
565,1980,848279.1,2023-08-02,2026-02-27,26,2025-02-14,Cancelado,0
566,1333,129391.45,2023-02-17,2026-09-17,27,2024-07-01,Activo,0
567,246,210820.14,2024-03-31,2027-02-04,3,2025-02-01,Activo,0
568,1853,325871.38,2020-12-06,2024-01-22,10,2024-07-02,En Mora,0
569,384,503344.26,2021-05-12,2025-09-06,23,2024-09-19,Cancelado,0
570,285,378751.78,2021-05-25,2026-11-15,27,2025-03-18,En Mora,163
571,988,530554.06,2021-02-18,2025-05-07,17,2024-08-05,Activo,0
572,300,226621.18,2025-04-27,2027-04-10,20,2024-11-30,Refinanciado,1
573,901,698046.43,2023-12-14,2026-05-26,25,2024-11-19,Activo,0
574,1460,102948.14,2020-07-17,2025-06-09,2,2024-10-16,Activo,168
575,1393,393377.03,2024-12-16,2026-10-09,12,2025-01-15,Activo,0
576,2922,220081.58,2020-07-10,2027-01-17,27,2024-09-11,Cancelado,0
577,2534,743436.61,2023-08-12,2024-06-21,13,2024-11-16,Activo,0
578,2484,889470.67,2020-12-20,2023-11-29,0,2025-04-23,Refinanciado,0
579,806,124846.9,2021-03-03,2022-11-26,27,2024-10-04,Activo,35
580,2229,795785.96,2021-04-02,2025-08-11,35,2024-09-14,Activo,0
581,2931,900936.18,2024-12-20,2026-03-11,10,2024-07-21,Activo,0
582,1922,975271.71,2020-11-15,2026-03-27,3,2025-03-30,Activo,0
583,877,600416.94,2020-11-07,2022-05-01,33,2024-09-16,Cancelado,0
584,694,361022.29,2025-04-26,2026-04-07,0,2024-12-12,Activo,0
585,2388,355874.92,2022-12-26,2024-08-14,9,2025-01-06,Activo,0
586,2539,410021.58,2022-12-09,2023-06-04,16,2025-05-28,En Mora,0
587,2543,632034.04,2024-10-23,2026-11-23,6,2024-08-01,Activo,0
588,1997,515718.51,2024-04-12,2025-04-18,12,2025-04-16,Activo,0
589,730,670953.28,2024-03-22,2026-10-11,21,2024-12-19,Activo,21
590,1187,87348.18,2022-08-07,2025-11-12,0,2024-06-28,Cancelado,0
591,1582,150587.47,2023-06-20,2024-09-14,27,2024-08-25,Activo,144
592,2504,977712.52,2023-11-02,2025-05-09,32,2024-12-28,Cancelado,0
593,105,995616.23,2024-04-03,2024-08-21,12,2024-08-01,En Mora,0
594,2767,759325.88,2022-04-18,2023-12-23,0,2024-11-08,Activo,0
595,439,293577.29,2024-11-15,2026-05-29,24,2024-12-05,Activo,0
596,1522,955712.65,2025-02-23,2025-02-24,20,2024-09-13,Refinanciado,0
597,1352,253017.65,2023-11-09,2026-10-11,32,2024-10-17,Activo,25
598,2699,744859.76,2025-05-05,2025-07-08,33,2024-08-03,Activo,131
599,509,159495.4,2025-05-24,2027-02-10,2,2025-02-24,Activo,0
600,251,666459.27,2025-03-10,2025-08-28,29,2024-08-22,Activo,124
601,1215,771539.25,2021-10-20,2024-02-05,2,2024-11-02,Activo,0
602,2095,866658.14,2022-08-31,2024-08-16,17,2024-11-21,Activo,0
603,879,747590.83,2024-11-02,2026-07-06,22,2024-06-16,Cancelado,22
604,1275,927311.09,2023-09-24,2026-08-09,7,2024-08-10,Cancelado,0
605,1018,544877.1,2022-12-11,2025-06-16,8,2024-06-17,Activo,0
606,2823,693557.18,2021-11-22,2026-11-05,1,2024-07-16,Activo,97
607,2933,401072.58,2023-08-19,2026-12-02,1,2024-11-21,Cancelado,150
608,64,59869.98,2025-02-11,2027-02-26,26,2025-05-10,Activo,0
609,320,768858.31,2025-03-20,2026-02-02,35,2025-03-26,Refinanciado,0
610,860,876367.62,2020-11-22,2025-06-07,4,2024-10-17,Cancelado,138
611,2828,215228.25,2022-03-15,2026-01-25,0,2024-09-22,Activo,54
612,1548,77208.71,2022-02-12,2022-11-25,21,2024-07-30,Activo,45
613,2077,206276.75,2023-12-19,2025-07-29,9,2024-06-14,Activo,26
614,1675,900524.83,2021-05-29,2026-03-24,23,2025-02-19,Activo,11
615,437,330734.87,2022-11-09,2024-09-19,14,2024-09-19,En Mora,0
616,1990,272018.91,2023-07-30,2024-07-27,32,2024-10-26,En Mora,68
617,1621,63860.33,2020-10-20,2024-12-24,22,2025-03-05,Activo,0
618,763,332202.39,2021-01-11,2027-04-19,13,2024-06-22,Cancelado,25
619,736,729857.12,2022-08-11,2026-10-28,17,2024-10-06,Activo,0
620,2499,961134.82,2022-05-25,2024-09-30,24,2025-01-08,Activo,124
621,633,347104.17,2024-05-16,2026-05-31,21,2024-06-18,Activo,142
622,1579,278651.05,2022-04-06,2025-09-22,6,2024-07-27,En Mora,0
623,1077,893665.57,2023-10-08,2025-04-05,25,2024-09-13,En Mora,54
624,2281,859879.61,2021-12-01,2024-03-12,23,2025-01-24,Activo,154
625,1831,361752.4,2023-07-02,2024-07-15,12,2024-11-29,En Mora,0
626,1899,115364.9,2023-11-13,2027-05-25,5,2024-08-14,Activo,91
627,200,992389.97,2024-11-03,2025-12-07,20,2024-06-06,Activo,0
628,674,696669.07,2021-06-17,2023-06-20,6,2024-12-14,En Mora,0
629,549,930251.47,2024-11-10,2025-10-10,17,2024-12-09,Activo,74
630,937,374780.75,2022-12-11,2023-05-24,14,2025-01-10,Activo,102
631,2145,665301.15,2021-03-15,2021-05-12,7,2025-02-25,Activo,0
632,49,690772.37,2021-04-12,2024-05-15,15,2025-05-09,Activo,57
633,896,879260.19,2023-05-23,2024-11-21,2,2025-03-31,Cancelado,0
634,2570,993405.14,2024-06-20,2026-07-07,8,2024-07-06,Cancelado,0
635,2088,153232.87,2024-12-16,2026-07-24,25,2025-05-28,Cancelado,0
636,914,649561.0,2024-12-09,2025-09-12,25,2024-12-09,Activo,0
637,1177,369617.95,2023-01-02,2023-12-27,29,2025-04-03,Refinanciado,150
638,2601,821075.51,2021-02-23,2026-09-07,26,2024-09-27,Activo,21
639,676,766440.59,2023-06-24,2024-01-30,15,2025-04-18,Cancelado,34
640,770,897892.6,2022-01-17,2022-04-15,3,2024-11-15,Cancelado,0
641,211,376517.73,2025-03-22,2025-05-15,18,2025-03-28,Activo,0
642,2481,225303.83,2020-12-15,2021-12-24,33,2025-01-15,Activo,0
643,2755,70711.59,2024-10-28,2026-07-28,5,2024-06-03,Activo,21
644,2613,292731.35,2022-06-19,2024-11-03,14,2025-02-12,Activo,0
645,147,398812.96,2021-04-29,2022-02-11,9,2024-11-25,Activo,0
646,1523,948763.64,2022-11-16,2023-02-24,35,2024-07-25,Activo,119
647,2330,516804.0,2022-01-10,2024-08-21,5,2024-12-10,Activo,0
648,2803,578617.53,2022-07-20,2023-06-30,5,2024-07-12,Activo,0
649,495,886122.32,2024-10-02,2026-11-19,14,2024-09-10,Cancelado,0
650,2457,890816.04,2023-07-26,2027-01-28,28,2024-08-14,Activo,0
651,1650,551520.04,2021-07-14,2027-02-04,24,2024-12-30,Activo,0
652,2321,158018.32,2021-01-25,2023-02-16,18,2025-02-21,Activo,102
653,2506,306990.36,2022-05-05,2025-07-21,13,2024-10-05,Cancelado,126
654,1144,484043.79,2021-04-13,2027-01-03,2,2025-02-07,En Mora,0
655,46,763611.02,2020-09-17,2026-07-16,13,2025-03-15,Activo,0
656,311,726097.66,2022-09-15,2025-06-14,20,2024-12-09,En Mora,0
657,2610,660572.82,2024-03-03,2025-09-24,10,2025-04-09,Activo,0
658,331,886233.28,2021-03-22,2027-03-12,9,2025-03-24,Cancelado,0
659,11,812514.09,2024-01-12,2025-08-25,14,2024-10-12,Activo,0
660,908,983008.53,2021-09-25,2025-08-04,29,2024-10-03,Activo,0
661,1401,894700.59,2020-07-01,2024-09-23,16,2025-01-25,Activo,0
662,1592,235873.61,2021-05-18,2024-11-14,28,2024-11-17,Activo,0
663,8,104735.74,2022-08-06,2024-10-15,16,2024-11-17,En Mora,156
664,984,443785.4,2024-12-17,2027-03-29,32,2025-05-20,En Mora,0
665,1751,636629.23,2021-10-14,2023-06-16,20,2025-04-10,Cancelado,0
666,1394,660948.32,2024-05-06,2024-12-01,13,2024-10-27,Cancelado,130
667,566,304137.12,2020-06-23,2021-04-30,9,2025-04-28,En Mora,0
668,2321,866886.92,2025-02-23,2025-11-09,22,2024-11-18,Activo,39
669,2989,362784.14,2024-05-07,2025-10-28,13,2024-10-21,Cancelado,0
670,901,923158.88,2022-09-30,2023-12-22,21,2025-02-27,Cancelado,0
671,2179,498021.33,2025-01-12,2026-02-27,27,2024-10-22,Cancelado,0
672,2772,59871.13,2023-03-06,2025-06-08,8,2024-11-15,Cancelado,0
673,2682,203939.25,2024-06-07,2027-01-11,22,2025-02-09,Refinanciado,0
674,114,147203.29,2022-10-04,2027-01-29,6,2025-01-15,Activo,103
675,532,91824.51,2023-06-06,2027-01-17,23,2024-11-16,Activo,0
676,1523,728316.45,2024-05-26,2027-03-08,8,2024-09-11,Activo,0
677,1045,232700.08,2022-06-14,2026-04-23,6,2025-02-12,Refinanciado,0
678,1744,846688.8,2024-10-21,2025-01-31,22,2024-10-21,Activo,82
679,33,301245.39,2024-04-20,2024-06-22,24,2024-11-09,En Mora,12
680,133,80710.75,2021-04-13,2025-02-08,21,2024-11-09,Cancelado,11
681,2968,829641.58,2025-05-07,2025-11-01,6,2024-07-23,Refinanciado,0
682,1727,492838.56,2022-05-02,2023-09-30,5,2024-10-06,En Mora,0
683,975,619530.17,2021-01-28,2024-04-30,35,2025-04-12,Activo,102
684,26,369415.92,2022-05-01,2025-10-07,21,2025-04-23,Activo,40
685,2649,93738.38,2020-11-02,2021-04-04,34,2024-10-22,Refinanciado,0
686,545,401668.23,2020-06-21,2021-06-12,32,2024-06-19,Cancelado,149
687,1262,542372.05,2025-05-02,2025-08-27,20,2025-05-09,Cancelado,0
688,2066,61102.27,2024-06-19,2025-02-16,10,2024-08-13,Cancelado,0
689,934,595575.53,2024-08-25,2026-11-26,12,2024-08-10,Activo,147
690,2337,898390.05,2024-10-10,2025-02-25,2,2024-10-02,En Mora,73
691,1051,256948.5,2024-07-26,2025-07-12,12,2025-03-16,Activo,0
692,817,930430.7,2021-11-04,2024-06-24,33,2024-11-19,Cancelado,94
693,1935,142728.09,2022-04-28,2022-05-24,27,2024-07-23,Activo,0
694,108,834164.53,2020-11-04,2022-08-06,33,2024-07-01,Activo,0
695,948,848308.14,2024-08-02,2025-01-26,31,2024-10-12,Cancelado,0
696,738,294871.87,2020-10-20,2024-09-21,22,2025-04-05,En Mora,0
697,2372,959951.24,2024-02-11,2025-07-17,23,2024-10-23,Refinanciado,0
698,2915,445768.79,2025-01-14,2026-06-12,0,2024-12-10,En Mora,0
699,2783,184193.28,2020-07-21,2026-11-23,23,2025-01-28,Activo,109
700,793,612128.73,2022-11-30,2026-08-24,2,2024-08-25,Activo,0
701,1868,996783.97,2022-04-27,2025-04-04,16,2025-03-28,Cancelado,0
702,1356,904326.97,2021-08-11,2024-11-09,6,2024-08-13,En Mora,106
703,1386,314672.68,2022-12-15,2025-07-29,9,2024-11-13,Cancelado,20
704,289,598137.27,2021-09-21,2023-10-25,18,2024-06-19,Activo,0
705,1468,159599.28,2023-10-12,2026-05-28,23,2024-10-24,Activo,150
706,1061,488752.56,2020-09-12,2025-11-12,8,2024-06-28,Cancelado,0
707,1372,546916.56,2022-09-13,2023-03-24,14,2024-11-06,Activo,0
708,2940,349514.38,2022-01-24,2024-10-13,21,2025-02-13,Activo,0
709,43,509977.73,2024-09-09,2025-04-08,16,2024-12-16,Activo,0
710,1150,923941.54,2023-03-14,2027-01-06,18,2025-01-08,En Mora,65
711,2057,525130.76,2025-04-30,2025-05-23,8,2025-02-08,Activo,0
712,2232,839440.8,2023-03-21,2024-02-24,18,2025-03-01,En Mora,167
713,2943,351520.91,2021-07-02,2022-12-06,7,2025-02-07,Refinanciado,0
714,1077,972834.01,2021-01-19,2023-04-01,5,2024-12-24,Activo,0
715,1874,138790.07,2023-07-02,2026-02-17,20,2025-02-22,Activo,0
716,2918,606307.31,2021-07-04,2027-04-24,28,2025-04-15,Activo,65
717,533,800393.41,2022-11-20,2025-06-14,33,2024-10-03,Activo,0
718,1319,823338.94,2022-03-11,2023-05-15,11,2025-04-02,Activo,0
719,1232,238367.06,2025-05-13,2025-12-17,31,2024-12-10,Activo,0
720,2711,431563.59,2021-06-20,2025-11-20,5,2025-05-28,Activo,0
721,1501,642986.36,2020-11-02,2025-04-10,16,2025-04-22,Activo,0
722,1994,350088.57,2023-06-16,2024-04-27,31,2025-05-31,En Mora,0
723,954,675381.21,2024-11-24,2026-08-02,7,2024-10-05,Cancelado,0
724,69,409841.64,2024-01-28,2025-06-25,28,2025-01-05,Activo,25
725,1867,383323.01,2022-06-18,2025-07-04,30,2024-08-26,En Mora,0
726,1949,152664.76,2021-11-11,2021-12-10,18,2024-06-27,Activo,0
727,301,87290.23,2025-04-02,2026-02-19,8,2024-10-13,Activo,0
728,27,843510.1,2022-10-23,2025-04-19,27,2024-08-24,Activo,0
729,2978,515067.27,2021-07-24,2025-05-02,30,2024-10-25,En Mora,0
730,2702,584729.48,2024-02-26,2027-03-18,18,2024-07-09,Activo,0
731,2601,403609.97,2024-11-11,2027-04-04,32,2024-09-29,Activo,0
732,2154,179904.94,2022-10-08,2023-09-28,25,2025-03-27,Cancelado,0
733,586,477093.4,2021-09-04,2026-07-02,0,2025-02-10,Activo,23
734,2620,267509.22,2022-10-08,2027-03-25,10,2024-06-07,Activo,0
735,810,845798.89,2023-06-30,2025-02-18,1,2025-03-17,En Mora,0
736,634,987449.11,2022-02-04,2022-06-09,34,2025-04-17,Activo,0
737,1739,894641.33,2022-10-07,2025-02-01,12,2025-01-01,Activo,7
738,2979,551860.55,2021-08-29,2022-01-19,33,2024-06-15,Activo,0
739,659,646725.16,2020-12-01,2025-07-31,33,2024-11-08,En Mora,0
740,1240,950716.42,2023-01-11,2024-03-29,34,2024-10-31,Activo,85
741,2934,561747.84,2022-01-27,2024-02-23,31,2024-12-17,En Mora,0
742,2369,656659.67,2021-08-26,2025-08-12,11,2024-11-30,Cancelado,30
743,460,647768.03,2022-11-04,2024-11-07,32,2025-02-10,Refinanciado,73
744,2627,722715.09,2022-12-21,2026-09-21,17,2024-10-26,Activo,158
745,2925,658270.84,2025-04-26,2027-02-06,4,2024-06-29,En Mora,0
746,2802,687170.13,2022-08-21,2026-03-24,18,2024-11-15,Activo,0
747,160,739599.75,2024-12-28,2027-01-16,30,2024-10-07,Cancelado,0
748,464,818644.27,2023-09-20,2024-11-16,26,2024-08-17,Cancelado,0
749,998,432902.22,2023-04-14,2024-10-07,14,2024-07-14,Activo,0
750,1546,758542.29,2021-11-19,2023-07-22,3,2025-03-19,En Mora,0
751,2289,145193.57,2025-01-19,2026-08-25,18,2024-11-09,Cancelado,0
752,936,882378.73,2023-10-28,2023-12-07,20,2025-04-15,Activo,0
753,1679,325542.09,2024-12-02,2024-12-09,0,2025-05-08,En Mora,0
754,865,433287.3,2023-02-05,2025-01-22,19,2024-06-22,Cancelado,34
755,1191,813429.89,2025-04-10,2026-03-30,21,2025-05-14,Cancelado,91
756,2698,655137.69,2025-03-19,2027-01-20,12,2024-10-27,Activo,0
757,2375,343196.59,2024-02-28,2026-04-17,0,2025-03-27,Cancelado,0
758,865,264129.16,2022-12-30,2024-10-21,14,2024-06-20,En Mora,114
759,2577,959828.73,2023-05-24,2027-05-18,14,2024-06-16,Activo,0
760,1297,133387.54,2025-01-24,2025-02-01,13,2024-08-30,En Mora,0
761,2927,54118.35,2021-09-23,2023-10-08,4,2025-04-11,Activo,0
762,1936,689288.16,2021-08-06,2022-06-23,5,2024-08-15,Activo,0
763,334,633750.71,2020-12-29,2025-11-16,30,2024-07-02,Cancelado,0
764,1644,750733.26,2024-08-01,2025-06-01,25,2024-12-05,Refinanciado,131
765,2930,745052.14,2023-10-21,2026-06-24,24,2024-11-17,Cancelado,0
766,2398,870096.17,2023-12-24,2027-05-02,14,2024-10-30,Activo,163
767,2222,926003.16,2024-07-06,2024-11-15,5,2024-12-10,Activo,0
768,2164,786273.36,2024-10-10,2026-12-17,0,2024-08-07,Refinanciado,89
769,1719,270678.16,2020-12-25,2021-03-19,6,2024-08-11,Cancelado,0
770,2409,490321.37,2020-08-05,2023-11-09,3,2024-07-16,Refinanciado,0
771,1690,659629.48,2024-03-17,2026-02-05,0,2024-07-07,Activo,0
772,1783,562397.01,2024-06-19,2025-06-12,1,2024-06-13,Cancelado,98
773,2124,200952.64,2023-03-22,2026-01-18,33,2025-04-10,Cancelado,15
774,2804,609809.38,2021-11-08,2025-09-29,34,2025-05-20,Activo,0
775,1105,892202.22,2023-04-12,2024-11-13,12,2025-02-20,Activo,0
776,72,447591.36,2021-09-13,2022-08-03,16,2024-12-05,Cancelado,87
777,452,685486.18,2020-06-17,2022-07-19,9,2024-10-21,Activo,136
778,2959,635137.57,2023-08-31,2025-12-29,2,2024-09-10,Activo,0
779,1779,408190.98,2025-01-27,2026-08-31,3,2024-09-28,Activo,0
780,2415,587007.65,2020-06-05,2027-04-05,24,2025-01-18,Activo,0
781,826,249701.43,2021-05-31,2024-11-24,28,2024-08-18,Activo,0
782,2718,568801.9,2022-12-20,2023-05-12,0,2025-04-20,Activo,0
783,1336,808888.11,2024-11-09,2026-05-07,29,2024-08-25,Activo,0
784,2158,771000.38,2025-04-23,2026-12-07,9,2025-04-18,Cancelado,0
785,52,390056.82,2025-02-09,2027-05-19,28,2024-08-05,Activo,0
786,1963,156480.96,2021-09-17,2024-06-19,31,2024-06-15,Activo,146
787,467,809945.44,2020-10-29,2020-12-26,0,2024-12-29,Activo,97
788,1675,301787.14,2024-04-11,2024-09-18,16,2024-06-01,Cancelado,0
789,1933,100391.58,2022-08-17,2024-10-01,11,2024-11-07,Activo,0
790,2866,472933.31,2021-08-19,2025-11-26,1,2025-01-21,Activo,0
791,1362,752497.0,2020-07-16,2022-10-14,8,2025-01-22,Activo,96
792,787,818068.67,2025-05-29,2026-09-11,11,2024-10-06,Cancelado,0
793,556,983092.04,2022-10-14,2024-11-10,24,2024-08-19,En Mora,0
794,2977,229937.3,2020-08-28,2024-07-25,35,2025-04-11,Activo,0
795,2040,329105.11,2020-12-07,2023-07-15,34,2025-05-01,Cancelado,0
796,2307,629015.97,2022-04-09,2022-07-03,21,2025-04-28,Activo,0
797,1763,820776.51,2023-09-05,2025-04-23,32,2025-02-22,Activo,0
798,2113,272371.27,2022-05-26,2023-01-07,20,2025-01-23,Activo,0
799,2211,439418.73,2020-11-01,2026-01-27,21,2024-08-14,Activo,0
800,1702,437980.64,2025-05-15,2027-05-17,27,2025-02-20,En Mora,0
801,2087,784289.9,2024-03-15,2026-12-27,3,2024-12-06,Activo,0
802,2713,278885.6,2023-09-05,2026-12-28,25,2024-06-10,Cancelado,0
803,2368,970320.63,2024-03-10,2027-04-19,22,2024-12-20,Activo,0
804,2408,534940.62,2024-01-06,2024-10-09,22,2024-10-26,Activo,0
805,2317,317963.49,2022-01-01,2025-05-25,7,2024-06-21,En Mora,0
806,2372,320069.86,2022-04-03,2025-11-01,31,2024-12-22,Cancelado,83
807,2374,67384.99,2024-02-10,2025-12-03,0,2024-12-25,Activo,0
808,1611,707809.35,2023-12-25,2027-01-20,29,2024-12-20,Activo,0
809,257,787150.89,2022-04-11,2025-11-29,27,2024-08-08,En Mora,121
810,2248,80806.38,2022-07-15,2023-01-17,16,2025-02-14,Cancelado,0
811,610,606637.81,2023-07-31,2023-10-28,22,2025-03-13,Activo,172
812,1128,792589.03,2022-10-09,2026-07-17,23,2025-01-16,Activo,0
813,1396,407428.05,2022-11-21,2026-10-15,21,2025-03-23,En Mora,0
814,905,461104.5,2020-09-20,2021-05-18,4,2024-07-11,Activo,0
815,164,393543.65,2023-06-03,2024-06-27,24,2025-03-05,Activo,68
816,1137,349868.18,2022-12-27,2027-05-14,6,2024-10-04,Activo,0
817,615,516584.64,2024-01-24,2024-10-12,21,2024-10-26,Cancelado,0
818,2026,207795.63,2021-08-06,2026-11-24,33,2024-07-26,Cancelado,1
819,106,468653.3,2025-05-30,2026-05-18,35,2024-07-17,Activo,23
820,699,944733.87,2021-04-14,2023-06-11,19,2024-12-02,Activo,155
821,364,76031.99,2024-06-20,2024-12-07,16,2025-04-16,En Mora,168
822,2708,206506.25,2021-07-11,2023-10-25,3,2025-05-24,En Mora,0
823,2022,788817.27,2020-10-31,2027-01-18,17,2025-02-09,Activo,0
824,1153,175454.24,2021-08-29,2024-07-27,27,2024-08-31,Activo,0
825,699,307716.85,2024-09-12,2026-09-02,15,2025-02-08,Cancelado,0
826,747,482096.98,2024-01-21,2024-09-20,7,2025-02-26,Activo,0
827,1976,946004.14,2022-05-21,2024-05-04,17,2024-07-28,Activo,0
828,1644,224326.13,2021-09-06,2024-03-16,28,2025-01-16,En Mora,0
829,961,926930.36,2024-01-28,2025-10-17,15,2024-09-03,Cancelado,0
830,2978,732598.29,2022-04-16,2023-03-07,29,2024-10-19,En Mora,161
831,209,687587.67,2020-10-27,2021-03-31,33,2024-06-29,Activo,109
832,1312,737365.4,2020-12-24,2027-01-27,29,2025-02-26,Refinanciado,0
833,1892,79684.29,2022-05-14,2026-11-20,20,2024-12-08,Activo,0
834,1177,143955.25,2021-06-27,2025-01-23,21,2025-04-22,Activo,107
835,2539,368099.45,2023-02-18,2025-04-16,24,2025-02-25,Activo,0
836,2751,120269.16,2024-02-27,2024-12-05,21,2025-03-20,Activo,0
837,2040,988210.22,2024-09-12,2026-03-22,27,2025-05-04,Activo,127
838,1453,601391.6,2023-12-10,2024-07-08,32,2024-06-17,Activo,0
839,2550,512976.49,2023-12-09,2024-02-04,1,2025-02-26,Activo,128
840,666,796236.2,2024-09-29,2024-10-15,3,2024-06-24,Activo,0
841,1618,978111.25,2023-07-26,2023-12-13,15,2024-12-03,Cancelado,137
842,2269,957373.5,2021-12-10,2022-07-26,11,2024-09-03,Cancelado,0
843,435,803411.64,2022-04-01,2025-07-04,16,2024-06-25,Activo,0
844,2328,408315.53,2021-05-30,2023-08-23,35,2025-04-17,Refinanciado,0
845,1647,112661.52,2020-06-11,2022-07-18,15,2024-07-10,Cancelado,0
846,2572,143458.13,2021-06-29,2024-02-20,22,2025-01-30,Activo,0
847,2041,51094.72,2024-07-24,2026-11-24,7,2024-06-20,Cancelado,0
848,1163,51807.7,2023-11-03,2025-08-23,8,2024-09-07,Activo,0
849,667,939600.71,2024-03-18,2026-02-03,13,2024-08-12,Cancelado,156
850,1441,930666.12,2023-11-01,2024-01-18,8,2025-05-24,Cancelado,0
851,2000,684176.11,2021-01-15,2023-06-07,25,2024-12-08,Cancelado,0
852,2780,740342.89,2025-02-28,2025-12-06,35,2024-11-29,Activo,83
853,348,537548.03,2022-02-03,2026-11-18,2,2024-06-26,En Mora,0
854,765,275950.14,2020-10-24,2021-11-09,9,2024-09-23,Activo,0
855,934,918665.8,2021-09-17,2022-08-09,24,2024-07-28,Activo,0
856,183,313806.89,2023-10-27,2024-02-28,3,2025-03-22,Activo,0
857,2556,752687.7,2023-07-29,2025-06-09,29,2024-10-15,Activo,0
858,2246,283163.9,2023-03-12,2024-01-12,10,2024-11-08,Cancelado,0
859,1706,876641.0,2022-09-25,2025-11-10,18,2025-03-20,Cancelado,164
860,1147,668677.46,2023-12-20,2025-04-13,12,2024-06-28,Refinanciado,23
861,381,660560.27,2021-05-24,2026-05-30,35,2024-12-05,Activo,13
862,825,142498.87,2022-06-05,2022-12-10,2,2024-06-11,En Mora,104
863,1539,448495.46,2021-05-29,2024-08-17,13,2025-01-24,En Mora,0
864,1638,548663.08,2023-07-08,2025-03-25,9,2024-11-29,Activo,0
865,192,329334.47,2024-03-27,2026-10-15,26,2025-02-08,Activo,71
866,525,886925.88,2021-04-23,2021-07-29,23,2025-01-04,Activo,0
867,1094,845786.44,2025-03-29,2026-12-30,15,2024-12-16,Refinanciado,34
868,2337,518939.87,2021-10-31,2024-04-26,9,2025-01-01,Refinanciado,173
869,105,373029.64,2022-02-05,2026-04-08,26,2024-07-31,Cancelado,0
870,1740,811465.16,2021-04-04,2023-03-19,6,2024-06-17,Activo,0
871,2361,237046.88,2021-09-08,2021-09-27,27,2024-06-23,Activo,0
872,1677,117940.5,2023-11-25,2025-09-10,25,2024-10-28,Cancelado,0
873,2355,93424.96,2024-07-30,2027-05-06,17,2025-04-27,Activo,0
874,821,86749.1,2022-11-15,2025-12-26,12,2025-04-30,Activo,53
875,36,514444.22,2025-02-18,2026-12-28,7,2025-04-26,Activo,0
876,2935,292547.95,2021-03-15,2024-10-16,26,2025-04-08,Refinanciado,0
877,1049,705856.37,2024-11-21,2026-02-13,13,2025-03-10,Activo,28
878,1873,671197.0,2023-09-05,2024-12-25,5,2025-03-11,Activo,0
879,1061,564919.01,2024-11-18,2025-04-04,19,2024-09-18,Cancelado,47
880,1043,385201.12,2023-05-12,2024-10-26,27,2024-06-11,Activo,112
881,2083,857933.43,2022-06-21,2026-06-12,22,2025-04-01,Refinanciado,0
882,1442,724217.62,2022-09-17,2026-03-13,11,2025-05-01,Activo,0
883,1846,307949.82,2022-06-06,2026-11-09,23,2024-06-23,Cancelado,0
884,1542,526604.23,2022-10-25,2025-09-18,21,2024-07-11,En Mora,138
885,467,198457.65,2022-08-02,2024-08-09,25,2025-05-13,En Mora,81
886,2945,362337.48,2023-09-07,2025-04-09,21,2025-02-13,Cancelado,0
887,199,997283.17,2022-09-17,2023-11-08,6,2025-04-11,Activo,0
888,1592,262652.01,2022-10-12,2024-06-22,14,2025-01-03,Activo,8
889,2816,713387.24,2022-11-28,2024-07-06,29,2024-08-12,Activo,0
890,1235,276497.71,2020-06-05,2022-04-12,3,2024-10-30,Activo,0
891,241,941227.81,2023-09-01,2025-02-15,5,2024-11-26,Cancelado,0
892,1194,344626.2,2021-04-10,2021-09-30,1,2024-06-03,Activo,0
893,1883,379354.62,2024-02-14,2026-11-02,30,2024-07-02,Activo,0
894,294,614166.78,2025-06-01,2026-06-30,23,2025-02-16,Activo,0
895,922,608706.18,2025-01-16,2026-08-22,34,2024-08-08,En Mora,23
896,1763,600122.57,2022-01-14,2024-11-16,30,2025-01-06,Activo,0
897,1339,594591.93,2020-12-10,2021-07-09,24,2024-12-28,Cancelado,0
898,468,346577.55,2021-09-07,2024-07-15,7,2025-03-28,Activo,0
899,2415,462689.71,2024-11-27,2025-05-08,11,2024-06-18,Cancelado,0
900,2364,613761.77,2024-08-20,2025-10-06,1,2024-06-28,Cancelado,0
901,758,687706.62,2021-07-06,2023-02-14,14,2024-08-21,Activo,0
902,1114,290472.56,2020-06-14,2024-08-28,31,2025-02-15,Cancelado,167
903,1542,716401.31,2022-06-09,2025-11-07,10,2024-07-23,En Mora,156
904,2499,927112.44,2021-01-08,2022-12-23,16,2024-07-04,Cancelado,62
905,2826,770031.32,2023-07-31,2027-04-27,20,2024-09-14,Activo,0
906,908,130021.16,2022-05-15,2026-10-21,21,2024-09-04,Activo,39
907,1633,495669.91,2022-12-29,2023-02-23,32,2025-02-14,Cancelado,0
908,2494,463500.64,2022-06-04,2022-09-04,28,2025-01-31,Cancelado,0
909,957,369678.15,2023-10-02,2027-05-09,14,2024-12-08,Activo,81
910,2128,516754.13,2024-07-15,2025-09-10,20,2024-06-22,Cancelado,0
911,2186,467652.08,2022-12-06,2025-01-03,1,2025-04-01,Cancelado,0
912,2700,55861.95,2025-02-24,2026-04-09,2,2025-02-19,Activo,25
913,2899,274727.51,2024-01-12,2026-08-13,24,2024-07-30,Activo,0
914,1532,253093.04,2022-09-02,2023-02-13,12,2025-04-09,Activo,0
915,552,381796.56,2024-08-20,2025-11-12,23,2025-01-06,Cancelado,17
916,2122,215733.9,2023-09-27,2026-05-14,30,2024-08-06,Activo,0
917,2098,114411.37,2024-09-21,2026-03-28,14,2025-04-21,Activo,0
918,388,236782.21,2022-09-15,2025-07-25,5,2024-12-26,En Mora,0
919,2433,861477.45,2022-01-07,2024-08-04,9,2024-10-14,Activo,0
920,299,807187.37,2021-02-25,2021-03-09,8,2024-10-11,Activo,113
921,339,469991.39,2024-01-22,2025-06-02,4,2024-08-06,Activo,0
922,474,883924.28,2021-01-07,2026-04-12,18,2025-05-06,Activo,0
923,616,271032.34,2023-09-24,2023-10-22,19,2025-01-25,Activo,0
924,962,604998.68,2024-12-21,2026-01-04,32,2024-08-25,Activo,0
925,792,185778.63,2024-01-16,2026-05-02,30,2025-05-05,Cancelado,0
926,1194,841730.66,2024-02-25,2026-06-30,12,2025-05-21,Activo,0
927,13,174052.48,2023-11-28,2025-02-28,5,2024-06-15,En Mora,0
928,449,80267.15,2024-07-17,2025-02-21,7,2024-09-24,Cancelado,0
929,2222,309772.02,2023-01-02,2024-08-15,9,2025-03-10,Activo,114
930,1698,905888.33,2024-10-06,2025-04-11,3,2025-03-06,Activo,3
931,1983,172984.23,2024-09-02,2025-02-28,13,2025-03-30,Activo,0
932,1156,364136.76,2022-11-29,2026-10-30,3,2024-12-04,Activo,0
933,2643,350594.24,2020-12-29,2023-01-21,23,2024-09-29,Cancelado,164
934,1921,811563.96,2024-09-05,2024-09-06,20,2024-12-22,Cancelado,0
935,2980,450449.13,2025-04-06,2025-05-30,9,2024-11-07,Cancelado,0
936,1899,630988.7,2022-11-11,2023-01-13,24,2025-05-12,Cancelado,0
937,2317,434163.86,2022-12-17,2026-03-22,5,2024-09-07,Activo,152
938,1275,573884.16,2024-04-14,2025-12-25,15,2024-07-25,Activo,0
939,1394,109318.69,2021-06-28,2024-09-14,27,2025-05-01,Activo,0
940,2666,405327.97,2021-12-23,2026-11-28,35,2024-11-24,Activo,37
941,773,862350.55,2020-08-21,2020-12-02,32,2024-06-08,Activo,137
942,2913,706514.19,2021-06-01,2025-05-21,29,2024-08-06,Activo,0
943,2574,982737.59,2021-01-09,2021-05-17,35,2024-11-12,Activo,0
944,1616,798523.56,2025-01-28,2027-04-26,24,2024-08-09,Activo,171
945,888,478934.23,2023-12-04,2024-09-04,12,2024-12-16,Activo,0
946,2720,692466.43,2020-11-18,2025-05-13,14,2025-05-12,Activo,79
947,2226,787117.99,2023-05-13,2026-04-09,29,2024-11-03,Activo,0
948,2307,306199.48,2023-09-02,2025-12-26,13,2025-01-06,Activo,71
949,260,107017.0,2022-01-13,2022-08-10,3,2024-08-28,Activo,0
950,1513,435554.9,2020-08-27,2022-03-14,0,2024-09-18,Activo,0
951,643,187439.5,2023-12-11,2026-07-24,2,2025-02-08,Activo,0
952,2129,313379.06,2021-11-15,2027-03-10,35,2024-11-16,Activo,0
953,1083,949503.22,2024-08-29,2024-11-14,3,2024-06-15,Activo,0
954,1263,854728.46,2023-11-24,2026-08-22,13,2025-02-27,Cancelado,37
955,2177,612840.64,2021-06-20,2022-04-16,24,2025-05-23,Activo,127
956,412,431193.87,2022-05-25,2025-01-18,2,2024-11-22,Refinanciado,0
957,2363,301113.84,2024-05-18,2024-12-04,6,2024-08-29,Activo,0
958,2503,592885.37,2023-08-22,2024-08-13,7,2024-10-06,Activo,143
959,615,556502.24,2023-04-30,2026-11-09,6,2024-11-05,Cancelado,40
960,899,791741.77,2020-10-24,2025-08-23,24,2024-09-09,En Mora,0
961,2951,931619.18,2025-02-15,2026-12-18,16,2024-06-17,Activo,0
962,232,362490.44,2023-03-26,2026-12-13,25,2025-03-21,Activo,0
963,2659,245982.26,2022-02-04,2024-05-10,3,2024-08-23,Cancelado,0
964,730,432659.64,2025-05-19,2027-01-06,17,2024-11-22,Activo,0
965,1421,465664.24,2023-09-08,2026-01-20,3,2025-02-16,Activo,0
966,1773,87876.78,2023-12-16,2024-06-12,16,2024-09-30,Cancelado,0
967,1704,868611.71,2023-12-18,2026-12-29,16,2024-08-16,Activo,0
968,2930,995812.72,2022-03-21,2024-04-02,24,2025-05-10,Activo,89
969,1598,927048.26,2023-09-02,2026-02-10,2,2024-10-16,Activo,142
970,318,867631.73,2020-08-18,2025-02-21,11,2024-10-25,Activo,48
971,1531,992970.29,2022-01-16,2023-07-11,26,2025-03-20,En Mora,0
972,2570,912418.01,2024-02-18,2026-12-09,16,2025-04-18,Activo,0
973,1111,703949.24,2025-03-02,2026-03-08,21,2024-06-19,Activo,16
974,716,208418.82,2022-08-18,2025-08-25,35,2025-05-13,Activo,0
975,1342,198532.62,2024-06-08,2026-06-29,15,2025-04-30,Activo,48
976,1134,96340.76,2024-04-29,2027-02-19,28,2024-07-01,Refinanciado,0
977,1779,441239.32,2022-07-25,2026-03-12,13,2024-11-26,Activo,10
978,1097,818382.87,2023-12-18,2026-11-05,6,2024-09-28,Activo,0
979,2932,515781.15,2020-11-09,2024-07-18,27,2024-07-09,Activo,0
980,202,398005.62,2023-10-28,2026-07-17,12,2024-06-12,Activo,0
981,2141,153774.07,2021-01-17,2023-12-19,15,2024-06-06,Cancelado,0
982,1673,99165.64,2021-07-10,2025-02-16,20,2025-02-09,Activo,0
983,1057,429220.19,2023-02-14,2027-03-23,3,2025-01-01,En Mora,0
984,419,144929.11,2022-02-23,2026-10-28,34,2025-05-29,Activo,70
985,2599,148370.76,2022-12-11,2025-07-23,14,2024-09-14,En Mora,0
986,626,425581.0,2020-11-25,2026-06-16,25,2025-01-11,Cancelado,133
987,845,527701.28,2021-03-07,2023-06-10,6,2024-06-26,Activo,124
988,1879,227348.74,2021-12-31,2022-12-21,17,2024-09-26,Activo,0
989,1945,700403.9,2024-02-12,2024-06-08,24,2025-03-13,Activo,0
990,2930,447757.4,2021-07-18,2023-03-05,20,2024-10-19,Activo,0
991,2768,137326.41,2022-12-28,2023-08-02,7,2025-03-18,Activo,0
992,2992,655182.42,2024-01-31,2024-01-31,19,2024-07-02,Cancelado,91
993,394,389097.58,2020-09-13,2023-11-21,17,2025-01-29,Activo,0
994,2857,99705.4,2023-10-05,2024-12-11,18,2025-03-19,Cancelado,0
995,2920,950582.5,2020-07-26,2021-10-13,2,2025-02-08,Activo,0
996,2915,592637.11,2024-09-12,2027-01-12,17,2025-03-08,Activo,0
997,2619,503834.35,2023-06-18,2025-10-05,26,2025-03-06,En Mora,0
998,2682,866180.53,2021-01-14,2025-03-16,14,2025-02-04,Cancelado,152
999,632,939903.41,2022-01-18,2025-08-27,20,2024-10-08,Activo,0
1000,2857,259305.77,2024-02-24,2025-05-25,21,2024-10-17,Activo,19
1001,322,819637.28,2021-02-12,2026-01-09,7,2025-01-23,En Mora,0
1002,574,839525.93,2024-05-25,2025-12-20,10,2024-08-13,Cancelado,0
1003,1694,101682.65,2022-08-02,2024-08-22,11,2024-06-26,Cancelado,0
1004,1064,726346.91,2021-07-22,2027-04-18,26,2025-03-20,Activo,121
1005,1477,109819.49,2021-02-14,2024-03-12,34,2024-07-31,En Mora,0
1006,2918,614939.58,2024-10-10,2024-11-08,1,2024-10-14,Activo,0
1007,2794,685774.94,2021-10-20,2022-02-03,34,2024-11-06,Activo,19
1008,1148,398705.75,2020-08-21,2024-03-09,30,2024-07-07,Activo,0
1009,2985,886748.12,2021-12-21,2023-12-24,7,2025-01-19,Activo,0
1010,959,810486.12,2024-02-07,2026-08-02,19,2024-12-28,Cancelado,0
1011,48,929661.73,2020-08-21,2022-06-30,7,2024-08-01,Activo,0
1012,2237,349145.05,2024-07-26,2026-02-26,3,2025-03-13,Activo,138
1013,2352,70451.41,2024-03-28,2024-05-23,30,2024-09-19,Cancelado,0
1014,1583,820888.2,2021-03-28,2021-12-26,31,2024-07-23,En Mora,0
1015,2417,261828.49,2023-11-14,2027-05-22,12,2024-07-27,Activo,0
1016,460,493798.24,2021-04-06,2023-11-11,21,2024-12-16,Activo,0
1017,2295,826455.11,2021-11-10,2026-05-21,25,2024-12-29,Activo,165
1018,2312,255328.42,2023-10-24,2027-02-08,16,2025-02-21,Activo,0
1019,1230,346313.32,2025-01-27,2026-05-31,28,2024-06-01,Refinanciado,0
1020,1531,467125.99,2023-09-09,2026-09-13,26,2024-09-12,Activo,86
1021,530,308233.61,2024-04-06,2026-09-01,21,2025-01-14,Cancelado,0
1022,1388,488255.35,2020-07-24,2021-04-15,17,2025-04-20,Activo,0
1023,2798,59116.81,2024-11-20,2026-10-24,4,2024-12-16,En Mora,0
1024,1364,251578.57,2024-09-21,2026-03-06,11,2024-08-16,Activo,52
1025,407,840925.69,2024-01-25,2024-05-29,1,2025-01-16,Activo,121
1026,453,442807.86,2024-10-12,2025-11-22,6,2024-10-15,En Mora,0
1027,1901,654585.48,2023-08-08,2026-11-23,25,2024-08-23,Activo,0
1028,814,270673.53,2022-11-25,2025-09-05,14,2024-08-14,En Mora,0
1029,578,667384.73,2023-05-12,2024-05-01,32,2025-05-17,Activo,0
1030,1932,999975.17,2022-05-17,2025-01-03,2,2024-12-24,Cancelado,0
1031,147,615523.26,2023-10-24,2027-02-15,1,2025-01-09,Refinanciado,0
1032,406,646940.63,2024-01-25,2026-09-13,16,2024-11-13,En Mora,0
1033,183,155943.83,2022-11-01,2025-05-07,0,2025-01-03,Activo,59
1034,236,433212.4,2022-05-07,2025-02-17,35,2024-10-01,Activo,0
1035,638,867688.65,2023-12-23,2026-01-06,16,2025-04-08,En Mora,0
1036,179,842558.37,2022-09-01,2023-09-19,1,2024-12-18,Cancelado,0
1037,2480,546279.15,2025-03-14,2025-06-10,32,2025-02-18,Activo,0
1038,525,908281.44,2024-10-26,2027-04-28,28,2025-03-25,Cancelado,0
1039,2791,185790.17,2021-12-06,2025-08-13,5,2025-05-06,Activo,96
1040,1564,675279.93,2023-09-12,2023-10-19,35,2025-04-04,Cancelado,0
1041,1915,286439.4,2021-02-08,2027-04-02,23,2025-03-28,Cancelado,0
1042,2371,663283.33,2023-07-21,2023-11-03,10,2024-10-08,Cancelado,0
1043,1285,133029.7,2023-05-09,2025-09-26,4,2024-07-28,En Mora,0
1044,1636,946428.64,2023-01-10,2023-05-27,29,2024-12-28,Activo,0
1045,1724,797015.44,2024-12-20,2026-02-27,9,2024-11-22,Cancelado,128
1046,2447,240913.49,2022-11-18,2027-01-20,26,2025-05-09,Activo,0
1047,337,655412.74,2021-02-07,2025-04-26,26,2024-08-31,Activo,0
1048,119,771188.36,2021-06-28,2022-09-10,23,2025-04-21,Cancelado,0
1049,1582,248973.53,2022-05-16,2024-08-20,2,2025-02-18,Activo,46
1050,2461,138663.79,2020-07-23,2021-10-15,25,2024-08-21,En Mora,0
1051,580,384190.78,2021-02-10,2026-12-06,17,2025-05-28,Activo,0
1052,2353,178966.62,2025-01-26,2025-08-11,2,2025-03-05,Activo,0
1053,196,587426.12,2023-08-15,2025-05-06,24,2024-10-13,Activo,0
1054,333,452909.16,2023-02-18,2026-11-04,12,2024-10-25,Activo,0
1055,623,489303.12,2022-07-14,2026-05-27,24,2024-12-08,Activo,0
1056,658,565720.3,2023-12-25,2024-12-16,23,2024-12-19,Activo,0
1057,704,982949.54,2021-06-27,2025-03-22,15,2025-02-04,Activo,0
1058,1457,803003.88,2024-05-17,2026-04-08,10,2024-10-25,Cancelado,0
1059,883,647997.92,2022-06-20,2027-04-15,20,2025-04-25,Activo,27
1060,1450,395520.33,2023-03-08,2024-05-26,30,2024-06-14,Cancelado,141
1061,1253,75715.89,2023-04-21,2023-12-10,14,2024-11-02,Activo,127
1062,524,160701.23,2023-05-20,2024-02-11,35,2024-11-21,Cancelado,0
1063,2265,744323.89,2020-06-11,2022-03-11,0,2024-07-28,En Mora,3
1064,990,400743.73,2023-06-07,2025-12-04,27,2024-11-14,Activo,0
1065,2423,367715.56,2023-08-21,2026-01-10,32,2025-02-22,Activo,0
1066,36,894529.44,2020-08-30,2025-01-21,2,2024-12-04,Cancelado,0
1067,776,510283.45,2022-03-06,2023-10-24,14,2024-08-26,Refinanciado,0
1068,28,904598.2,2023-04-06,2023-05-09,32,2024-10-15,Refinanciado,175
1069,86,892306.58,2022-06-21,2024-04-01,31,2025-05-02,Activo,0
1070,2236,126172.23,2022-04-22,2025-03-16,22,2025-03-22,Activo,0
1071,2353,948094.83,2025-03-13,2025-10-10,25,2024-11-20,Activo,27
1072,2814,123107.14,2024-04-23,2024-07-30,16,2024-10-07,Activo,0
1073,2128,965330.81,2020-10-10,2027-01-01,8,2025-04-18,Activo,0
1074,186,479984.17,2022-08-30,2022-12-17,4,2025-04-13,Activo,0
1075,1029,772817.64,2022-07-08,2025-01-04,28,2025-04-22,En Mora,0
1076,558,720837.15,2021-07-06,2027-04-05,5,2024-09-29,En Mora,153
1077,2557,542570.23,2020-09-09,2021-07-24,34,2024-07-27,Activo,0
1078,1638,638482.08,2025-05-19,2026-01-01,20,2024-09-12,Activo,0
1079,971,952422.27,2022-08-25,2023-08-11,22,2024-06-23,Activo,0
1080,1026,930983.92,2023-11-30,2026-04-25,34,2024-07-06,Cancelado,0
1081,217,671609.75,2025-04-22,2025-10-29,1,2025-03-28,Cancelado,114
1082,257,674832.74,2023-11-06,2026-09-03,8,2025-01-23,Activo,0
1083,1477,284591.76,2021-04-04,2023-10-23,12,2024-06-12,Activo,0
1084,1448,837192.32,2022-01-24,2027-01-05,33,2024-08-18,Activo,0
1085,324,650973.17,2023-12-25,2026-05-02,15,2025-03-19,Activo,0
1086,1605,834936.35,2025-02-23,2025-11-09,4,2025-03-29,Activo,73
1087,2245,674959.79,2021-07-12,2024-12-13,0,2024-10-19,Activo,0
1088,504,334354.02,2022-02-17,2026-05-16,21,2024-07-18,Activo,0
1089,694,230007.33,2024-06-15,2027-02-04,25,2025-01-30,En Mora,135
1090,959,123117.55,2023-09-04,2023-10-30,33,2025-04-29,Activo,0
1091,2066,606695.19,2022-08-09,2024-08-21,20,2025-01-20,Activo,0
1092,2155,319848.79,2021-04-17,2022-03-12,6,2024-11-30,En Mora,0
1093,125,648984.04,2022-07-07,2023-06-08,24,2025-01-11,Cancelado,133
1094,483,105723.62,2020-06-29,2025-01-16,11,2025-05-29,Activo,0
1095,2675,406879.91,2023-06-24,2024-05-14,30,2025-05-16,Activo,0
1096,2399,297525.55,2022-09-23,2022-11-23,26,2024-10-31,Cancelado,0
1097,351,401817.37,2021-07-23,2022-07-04,21,2024-09-29,Activo,42
1098,649,101569.26,2021-10-19,2025-10-25,33,2025-03-06,Activo,31
1099,2949,737972.35,2022-08-30,2024-03-07,16,2024-10-30,Activo,0
1100,228,160862.47,2024-04-19,2026-12-21,10,2024-11-09,Cancelado,140
1101,2064,63682.5,2023-03-04,2024-05-10,28,2024-08-19,Activo,0
1102,1834,948974.65,2022-01-11,2024-01-18,33,2024-08-10,En Mora,0
1103,425,233232.56,2022-06-22,2024-10-28,25,2025-03-09,Activo,0
1104,2512,836658.23,2025-03-08,2025-10-02,31,2024-09-04,Activo,0
1105,724,966247.07,2024-06-01,2024-10-25,4,2025-01-04,Activo,0
1106,1822,557415.14,2021-12-01,2024-10-28,19,2024-08-16,Activo,137
1107,794,549812.25,2024-06-24,2024-12-20,6,2025-04-24,Activo,0
1108,177,399046.38,2022-06-30,2024-02-13,22,2024-10-24,Activo,94
1109,2591,454315.12,2022-12-09,2027-04-04,0,2025-02-06,Activo,0
1110,2557,507971.63,2023-04-11,2025-11-02,2,2024-10-04,Activo,94
1111,1586,194489.68,2021-05-22,2025-03-30,2,2024-11-08,Activo,0
1112,1679,396499.89,2020-07-16,2026-12-20,5,2024-09-09,Cancelado,0
1113,564,825303.02,2025-04-23,2027-05-09,30,2024-08-14,En Mora,0
1114,2281,223278.21,2022-03-07,2022-03-11,26,2025-01-31,Activo,0
1115,2539,743360.58,2022-11-07,2023-07-18,28,2025-01-28,Activo,131
1116,1017,669007.27,2021-06-01,2023-06-15,14,2024-11-22,Activo,0
1117,444,104432.89,2023-04-18,2026-10-06,35,2024-09-19,Cancelado,0
1118,2068,71307.43,2023-09-26,2024-05-21,4,2025-03-12,Cancelado,0
1119,111,384902.04,2022-05-14,2025-11-11,2,2025-05-13,Activo,62
1120,2535,707561.76,2023-05-28,2025-06-03,24,2024-12-05,Cancelado,0
1121,89,363897.03,2020-06-03,2020-08-29,31,2024-07-21,Refinanciado,0
1122,1142,684346.64,2023-12-04,2026-11-15,20,2025-04-14,Refinanciado,136
1123,2482,682185.24,2021-06-28,2022-09-02,16,2024-07-18,Refinanciado,138
1124,1942,816226.89,2021-06-15,2022-07-02,8,2024-08-03,Cancelado,34
1125,72,144511.33,2024-04-16,2027-04-27,25,2024-08-09,Activo,0
1126,822,598272.45,2023-07-23,2025-12-09,21,2025-03-18,Activo,0
1127,816,109372.26,2020-11-07,2022-09-25,22,2025-01-01,Cancelado,5
1128,404,217149.78,2020-11-14,2022-12-27,10,2025-03-10,Activo,69
1129,1699,359225.86,2024-06-20,2024-12-29,9,2024-10-21,Activo,91
1130,251,722019.78,2023-10-07,2024-12-10,22,2024-07-06,Activo,0
1131,2917,975184.08,2021-07-18,2026-06-18,4,2025-04-20,En Mora,0
1132,2043,375394.77,2025-05-06,2025-05-10,25,2024-09-19,Activo,6
1133,1596,545087.26,2022-03-23,2022-09-15,3,2025-02-12,Activo,104
1134,1634,296102.82,2023-08-05,2026-08-29,26,2024-12-15,En Mora,0
1135,1954,691715.14,2024-09-04,2024-10-11,33,2024-12-28,Refinanciado,0
1136,868,398256.57,2021-08-31,2022-03-02,2,2025-02-08,Activo,0
1137,1891,507516.36,2025-02-28,2027-04-16,31,2025-05-03,En Mora,80
1138,896,589422.23,2024-04-21,2025-03-04,25,2024-12-19,Activo,0
1139,256,701930.21,2024-06-15,2026-09-16,17,2025-02-14,Activo,126
1140,1932,107049.08,2021-09-01,2025-10-14,6,2024-06-26,Activo,0
1141,1112,577156.04,2020-11-25,2027-01-23,12,2025-04-07,Cancelado,0
1142,873,459605.89,2020-12-17,2021-03-01,5,2025-03-13,Cancelado,0
1143,492,177076.83,2020-11-26,2023-10-05,34,2024-11-02,En Mora,176
1144,2384,247634.83,2020-09-03,2026-12-31,30,2024-07-02,Activo,0
1145,1562,889695.59,2020-09-12,2024-11-15,3,2024-10-10,Cancelado,0
1146,1431,878187.21,2023-03-25,2024-08-12,3,2025-05-20,Activo,0
1147,633,81663.74,2021-02-18,2021-11-14,7,2025-01-08,Activo,0
1148,1313,704931.42,2024-10-02,2026-10-12,10,2024-12-21,Cancelado,0
1149,362,576477.95,2022-09-25,2025-09-19,1,2024-07-10,Cancelado,0
1150,1465,942825.05,2021-10-31,2023-04-28,17,2025-05-21,Cancelado,0
1151,919,912605.43,2022-09-22,2026-06-16,17,2025-03-05,Activo,0
1152,894,600583.82,2022-03-19,2025-07-17,21,2024-12-24,Cancelado,0
1153,2685,182007.18,2023-02-15,2025-03-22,11,2025-03-31,Activo,79
1154,1247,486824.27,2022-05-06,2027-03-11,16,2025-01-24,Activo,0
1155,747,738906.15,2022-01-10,2026-05-01,16,2024-06-19,Cancelado,0
1156,1148,954149.8,2021-08-12,2026-09-19,35,2024-07-12,Activo,20
1157,2731,395637.94,2023-01-23,2026-10-30,28,2024-12-12,Activo,0
1158,1003,795437.9,2021-02-25,2023-02-14,15,2025-06-01,Cancelado,0
1159,2022,699173.72,2021-05-10,2023-03-18,10,2024-12-05,Cancelado,0
1160,1007,124378.14,2020-11-23,2023-12-04,21,2025-04-07,Activo,41
1161,2741,580078.01,2021-03-28,2022-10-01,29,2024-10-20,Activo,0
1162,215,224333.39,2021-10-06,2022-09-14,7,2025-01-07,Cancelado,0
1163,2166,699371.83,2021-10-26,2027-03-09,17,2024-07-28,Cancelado,30
1164,227,629580.6,2024-04-23,2024-07-29,15,2024-10-16,Cancelado,0
1165,891,974395.69,2021-08-17,2025-12-03,19,2025-05-23,En Mora,0
1166,2492,938613.53,2022-06-22,2026-09-24,7,2025-03-23,Activo,0
1167,2597,58904.19,2021-12-31,2022-07-21,29,2025-01-02,Activo,50
1168,2877,126027.96,2024-06-08,2025-07-10,28,2024-08-05,Activo,0
1169,1632,780677.6,2022-12-18,2024-07-05,12,2024-09-07,Activo,0
1170,2027,701360.92,2023-06-15,2024-09-12,16,2024-11-05,Activo,40
1171,1461,810898.32,2023-04-06,2025-12-25,16,2025-05-26,Activo,0
1172,12,303474.18,2021-03-30,2021-10-19,8,2024-08-21,Activo,0
1173,1146,856856.63,2023-07-29,2025-01-05,1,2024-11-03,Activo,0
1174,2537,470298.5,2022-10-11,2025-06-24,23,2024-08-30,Activo,120
1175,2627,298813.06,2022-05-12,2024-08-12,20,2025-04-07,Activo,0
1176,1574,60077.36,2022-11-25,2023-07-07,1,2025-03-17,Activo,53
1177,1304,877795.83,2022-01-12,2023-06-06,4,2024-11-24,Activo,0
1178,742,558576.66,2021-02-06,2027-03-03,16,2025-05-01,Activo,0
1179,1361,976612.98,2025-03-10,2026-02-12,23,2025-04-06,Activo,0
1180,2216,728947.32,2023-06-20,2024-09-11,7,2024-09-04,En Mora,0
1181,1977,126396.29,2025-02-18,2026-01-05,29,2025-03-16,Cancelado,0
1182,1325,608781.63,2024-07-25,2024-11-13,21,2024-09-04,Activo,0
1183,2248,66268.31,2021-07-04,2022-06-20,23,2024-09-23,En Mora,0
1184,1917,579892.76,2020-10-28,2024-10-16,25,2025-02-23,En Mora,0
1185,2912,382691.58,2022-07-16,2026-08-15,7,2025-04-08,Activo,0
1186,2802,661131.04,2023-01-01,2024-10-11,11,2024-10-08,Cancelado,85
1187,1390,564495.5,2021-12-17,2022-09-29,13,2024-08-16,En Mora,0
1188,1743,298282.81,2020-10-18,2023-07-26,29,2025-02-26,Activo,130
1189,774,204233.08,2022-10-22,2022-10-24,34,2024-12-29,En Mora,0
1190,2145,434475.91,2021-06-10,2024-01-25,30,2024-11-24,Refinanciado,89
1191,2119,987494.5,2024-10-27,2026-07-31,27,2025-04-13,Cancelado,0
1192,993,463913.71,2021-10-23,2026-04-24,26,2024-08-08,Refinanciado,0
1193,1839,761347.78,2024-12-21,2027-03-27,35,2024-06-06,Activo,0
1194,1885,104124.85,2023-03-12,2024-03-04,0,2024-08-19,Activo,0
1195,2405,409922.48,2024-01-07,2026-02-19,13,2024-09-15,Activo,0
1196,812,601306.89,2020-06-13,2027-05-17,9,2025-06-01,Activo,0
1197,2592,763636.69,2022-06-23,2027-03-14,6,2024-08-09,Activo,0
1198,2302,551964.47,2020-10-24,2023-05-26,13,2025-02-09,Cancelado,0
1199,1876,539530.77,2025-01-01,2026-10-23,35,2024-10-08,En Mora,0
1200,4,775711.57,2020-10-21,2023-12-10,26,2024-07-15,En Mora,0
1201,1487,347623.33,2022-03-16,2026-04-01,10,2024-06-11,Activo,64
1202,2193,136079.99,2022-12-05,2025-05-19,9,2025-03-14,Activo,0
1203,165,379792.95,2023-07-08,2023-11-02,6,2024-10-31,Cancelado,116
1204,344,201046.42,2022-10-31,2027-03-27,16,2025-04-16,Activo,123
1205,1898,967646.99,2024-04-16,2025-10-23,11,2025-03-15,En Mora,0
1206,1129,598635.97,2024-06-03,2027-01-10,35,2024-08-12,Activo,0
1207,1338,474270.41,2024-08-26,2026-06-16,6,2025-05-13,Activo,81
1208,2568,916449.28,2024-05-09,2027-03-23,23,2024-10-24,Activo,0
1209,2974,905343.32,2023-02-11,2027-05-13,33,2025-03-21,Activo,94
1210,1622,444912.42,2023-11-16,2024-01-06,0,2025-05-10,En Mora,0
1211,2657,880990.99,2021-12-02,2023-09-23,28,2024-10-28,Activo,0
1212,2560,110824.64,2021-05-16,2021-08-19,25,2025-02-09,Refinanciado,0
1213,2457,891433.19,2024-11-22,2026-04-03,9,2024-10-03,En Mora,0
1214,2484,345054.35,2021-02-08,2022-11-08,0,2024-11-05,En Mora,0
1215,1339,586866.17,2021-11-09,2022-05-20,16,2024-08-27,Activo,0
1216,542,306204.15,2020-11-28,2026-05-02,35,2025-02-06,Activo,0
1217,613,985559.58,2021-11-29,2026-08-04,8,2024-08-27,Activo,0
1218,900,118190.98,2021-03-15,2022-05-20,22,2024-09-26,Cancelado,0
1219,1885,474607.52,2021-03-04,2025-04-14,28,2024-09-06,Activo,0
1220,1056,639938.75,2020-06-16,2024-06-19,1,2025-03-31,Activo,82
1221,1623,634831.64,2021-08-09,2026-07-04,17,2024-11-20,Activo,72
1222,1487,751820.47,2021-11-05,2023-06-02,27,2025-04-05,Cancelado,93
1223,2611,738194.56,2020-09-25,2023-10-12,6,2025-06-01,En Mora,0
1224,2623,803485.57,2024-05-30,2025-08-13,10,2024-12-10,Activo,0
1225,2391,272573.04,2024-10-12,2026-07-17,6,2025-03-09,En Mora,123
1226,1256,401981.17,2020-07-21,2025-10-18,23,2025-02-19,Refinanciado,0
1227,2661,412931.46,2021-03-21,2025-11-02,14,2024-07-14,Activo,0
1228,129,958047.68,2022-10-03,2024-07-27,30,2024-06-08,Activo,0
1229,1043,438846.26,2024-03-26,2026-08-06,18,2024-12-18,Activo,109
1230,357,260775.75,2024-01-30,2027-04-02,9,2025-02-15,Refinanciado,0
1231,1443,650727.21,2025-04-09,2025-06-01,7,2024-12-23,Activo,0
1232,81,455903.57,2021-02-28,2026-04-16,0,2024-09-14,Activo,62
1233,1905,287576.06,2022-11-26,2026-11-17,1,2025-02-05,Activo,0
1234,2714,729378.7,2020-09-17,2020-12-02,28,2024-08-23,Refinanciado,101
1235,2829,232329.02,2022-04-09,2025-07-10,9,2024-12-15,En Mora,0
1236,1142,651686.34,2023-02-11,2025-01-11,8,2025-04-04,Activo,20
1237,1878,459004.17,2022-11-24,2023-02-06,30,2025-02-08,Activo,0
1238,791,353208.81,2025-03-27,2026-07-07,31,2024-07-08,Cancelado,0
1239,2540,948683.15,2022-01-24,2025-07-01,1,2024-07-12,En Mora,0
1240,1899,358187.13,2023-11-26,2027-03-18,23,2024-12-24,Activo,0
1241,225,380132.01,2023-06-30,2026-01-18,5,2025-02-06,En Mora,0
1242,2467,877106.45,2021-06-30,2026-07-23,7,2025-05-21,Activo,0
1243,780,172591.19,2022-11-15,2026-02-26,24,2025-04-30,Cancelado,0
1244,137,152665.31,2025-01-05,2026-06-15,24,2024-10-02,Activo,49
1245,226,318572.39,2022-04-10,2024-06-08,10,2024-12-16,Activo,0
1246,1253,612054.13,2021-10-24,2023-09-18,34,2025-03-07,Activo,28
1247,2371,415085.15,2020-09-01,2023-01-11,0,2025-03-26,Activo,0
1248,812,628126.76,2024-11-13,2026-06-10,22,2025-01-02,Activo,156
1249,2493,201763.1,2024-10-05,2027-04-29,2,2024-09-13,Activo,0
1250,1941,298378.31,2023-03-03,2023-06-25,0,2025-04-01,Activo,0
1251,7,586904.22,2022-12-19,2024-07-01,11,2025-05-17,Cancelado,168
1252,128,256291.74,2022-01-04,2025-08-17,30,2024-07-19,Cancelado,124
1253,267,451664.4,2022-01-27,2024-01-12,28,2025-01-13,Activo,0
1254,2733,594015.48,2024-11-16,2025-12-19,34,2024-09-13,En Mora,0
1255,928,974968.36,2023-08-20,2024-10-07,27,2024-10-15,En Mora,1
1256,214,125892.32,2022-10-03,2025-03-20,20,2025-02-14,Activo,0
1257,247,487393.28,2022-01-26,2023-07-11,10,2024-12-13,Activo,0
1258,1642,426457.41,2021-02-07,2022-04-13,25,2024-09-08,Activo,58
1259,1619,833029.19,2023-12-28,2026-07-23,10,2024-09-06,Activo,103
1260,1828,905282.26,2025-03-02,2025-09-27,4,2025-05-26,En Mora,0
1261,421,911662.51,2024-03-17,2027-03-19,6,2024-06-13,Activo,0
1262,1739,406382.35,2023-08-18,2026-08-16,30,2025-01-15,Activo,0
1263,1065,339422.39,2023-06-19,2025-08-04,7,2025-01-16,En Mora,0
1264,2765,476680.39,2021-12-06,2025-06-02,26,2025-04-27,Activo,0
1265,1372,376786.99,2023-05-11,2024-10-20,20,2024-10-14,Activo,0
1266,143,732908.43,2023-07-17,2025-10-11,29,2024-07-20,En Mora,146
1267,2189,252892.5,2021-11-02,2023-05-08,13,2024-10-26,Cancelado,82
1268,2613,675749.88,2023-11-10,2024-03-07,0,2025-02-26,Activo,0
1269,2155,930638.16,2023-07-19,2025-01-30,23,2024-10-10,Activo,179
1270,2081,315917.89,2024-11-13,2027-04-21,5,2025-01-22,Cancelado,0
1271,2167,693046.09,2023-03-18,2025-06-07,5,2024-06-22,Cancelado,131
1272,1824,186383.07,2022-09-14,2022-11-26,4,2024-10-28,Refinanciado,0
1273,229,165314.74,2021-03-08,2026-10-22,34,2025-02-19,Activo,0
1274,2736,159862.25,2025-03-15,2027-02-25,14,2025-03-02,Activo,0
1275,1988,181601.76,2022-02-05,2026-07-04,34,2025-02-03,Cancelado,0
1276,830,255356.63,2020-08-26,2024-04-03,7,2024-06-03,Activo,38
1277,850,584688.97,2021-11-08,2025-11-24,34,2025-05-07,Activo,0
1278,1239,778636.37,2022-08-03,2024-11-16,4,2024-07-28,Activo,0
1279,2781,170514.17,2023-07-11,2026-03-30,30,2025-03-03,Activo,0
1280,1154,876514.19,2024-02-03,2026-06-20,30,2024-07-12,Activo,38
1281,845,850580.47,2023-12-21,2026-04-22,7,2025-03-30,Activo,0
1282,2320,741018.63,2020-12-26,2026-07-08,5,2025-04-26,Refinanciado,0
1283,2683,454667.51,2022-03-07,2027-03-16,22,2024-08-15,En Mora,0
1284,403,51479.37,2022-08-18,2027-02-11,15,2025-02-14,Activo,0
1285,2976,748026.69,2020-06-24,2021-09-21,7,2025-02-16,Activo,0
1286,1603,885036.84,2021-04-07,2026-11-26,3,2024-10-06,En Mora,0
1287,627,368522.06,2024-11-15,2026-03-17,31,2024-08-25,Cancelado,73
1288,1824,732088.18,2024-09-03,2026-02-20,2,2025-04-04,Activo,0
1289,2665,108945.23,2023-05-09,2025-12-26,15,2025-04-24,Activo,0
1290,981,724020.13,2021-06-27,2024-12-13,33,2025-04-29,Activo,157
1291,2585,114893.09,2023-06-16,2024-08-10,12,2025-05-24,Activo,112
1292,1077,607827.02,2021-11-06,2024-05-25,32,2024-06-27,Activo,0
1293,2295,617675.62,2021-09-09,2024-06-20,21,2024-06-18,Activo,127
1294,2385,337048.73,2024-07-02,2025-11-13,30,2024-12-13,Activo,13
1295,33,125166.59,2020-06-23,2026-03-10,23,2025-02-05,En Mora,0
1296,799,951868.04,2023-11-18,2025-06-27,2,2024-11-10,Activo,0
1297,2596,558798.53,2023-11-29,2025-05-20,32,2024-08-16,Activo,0
1298,1367,600770.22,2024-02-24,2025-03-16,29,2024-09-06,Activo,58
1299,2939,634269.84,2022-09-28,2024-02-26,25,2024-08-06,En Mora,0
1300,1263,896495.53,2024-09-14,2026-01-03,33,2025-03-10,Activo,0
1301,2777,107242.86,2020-07-08,2024-03-28,21,2025-03-31,Cancelado,0
1302,2092,898623.38,2023-02-14,2024-03-15,29,2025-01-02,Activo,0
1303,304,277692.68,2025-05-25,2025-11-02,34,2025-04-24,Activo,0
1304,1694,124052.74,2022-01-01,2026-08-31,24,2025-02-04,Activo,166
1305,2317,674402.56,2021-11-01,2024-02-21,27,2024-09-15,Activo,0
1306,2731,978126.86,2023-05-23,2026-03-15,32,2025-03-16,Activo,155
1307,2031,104379.96,2020-11-28,2023-06-22,22,2024-09-30,Activo,20
1308,1757,454815.73,2025-05-15,2026-12-08,25,2024-09-02,Activo,0
1309,400,553295.3,2024-12-27,2026-06-25,8,2024-06-05,Cancelado,113
1310,2651,289513.02,2020-11-12,2022-03-18,7,2024-06-10,Activo,0
1311,922,983728.54,2022-11-01,2024-05-09,32,2025-02-10,Activo,99
1312,2479,658915.05,2023-06-08,2027-02-18,14,2025-04-27,Activo,30
1313,421,852133.14,2023-10-09,2025-12-26,7,2024-07-18,En Mora,83
1314,2179,444988.8,2025-04-03,2025-12-04,20,2024-06-04,Activo,0
1315,1434,386258.09,2024-04-25,2025-08-22,2,2025-03-19,Activo,65
1316,1249,575500.0,2023-04-02,2024-09-27,8,2024-12-12,Activo,0
1317,1167,463514.52,2024-02-20,2024-09-17,13,2024-09-11,Activo,0
1318,578,729200.65,2020-06-15,2020-09-30,26,2025-05-01,Cancelado,113
1319,540,302527.19,2023-03-15,2025-03-14,19,2025-05-30,Cancelado,106
1320,2173,477111.48,2020-06-18,2025-09-18,3,2025-03-25,Refinanciado,0
1321,1236,900376.11,2023-02-11,2023-05-07,23,2024-10-17,Activo,0
1322,934,768302.51,2024-06-14,2025-03-03,26,2025-05-07,Activo,0
1323,1461,209666.66,2023-07-18,2026-11-05,11,2024-12-13,Activo,0
1324,592,892521.59,2025-01-21,2025-05-10,27,2025-03-22,Activo,85
1325,1262,609565.76,2020-10-20,2024-03-17,34,2025-02-24,En Mora,0
1326,644,695322.82,2024-01-29,2025-04-03,23,2024-07-13,Refinanciado,0
1327,328,329543.74,2022-07-26,2024-11-02,30,2025-02-19,Activo,0
1328,2860,469467.05,2022-11-02,2025-08-01,2,2024-08-27,Activo,0
1329,1143,816471.85,2021-06-01,2023-11-10,29,2024-12-09,Activo,0
1330,2094,364142.41,2021-06-20,2022-06-26,26,2024-09-08,Cancelado,0
1331,2132,206808.53,2024-08-13,2026-07-26,16,2025-01-14,Activo,0
1332,2842,409389.67,2020-06-13,2023-04-01,5,2024-11-24,Refinanciado,0
1333,352,115757.73,2024-03-18,2025-06-23,17,2024-09-19,En Mora,0
1334,1037,731963.64,2022-10-28,2025-10-14,34,2025-04-20,En Mora,0
1335,637,190358.61,2023-05-19,2024-10-07,26,2025-01-10,Activo,0
1336,1196,320869.61,2021-10-14,2023-08-16,16,2024-08-29,Refinanciado,78
1337,234,887026.96,2025-02-13,2025-08-31,10,2024-12-16,En Mora,0
1338,781,563472.78,2025-01-12,2026-12-18,33,2024-11-23,Activo,0
1339,2729,355271.52,2025-04-16,2026-08-24,31,2025-02-02,Activo,0
1340,1419,570283.55,2024-01-15,2026-10-07,34,2024-07-03,Activo,0
1341,933,257363.78,2024-09-10,2027-05-24,27,2024-09-15,Activo,0
1342,1824,73914.47,2024-12-21,2026-02-20,21,2024-07-07,Activo,146
1343,861,623545.86,2020-09-04,2026-07-23,15,2024-10-01,Refinanciado,0
1344,1231,728419.64,2020-09-05,2025-11-24,11,2024-08-03,Cancelado,7
1345,2196,885792.68,2024-12-08,2026-05-11,4,2025-03-12,Cancelado,3
1346,300,783289.19,2023-01-10,2027-02-01,25,2025-02-24,En Mora,0
1347,1956,930343.82,2025-01-30,2025-04-16,25,2024-07-05,Activo,175
1348,1477,986655.8,2023-01-12,2025-08-04,12,2024-11-22,Activo,0
1349,2024,757688.68,2025-03-22,2026-11-25,23,2024-06-27,Activo,0
1350,2597,874527.14,2024-09-18,2026-11-18,2,2025-04-16,Cancelado,0
1351,2431,690044.93,2024-04-30,2024-12-30,31,2024-11-07,Activo,62
1352,1971,212390.9,2024-01-24,2024-01-30,22,2024-06-09,En Mora,0
1353,2848,222617.31,2024-04-01,2027-05-27,12,2025-01-02,En Mora,0
1354,534,154746.48,2025-05-17,2025-12-15,14,2025-02-04,Activo,0
1355,1257,945825.98,2025-05-28,2026-01-24,1,2025-01-29,Refinanciado,0
1356,1658,689114.11,2025-04-14,2026-11-15,10,2024-09-14,Activo,0
1357,1153,800414.26,2023-04-04,2024-02-10,15,2025-04-09,Cancelado,0
1358,1753,364599.47,2022-10-17,2024-01-21,17,2024-07-16,En Mora,0
1359,1684,487400.62,2023-08-19,2025-02-13,33,2025-01-21,Refinanciado,0
1360,2618,87790.56,2022-06-11,2027-03-01,9,2025-04-17,Cancelado,91
1361,2979,894557.03,2025-02-20,2026-01-19,12,2025-01-29,Activo,136
1362,237,860353.26,2025-04-03,2026-04-22,31,2025-05-18,Activo,0
1363,701,795570.77,2024-01-27,2025-10-08,7,2024-07-24,Cancelado,105
1364,2802,105386.96,2024-08-08,2026-12-21,6,2024-07-31,Activo,0
1365,575,215537.25,2022-10-20,2025-07-03,16,2025-02-08,Activo,0
1366,1721,367462.12,2024-09-13,2026-02-12,26,2025-01-28,En Mora,0
1367,771,299909.54,2021-12-09,2027-05-19,7,2025-04-18,Activo,54
1368,1765,846536.85,2025-05-22,2025-06-20,28,2025-03-17,En Mora,0
1369,223,235093.97,2024-06-01,2024-08-05,26,2025-04-23,En Mora,0
1370,1123,555518.24,2024-01-13,2025-06-05,23,2024-06-01,En Mora,89
1371,2605,592812.04,2023-03-12,2026-02-16,15,2025-01-20,En Mora,129
1372,2959,453761.25,2021-05-31,2021-07-22,25,2024-08-28,Refinanciado,0
1373,2321,278653.54,2020-08-14,2025-04-23,30,2024-06-01,Activo,3
1374,1423,962279.58,2024-12-09,2026-08-16,26,2025-05-12,Activo,0
1375,1541,442729.28,2021-08-31,2023-03-30,25,2024-10-21,Activo,0
1376,2006,740944.5,2022-06-11,2025-05-04,14,2024-08-03,Cancelado,0
1377,430,224844.16,2022-03-08,2023-12-04,14,2024-08-23,Activo,0
1378,523,831670.61,2021-09-26,2025-10-04,22,2024-07-30,En Mora,0
1379,1372,255097.23,2020-11-25,2021-01-03,24,2024-12-24,Activo,0
1380,2958,691541.29,2020-12-28,2022-02-21,3,2024-07-05,Cancelado,0
1381,1575,531171.2,2024-02-15,2025-10-24,35,2025-04-14,Cancelado,0
1382,2499,189229.28,2022-09-22,2024-02-20,15,2025-04-06,Cancelado,0
1383,1975,73701.74,2024-08-01,2026-03-20,20,2024-08-15,Activo,0
1384,2090,934210.85,2025-02-12,2026-05-03,16,2024-07-26,Activo,91
1385,1739,169405.99,2022-11-09,2026-04-30,2,2025-05-07,Activo,0
1386,94,719703.86,2022-06-28,2024-09-16,6,2024-06-16,Activo,45
1387,2534,670050.71,2024-05-29,2026-02-03,11,2024-11-14,Activo,0
1388,2565,374634.04,2024-08-25,2027-05-29,0,2024-10-23,Activo,0
1389,1174,226113.75,2025-05-14,2026-09-13,5,2024-09-13,Activo,0
1390,2765,219411.84,2025-03-31,2027-03-10,22,2025-05-14,Cancelado,112
1391,499,606061.46,2023-01-21,2023-02-13,24,2025-01-14,Cancelado,0
1392,2419,569575.23,2022-08-12,2027-02-05,24,2025-01-08,Activo,117
1393,981,882138.27,2020-11-02,2025-02-23,2,2025-04-18,Refinanciado,0
1394,2747,658002.92,2024-12-02,2027-05-24,3,2024-06-02,Activo,177
1395,485,828311.23,2024-03-01,2026-09-27,29,2024-09-11,Activo,129
1396,665,80792.41,2020-09-10,2024-04-30,32,2025-03-14,Activo,101
1397,628,687443.49,2021-10-21,2025-07-21,28,2024-06-30,Refinanciado,0
1398,1685,272023.21,2022-10-16,2022-10-25,3,2025-03-01,Activo,0
1399,732,290197.01,2020-07-03,2025-09-03,13,2025-05-13,Cancelado,0
1400,192,734547.7,2023-11-15,2024-12-31,20,2024-08-26,Activo,0
1401,1769,803761.31,2024-12-14,2025-01-14,6,2024-11-02,Cancelado,0
1402,2884,403148.7,2024-07-22,2026-07-13,20,2025-01-24,Activo,0
1403,1245,800572.98,2022-02-26,2024-05-18,6,2024-07-20,En Mora,22
1404,1071,471557.44,2022-05-14,2026-05-14,0,2025-03-18,Refinanciado,0
1405,2175,864763.08,2021-10-14,2026-11-14,33,2024-07-07,Cancelado,0
1406,2775,73658.58,2022-08-16,2026-07-24,22,2024-11-09,Cancelado,0
1407,696,129320.32,2024-10-30,2026-01-04,2,2025-04-25,Activo,102
1408,1140,787534.22,2021-12-30,2026-01-14,17,2024-10-30,En Mora,0
1409,564,642885.15,2024-05-21,2025-03-28,11,2025-05-06,Cancelado,153
1410,2414,581069.24,2023-04-15,2025-05-12,13,2024-08-13,Activo,176
1411,2441,633279.87,2023-01-29,2026-10-30,27,2024-08-29,En Mora,0
1412,23,933681.1,2021-09-20,2025-02-25,23,2024-08-07,Activo,0
1413,445,672760.18,2023-03-22,2023-08-18,23,2025-02-09,Activo,0
1414,777,665102.31,2025-02-18,2026-06-05,2,2024-12-07,En Mora,93
1415,2045,771497.34,2022-07-14,2024-07-02,8,2025-02-06,Activo,0
1416,708,873289.67,2020-06-16,2021-06-02,23,2024-06-03,Activo,0
1417,433,298816.85,2021-02-28,2025-01-30,1,2024-10-07,Activo,0
1418,473,635911.42,2022-09-21,2025-04-26,27,2025-04-23,En Mora,0
1419,48,604776.22,2022-11-10,2025-08-31,6,2024-12-29,En Mora,0
1420,1915,178107.01,2025-02-20,2026-09-10,8,2024-07-30,Activo,0
1421,1106,544301.13,2024-06-25,2025-09-14,32,2024-07-21,Refinanciado,0
1422,2311,116072.99,2021-03-26,2024-08-05,33,2025-04-15,Activo,0
1423,1891,225711.61,2024-08-25,2024-12-02,20,2024-10-05,En Mora,148
1424,358,917314.93,2023-02-06,2026-12-08,28,2024-08-31,Activo,0
1425,568,163281.02,2024-08-17,2024-11-13,26,2024-09-17,Activo,98
1426,480,599970.48,2022-10-02,2025-07-12,16,2024-06-05,Activo,0
1427,867,357306.66,2023-03-31,2026-04-19,22,2024-08-26,Activo,0
1428,1029,577547.63,2025-01-02,2026-09-04,20,2024-12-09,Cancelado,0
1429,1814,273224.87,2021-12-28,2021-12-31,7,2024-06-09,Cancelado,117
1430,1418,472160.48,2023-02-07,2024-09-12,8,2025-04-10,Activo,0
1431,708,873966.76,2021-09-23,2025-11-09,32,2025-01-15,En Mora,63
1432,2474,407406.13,2024-07-10,2027-03-16,3,2025-04-29,Activo,134
1433,1051,385379.39,2024-10-30,2025-04-20,17,2025-04-01,Cancelado,0
1434,127,473812.18,2024-09-27,2025-02-20,31,2024-10-11,En Mora,0
1435,2183,145468.2,2024-07-17,2025-03-23,29,2024-08-11,Activo,0
1436,2379,417979.67,2024-11-17,2026-09-26,24,2025-01-07,En Mora,25
1437,1653,56555.24,2020-06-16,2024-03-30,32,2025-02-18,Cancelado,0
1438,2440,528227.29,2022-04-01,2023-12-22,34,2024-06-01,Activo,0
1439,8,855544.03,2024-01-23,2026-11-16,33,2025-05-31,Activo,52
1440,613,574469.45,2023-10-12,2026-07-12,1,2025-05-22,En Mora,0
1441,1285,627338.92,2025-04-16,2027-03-06,12,2024-12-24,Activo,0
1442,1223,79035.2,2025-04-26,2026-08-30,22,2024-06-28,En Mora,0
1443,598,866539.23,2022-03-23,2026-01-23,22,2025-02-07,Activo,136
1444,1764,415753.38,2023-02-09,2025-07-25,30,2024-09-13,Cancelado,0
1445,386,976110.05,2021-07-18,2023-09-16,1,2024-06-24,Cancelado,0
1446,2520,164442.1,2024-08-16,2027-01-28,1,2025-04-22,Cancelado,0
1447,179,947438.29,2022-03-24,2024-03-23,4,2024-07-29,Activo,118
1448,2498,652576.36,2024-07-01,2027-05-07,13,2025-04-24,Activo,0
1449,815,99723.29,2024-05-10,2025-07-07,22,2024-11-13,Activo,0
1450,1818,973114.12,2024-10-03,2024-12-18,34,2024-09-11,Activo,171
1451,358,63179.41,2025-01-02,2026-09-29,0,2025-03-22,Cancelado,0
1452,2424,744165.16,2022-07-13,2025-01-01,14,2025-05-25,Cancelado,12
1453,702,895053.45,2022-01-21,2023-03-31,29,2024-08-04,Activo,0
1454,2886,217020.98,2021-10-15,2027-05-19,20,2025-06-01,En Mora,0
1455,1751,376189.33,2020-08-31,2024-12-22,7,2025-01-23,Refinanciado,0
1456,2586,583167.87,2022-02-28,2022-12-22,6,2025-02-06,Cancelado,139
1457,782,695818.82,2020-09-08,2027-03-23,33,2025-03-14,En Mora,0
1458,82,878282.07,2020-09-30,2025-03-30,31,2024-10-06,Activo,0
1459,185,773016.95,2021-03-07,2021-08-24,32,2024-10-05,Activo,91
1460,2336,395164.59,2024-08-02,2027-05-02,5,2024-09-04,Cancelado,126
1461,883,830633.82,2020-08-07,2024-10-23,9,2024-11-13,Cancelado,0
1462,507,967772.89,2025-04-04,2025-12-30,25,2024-09-26,Activo,0
1463,2042,265636.87,2021-04-12,2027-01-13,25,2024-06-26,Activo,0
1464,1486,120390.81,2024-06-04,2026-08-31,18,2025-01-02,Cancelado,28
1465,30,455288.75,2025-01-09,2026-10-25,34,2024-07-31,En Mora,0
1466,1933,887327.25,2023-09-08,2024-06-01,3,2025-04-22,Activo,51
1467,2984,192776.93,2020-11-09,2024-06-18,24,2024-08-01,Activo,0
1468,2079,891508.28,2023-10-04,2026-09-28,7,2024-08-18,En Mora,0
1469,1317,992602.37,2024-04-12,2025-03-25,11,2025-02-13,En Mora,0
1470,1197,101302.12,2021-05-18,2026-03-21,23,2024-06-22,Activo,0
1471,1152,520493.56,2023-11-15,2026-07-10,23,2024-10-03,Refinanciado,0
1472,86,362441.22,2022-11-29,2024-01-08,16,2024-09-23,En Mora,33
1473,1339,423995.86,2020-12-06,2021-08-09,24,2025-03-24,Cancelado,0
1474,2076,479053.01,2023-08-19,2023-10-25,32,2024-11-12,Activo,0
1475,2170,752718.76,2023-10-11,2026-04-12,26,2024-07-04,Cancelado,112
1476,1275,611734.72,2024-09-26,2025-04-02,1,2025-01-17,En Mora,0
1477,2621,963141.03,2024-05-08,2025-03-20,8,2025-03-17,Activo,0
1478,2451,366126.37,2025-02-22,2025-09-17,32,2024-06-21,Activo,59
1479,683,564428.88,2020-06-29,2025-09-26,18,2025-04-12,Activo,0
1480,272,822662.1,2020-07-09,2025-07-29,4,2025-02-04,Activo,0
1481,2885,404377.0,2020-08-04,2025-12-09,19,2025-03-04,Activo,92
1482,1836,492034.24,2024-10-04,2026-08-27,23,2024-10-22,En Mora,0
1483,2161,700725.83,2023-07-04,2024-11-01,30,2024-11-05,Activo,84
1484,1730,867707.01,2023-04-22,2026-02-18,3,2024-08-03,Cancelado,0
1485,1418,444897.4,2021-04-18,2023-04-19,31,2025-01-28,En Mora,0
1486,19,555352.95,2020-10-18,2027-01-30,34,2024-11-15,Activo,74
1487,1876,976366.17,2023-03-13,2026-04-11,13,2025-04-21,Activo,0
1488,2653,90345.7,2025-01-19,2026-10-12,35,2025-05-07,Cancelado,117
1489,465,475817.28,2024-06-19,2026-09-02,5,2025-03-23,Cancelado,0
1490,691,654182.76,2025-02-25,2025-05-08,16,2024-10-31,Activo,163
1491,1011,58006.08,2020-12-10,2021-11-27,17,2024-11-22,En Mora,77
1492,1215,616947.18,2022-10-08,2027-03-19,7,2024-11-27,Refinanciado,0
1493,1517,103389.96,2025-05-09,2026-08-03,11,2025-03-14,Refinanciado,26
1494,163,864680.48,2022-03-12,2026-10-10,16,2024-12-17,Activo,0
1495,1636,816731.79,2025-05-03,2026-03-29,30,2025-04-04,Activo,92
1496,2747,80642.38,2022-04-07,2026-01-29,0,2024-08-24,En Mora,0
1497,295,96363.82,2021-10-22,2023-12-28,10,2024-12-20,Activo,172
1498,579,765933.23,2023-01-17,2025-05-26,15,2024-06-09,Cancelado,0
1499,1768,401067.65,2024-10-31,2025-02-06,27,2024-10-29,Activo,0
1500,2749,596274.5,2020-12-05,2022-03-28,8,2024-11-10,Activo,0
1501,1586,306811.86,2025-03-21,2027-03-06,7,2024-11-25,Activo,0
1502,2350,214320.43,2023-10-24,2026-09-03,24,2025-03-29,Activo,0
1503,1332,331273.26,2023-06-08,2023-11-07,9,2024-12-15,Activo,0
1504,2172,284378.02,2023-03-06,2023-03-11,2,2025-03-21,Cancelado,0
1505,2717,475892.07,2022-04-05,2023-06-03,22,2024-06-10,Activo,0
1506,195,759342.36,2023-07-09,2023-10-08,22,2025-03-05,Activo,151
1507,842,576422.94,2024-01-08,2027-03-02,3,2025-01-17,Activo,0
1508,2399,628719.39,2022-03-12,2025-05-31,22,2024-11-25,Activo,0
1509,1867,496574.67,2024-04-19,2024-11-12,8,2024-08-30,En Mora,149
1510,1792,358496.96,2022-06-07,2023-05-27,3,2025-04-07,Cancelado,0
1511,489,186333.38,2021-04-25,2024-11-18,33,2025-02-05,Cancelado,0
1512,2248,386837.19,2023-04-16,2027-01-20,17,2024-12-06,En Mora,50
1513,2932,681938.69,2023-11-30,2025-07-03,33,2025-02-12,Activo,0
1514,2556,747088.55,2025-02-25,2026-03-13,33,2024-11-13,Activo,0
1515,2946,495722.47,2020-10-25,2026-03-10,2,2025-01-05,Activo,0
1516,1604,662747.41,2025-04-28,2026-03-06,18,2024-10-27,Activo,0
1517,446,250014.03,2023-10-14,2027-03-16,33,2024-06-15,En Mora,0
1518,80,867063.0,2021-11-05,2022-06-06,25,2024-10-25,Activo,0
1519,745,872639.63,2023-08-01,2026-08-28,34,2024-12-24,Activo,27
1520,2746,354311.53,2024-02-22,2026-03-25,30,2024-09-14,Activo,11
1521,1861,570326.63,2020-10-09,2024-08-14,26,2024-08-30,Activo,0
1522,1466,626328.93,2023-02-01,2027-05-29,2,2024-12-08,Activo,0
1523,931,498808.54,2024-06-18,2026-07-18,11,2024-10-26,Activo,0
1524,2702,915585.05,2022-08-18,2026-09-06,22,2024-11-01,Activo,0
1525,1935,752731.1,2023-07-14,2025-04-19,16,2025-04-21,Activo,117
1526,2950,688884.97,2021-07-04,2026-11-03,15,2024-09-12,Activo,0
1527,272,544088.56,2021-08-24,2022-05-15,16,2024-07-07,Activo,158
1528,1367,130604.96,2023-02-23,2023-12-19,14,2024-09-10,Activo,0
1529,2172,152430.31,2024-12-04,2025-09-07,25,2025-03-21,Refinanciado,135
1530,1514,334058.42,2023-12-06,2024-08-12,1,2024-09-19,Cancelado,61
1531,686,250946.15,2023-05-04,2027-02-22,16,2024-08-12,Cancelado,0
1532,1727,954904.42,2023-05-27,2023-12-11,0,2024-06-14,Activo,0
1533,652,439321.89,2024-06-22,2026-12-28,29,2025-04-17,Refinanciado,0
1534,297,882775.17,2023-10-30,2025-05-16,31,2024-09-03,En Mora,0
1535,1143,827175.7,2020-12-20,2021-03-07,29,2025-02-18,Activo,0
1536,2835,821941.76,2020-08-12,2021-08-27,3,2025-04-02,En Mora,0
1537,621,254922.15,2022-02-13,2022-11-07,31,2024-11-14,Activo,41
1538,1655,474955.72,2021-12-03,2024-07-21,34,2025-03-18,Activo,0
1539,2929,352054.39,2022-03-01,2024-02-22,0,2024-10-08,Cancelado,0
1540,1655,971890.45,2021-03-08,2023-06-29,18,2025-04-24,Activo,127
1541,2399,882907.09,2022-04-08,2025-12-04,32,2024-07-31,En Mora,0
1542,1673,287427.48,2025-03-06,2025-05-09,18,2024-11-22,Activo,65
1543,255,347844.34,2020-07-29,2025-05-13,35,2025-03-12,Cancelado,0
1544,1288,552463.78,2022-01-31,2023-05-31,26,2024-07-29,Activo,0
1545,2727,314675.5,2022-12-30,2024-10-14,12,2024-07-02,Refinanciado,0
1546,29,833303.47,2023-08-21,2026-07-11,26,2024-10-09,En Mora,0
1547,2515,828269.71,2024-05-15,2025-05-03,13,2025-05-06,Activo,0
1548,1059,738123.42,2021-01-28,2021-03-31,23,2024-06-15,Activo,0
1549,749,704844.69,2021-10-06,2026-09-13,34,2024-08-19,Activo,0
1550,1318,569936.43,2022-01-19,2022-04-15,18,2024-12-23,Cancelado,0
1551,602,379756.64,2025-03-10,2027-01-29,24,2025-05-21,Activo,0
1552,2788,845091.53,2023-08-07,2026-07-11,10,2024-12-21,Activo,0
1553,2979,865890.56,2023-10-29,2025-08-21,8,2024-07-12,Activo,0
1554,1092,97034.0,2025-02-13,2025-08-13,5,2025-03-13,Activo,169
1555,131,428688.44,2023-03-09,2025-09-02,35,2025-04-16,Activo,0
1556,111,75296.2,2022-06-05,2027-02-16,28,2025-02-28,En Mora,80
1557,2572,847503.52,2024-02-11,2024-12-14,8,2025-03-30,Refinanciado,0
1558,2735,218238.58,2023-12-10,2026-07-28,32,2024-06-18,Cancelado,0
1559,831,690173.43,2022-09-02,2026-05-11,22,2025-02-25,Cancelado,0
1560,666,389507.03,2022-07-17,2025-12-01,14,2025-03-11,En Mora,0
1561,1067,825262.18,2024-03-18,2025-02-06,10,2024-06-24,Activo,0
1562,875,534202.56,2020-12-21,2023-06-23,22,2025-02-10,Activo,0
1563,1318,358181.83,2020-09-04,2025-08-30,25,2025-04-12,Activo,0
1564,285,357677.13,2023-06-30,2026-04-19,0,2024-07-06,Activo,0
1565,2871,360580.88,2021-01-18,2023-01-09,29,2025-04-30,Activo,0
1566,564,799150.26,2021-09-01,2023-03-24,16,2025-03-13,Cancelado,163
1567,19,725559.82,2024-09-05,2025-10-17,22,2024-08-13,En Mora,0
1568,547,353253.4,2023-05-29,2026-09-25,35,2024-08-17,Refinanciado,0
1569,48,515697.68,2025-02-26,2025-12-21,4,2024-08-14,Activo,0
1570,1769,122345.72,2021-06-22,2021-11-21,34,2024-09-13,Activo,0
1571,2043,836125.25,2024-06-02,2027-04-03,8,2024-11-16,Cancelado,0
1572,219,302657.07,2022-12-19,2027-02-14,3,2025-02-11,Activo,159
1573,766,894763.88,2025-01-07,2026-09-13,6,2024-11-10,Activo,0
1574,2079,616956.86,2021-11-02,2023-04-30,0,2025-04-30,Cancelado,0
1575,2307,589429.15,2022-10-26,2023-11-23,15,2024-07-04,Activo,0
1576,308,204582.81,2023-05-03,2024-09-03,24,2025-03-18,Cancelado,0
1577,2355,116058.59,2023-06-07,2026-11-06,5,2025-06-01,Activo,0
1578,568,574985.75,2023-03-13,2027-01-31,13,2025-03-11,Cancelado,0
1579,1123,494589.67,2024-01-28,2026-08-02,10,2025-03-19,Activo,0
1580,2069,163698.88,2020-11-14,2022-07-18,0,2024-10-01,Activo,0
1581,231,843808.34,2021-10-07,2027-02-19,0,2025-01-26,Activo,1
1582,82,446378.11,2023-08-20,2025-01-29,35,2024-12-17,Activo,0
1583,217,297434.91,2024-02-25,2026-08-24,7,2024-08-01,Activo,0
1584,335,798858.49,2021-07-08,2023-10-03,31,2025-05-10,Cancelado,0
1585,559,917410.95,2022-06-10,2023-08-05,32,2025-03-20,Cancelado,0
1586,2912,340664.57,2023-02-14,2025-09-23,7,2024-10-04,Activo,104
1587,874,787152.39,2021-11-27,2025-11-09,13,2024-06-04,Activo,0
1588,753,669893.67,2023-02-16,2025-04-05,23,2024-10-27,Activo,0
1589,594,990241.39,2022-06-08,2026-09-22,28,2024-07-02,Activo,0
1590,1823,243793.07,2021-08-20,2027-05-21,24,2025-01-03,En Mora,0
1591,2752,962645.04,2025-05-23,2027-04-22,5,2024-09-02,Activo,0
1592,2973,349508.45,2023-03-26,2026-07-10,0,2024-09-23,Cancelado,0
1593,1679,441356.58,2021-01-29,2022-03-29,22,2025-02-20,Activo,0
1594,553,390884.52,2022-03-07,2025-12-28,32,2024-06-17,En Mora,0
1595,1483,305028.16,2024-08-16,2026-10-24,13,2024-11-25,Cancelado,0
1596,783,708561.45,2021-01-24,2022-03-26,27,2024-07-20,Activo,125
1597,2135,609688.05,2022-03-12,2022-09-21,28,2025-01-23,Activo,0
1598,513,340407.35,2021-12-18,2024-10-18,22,2025-04-08,Activo,56
1599,984,175601.83,2021-10-19,2021-10-24,9,2024-06-21,Activo,0
1600,587,351506.86,2021-03-22,2024-08-26,26,2025-03-08,Activo,154
1601,1502,412169.75,2020-07-20,2020-11-30,7,2025-05-22,Activo,32
1602,2546,411620.77,2021-12-11,2025-11-20,3,2025-02-02,Activo,0
1603,2955,389396.56,2023-08-17,2023-11-23,20,2025-02-03,Activo,121
1604,956,96286.38,2025-04-21,2026-02-17,20,2025-04-06,Activo,11
1605,743,490831.45,2022-04-10,2027-02-13,29,2024-08-28,Cancelado,0
1606,449,844397.69,2020-07-27,2023-08-15,12,2024-07-01,Activo,164
1607,588,221347.98,2024-11-25,2025-11-20,2,2025-02-19,Activo,0
1608,260,188374.48,2020-08-18,2021-12-13,19,2024-12-24,Activo,0
1609,2511,498258.5,2020-12-29,2021-07-06,35,2024-09-28,En Mora,117
1610,94,402072.86,2022-02-28,2024-01-02,4,2024-10-26,Activo,5
1611,1021,583216.61,2023-01-05,2024-12-18,21,2025-03-26,Cancelado,0
1612,1960,949720.59,2024-04-11,2025-12-10,1,2024-10-11,Activo,0
1613,1376,772841.94,2023-05-03,2026-10-18,24,2024-11-22,Activo,0
1614,1132,702705.25,2021-01-03,2022-01-06,23,2025-03-02,Activo,0
1615,2403,445140.1,2024-04-27,2026-01-27,4,2024-12-22,Activo,0
1616,2517,322991.84,2022-08-04,2024-11-18,15,2024-11-02,Activo,0
1617,2143,563250.9,2020-10-28,2021-12-21,14,2025-01-15,Activo,46
1618,868,891171.35,2021-07-11,2023-03-03,12,2024-08-29,Cancelado,0
1619,91,882905.38,2022-10-31,2024-04-08,10,2024-07-01,Activo,0
1620,1480,473239.2,2022-03-04,2025-03-17,15,2024-06-26,Activo,0
1621,955,283909.34,2024-04-30,2025-01-20,17,2024-08-18,Cancelado,156
1622,2432,264077.23,2022-03-22,2024-09-22,24,2024-10-26,Refinanciado,0
1623,23,82289.0,2025-05-08,2026-01-11,3,2024-09-29,En Mora,0
1624,1726,850531.03,2023-12-28,2026-03-15,20,2025-01-09,Cancelado,0
1625,23,301596.13,2021-08-13,2026-06-09,10,2024-12-06,Cancelado,20
1626,1722,391049.18,2022-02-19,2025-11-05,33,2024-07-16,Activo,0
1627,2359,818755.33,2023-07-01,2026-07-31,29,2024-07-07,Activo,142
1628,1441,164022.85,2023-09-27,2025-07-07,3,2025-05-27,En Mora,0
1629,1357,488172.37,2020-09-20,2025-07-27,13,2024-09-12,Activo,0
1630,575,166224.31,2022-04-18,2022-10-09,10,2025-01-21,Activo,0
1631,2151,469756.14,2022-02-04,2022-12-20,3,2025-02-22,Refinanciado,0
1632,2548,94782.59,2021-01-30,2026-02-16,25,2024-09-24,Activo,0
1633,828,541741.68,2023-01-26,2023-07-13,2,2024-12-31,Cancelado,0
1634,189,805924.23,2021-01-22,2021-06-16,3,2024-07-02,En Mora,107
1635,460,692481.84,2022-01-05,2022-08-17,25,2025-04-29,Activo,0
1636,2237,533710.56,2020-12-06,2024-05-02,10,2024-08-12,Cancelado,36
1637,351,837320.78,2025-05-12,2026-06-02,10,2024-06-22,Cancelado,130
1638,581,266398.58,2021-08-19,2025-10-31,19,2024-06-07,Activo,0
1639,2162,839256.47,2021-08-11,2022-05-30,25,2024-06-22,Cancelado,0
1640,2152,312545.31,2021-10-22,2025-04-10,11,2024-11-24,Activo,0
1641,620,394362.02,2024-05-20,2027-04-12,28,2024-11-24,En Mora,0
1642,1532,172008.69,2024-07-07,2026-02-22,13,2024-06-04,Activo,0
1643,1369,146667.02,2024-01-28,2026-01-22,24,2024-10-31,Cancelado,0
1644,2435,935505.94,2022-03-15,2027-01-01,25,2025-01-13,En Mora,0
1645,2992,230479.33,2020-09-29,2022-04-13,9,2024-09-24,Activo,48
1646,1802,366631.35,2021-11-23,2025-06-16,13,2024-09-08,Activo,0
1647,2903,552694.11,2025-01-21,2026-04-05,4,2024-12-25,Activo,0
1648,1233,380473.78,2021-08-06,2026-11-05,21,2024-09-07,En Mora,115
1649,2531,876626.62,2024-04-16,2026-04-13,10,2024-07-28,Activo,92
1650,473,905679.03,2021-06-16,2027-02-08,28,2024-09-16,Refinanciado,0
1651,859,359690.93,2023-02-09,2024-08-19,6,2025-05-31,Cancelado,162
1652,2990,137426.31,2020-06-11,2021-07-18,17,2024-07-06,Activo,136
1653,2441,249650.32,2025-03-21,2026-04-19,30,2025-05-12,Activo,118
1654,1713,500673.27,2022-09-06,2024-07-07,19,2025-01-28,Cancelado,0
1655,516,324056.99,2021-06-28,2024-03-24,34,2024-06-14,Cancelado,0
1656,2394,480798.63,2021-09-16,2026-07-11,6,2024-06-05,Activo,0
1657,1376,770768.32,2024-07-03,2025-10-16,29,2024-08-05,Activo,79
1658,2589,449606.51,2022-08-02,2024-08-24,3,2025-02-16,Refinanciado,103
1659,2095,237147.58,2024-12-24,2025-04-10,29,2024-06-19,Activo,31
1660,2391,390069.26,2024-11-30,2025-09-13,29,2025-03-12,Cancelado,0
1661,543,755832.16,2020-06-02,2026-03-01,29,2024-11-22,Refinanciado,0
1662,2867,452859.01,2025-01-20,2026-09-05,17,2025-01-05,Activo,0
1663,1060,287060.96,2022-07-24,2023-06-15,9,2025-01-04,Refinanciado,0
1664,757,456041.06,2020-07-20,2026-05-30,13,2024-09-29,Activo,176
1665,2399,482066.35,2020-11-07,2022-08-15,35,2024-11-04,Activo,0
1666,188,331558.34,2024-04-18,2026-01-13,22,2025-03-29,Activo,0
1667,2382,995900.83,2021-11-24,2025-04-03,11,2025-02-28,Activo,66
1668,483,779244.72,2024-12-01,2027-02-28,11,2025-04-26,Activo,0
1669,1240,707832.24,2023-09-24,2024-11-10,33,2024-10-24,Activo,78
1670,1182,862123.64,2024-03-18,2024-07-27,25,2025-01-22,Activo,0
1671,2715,683098.24,2023-04-02,2024-05-14,5,2025-03-29,Activo,0
1672,296,801431.33,2022-09-29,2027-02-15,14,2024-09-17,Cancelado,38
1673,45,441899.36,2024-08-02,2027-05-26,18,2024-09-19,Activo,0
1674,2543,525353.18,2022-12-18,2027-05-25,22,2025-01-01,Cancelado,0
1675,2043,94646.56,2021-05-18,2026-05-30,35,2025-03-04,Activo,0
1676,175,316614.07,2024-11-15,2026-05-14,12,2024-12-19,Activo,0
1677,1370,399611.79,2021-11-24,2024-10-18,30,2024-11-06,Activo,0
1678,2104,644196.71,2022-03-29,2026-11-22,25,2024-09-26,Activo,0
1679,2389,491000.72,2020-08-04,2026-08-17,17,2024-06-25,En Mora,9
1680,1801,627446.35,2021-09-16,2022-03-03,32,2025-05-24,Activo,0
1681,1910,727660.97,2024-07-31,2027-04-19,31,2024-09-05,Activo,0
1682,1775,90582.73,2021-04-12,2026-03-14,3,2025-05-20,Activo,115
1683,1921,295363.86,2022-06-15,2025-08-18,18,2024-08-05,Activo,0
1684,2262,212358.68,2021-07-31,2024-07-22,6,2024-07-07,Cancelado,0
1685,1523,228082.36,2021-06-28,2022-12-20,34,2025-01-26,Activo,0
1686,758,527969.13,2022-11-02,2027-04-01,25,2025-02-12,En Mora,10
1687,1421,752979.84,2021-03-29,2027-01-17,22,2024-07-25,Activo,112
1688,2598,309138.18,2024-08-08,2025-08-28,33,2025-05-20,Cancelado,0
1689,497,833226.78,2021-01-03,2024-11-28,6,2024-07-14,Activo,56
1690,2221,897833.69,2023-05-04,2026-07-15,10,2025-03-07,Activo,0
1691,105,383007.18,2023-09-16,2026-07-21,7,2024-08-09,En Mora,0
1692,479,697288.71,2023-03-01,2024-09-17,12,2024-11-20,Activo,0
1693,1423,161196.83,2022-03-23,2026-05-15,31,2025-05-17,Cancelado,0
1694,2482,756826.87,2025-03-11,2025-03-23,33,2024-08-12,En Mora,0
1695,2690,206772.68,2021-10-04,2026-04-18,17,2025-01-30,En Mora,0
1696,693,703045.01,2022-05-23,2024-07-17,14,2024-06-02,Cancelado,152
1697,2970,450805.0,2024-06-11,2024-09-16,23,2024-06-04,Activo,0
1698,194,932033.51,2022-01-21,2023-11-20,20,2024-06-04,Cancelado,0
1699,2891,491237.55,2020-10-25,2027-05-24,17,2025-04-08,Activo,176
1700,2849,79357.68,2021-07-04,2027-03-06,13,2024-06-14,Cancelado,0
1701,1490,506635.58,2022-03-23,2024-11-22,18,2025-02-21,En Mora,0
1702,59,805723.81,2022-09-10,2024-09-11,12,2024-07-14,Activo,0
1703,1887,664730.11,2023-03-03,2026-03-06,15,2025-05-11,Activo,0
1704,478,967999.44,2021-08-12,2022-02-09,1,2025-05-08,Activo,95
1705,1127,851108.87,2021-03-07,2026-07-05,33,2024-07-31,En Mora,0
1706,2581,550224.08,2022-01-31,2023-07-15,25,2025-04-01,Activo,178
1707,1969,246194.54,2020-08-28,2024-05-05,21,2025-03-31,Activo,0
1708,592,53585.9,2024-10-30,2025-01-12,19,2024-09-06,Activo,0
1709,839,981477.28,2021-01-18,2027-05-09,28,2025-03-28,Activo,0
1710,1346,941403.71,2020-07-11,2022-11-18,17,2024-07-29,Activo,0
1711,549,310436.79,2021-05-09,2023-12-25,28,2025-02-18,Cancelado,0
1712,221,656305.0,2021-03-05,2022-12-25,26,2024-06-24,Activo,93
1713,876,742777.58,2023-07-18,2026-06-29,34,2024-12-05,Activo,0
1714,2726,599112.79,2021-06-08,2025-05-21,28,2025-05-24,Activo,0
1715,1197,850813.59,2023-08-28,2024-09-30,5,2025-03-19,Activo,41
1716,2710,123933.42,2022-10-24,2025-11-30,24,2025-02-12,Cancelado,0
1717,2732,901669.33,2022-05-20,2022-06-10,20,2025-05-28,Activo,0
1718,336,422418.06,2022-08-30,2025-10-03,30,2024-08-18,Activo,0
1719,225,506655.52,2020-08-27,2024-01-14,15,2024-12-08,Refinanciado,0
1720,2919,472496.97,2021-07-02,2026-11-30,13,2025-01-20,Activo,0
1721,2083,554721.91,2021-06-03,2025-01-21,5,2025-05-07,Activo,175
1722,188,618260.05,2022-06-03,2027-01-20,10,2024-07-11,Activo,0
1723,1248,724826.26,2021-10-05,2024-02-08,26,2025-05-29,Activo,162
1724,2691,548693.32,2022-03-11,2024-07-13,4,2024-08-07,Cancelado,65
1725,963,700534.59,2024-05-01,2024-07-24,14,2024-07-26,Refinanciado,0
1726,494,371382.57,2022-06-08,2025-11-09,15,2025-05-21,Cancelado,0
1727,1887,939846.83,2023-07-12,2023-09-22,17,2025-03-10,En Mora,0
1728,311,111304.47,2020-12-17,2021-12-22,32,2025-04-16,Refinanciado,80
1729,2569,568263.58,2024-05-09,2027-03-31,34,2025-03-26,Cancelado,0
1730,1605,133026.37,2025-05-27,2025-12-23,23,2025-02-04,Activo,0
1731,1564,470628.68,2023-05-27,2026-01-06,34,2025-01-14,Activo,162
1732,369,294703.24,2021-10-07,2022-08-20,6,2024-07-13,Activo,22
1733,746,940058.28,2025-02-15,2026-11-27,13,2024-11-29,Activo,4
1734,2079,62421.62,2024-09-12,2025-11-20,29,2025-03-06,Activo,0
1735,1256,421643.45,2022-02-12,2026-04-08,23,2024-11-27,En Mora,0
1736,998,792940.61,2023-11-25,2027-05-12,14,2025-01-16,Activo,0
1737,497,229038.34,2025-02-25,2025-05-31,12,2024-12-31,En Mora,0
1738,1590,824808.79,2022-05-09,2024-11-11,18,2024-10-08,Activo,0
1739,964,866738.83,2021-05-15,2027-04-03,28,2025-05-20,Activo,107
1740,2005,722602.85,2021-06-06,2022-08-09,21,2024-07-28,Activo,0
1741,1199,248615.72,2023-05-02,2026-05-06,1,2025-04-01,Activo,0
1742,2346,308436.72,2022-09-27,2026-12-08,12,2024-09-14,En Mora,0
1743,1815,208587.99,2024-07-16,2024-12-13,35,2024-06-15,Cancelado,0
1744,1389,224860.55,2022-10-21,2024-11-24,17,2025-02-08,Activo,0
1745,1110,84667.68,2022-04-04,2022-11-13,14,2024-07-17,En Mora,123
1746,577,864449.33,2021-02-28,2022-11-04,34,2024-12-14,Cancelado,0
1747,54,552077.17,2023-06-25,2025-02-25,16,2025-02-20,Activo,0
1748,229,361371.26,2024-03-13,2024-06-12,12,2025-01-10,Activo,0
1749,779,325098.15,2022-03-25,2022-07-09,21,2024-11-17,Activo,0
1750,1558,567461.48,2023-03-05,2026-10-11,20,2025-04-17,Activo,172
1751,985,360350.58,2025-04-04,2026-11-25,25,2025-01-15,Refinanciado,0
1752,373,870532.08,2020-08-04,2023-06-07,3,2025-03-23,Activo,75
1753,469,250409.56,2021-06-23,2022-10-20,6,2025-03-22,Activo,0
1754,2468,888186.7,2024-05-04,2025-02-26,9,2025-03-10,Activo,0
1755,1850,680887.83,2024-01-24,2027-02-03,14,2025-03-10,Cancelado,0
1756,532,958797.76,2021-02-22,2026-09-15,25,2025-02-24,Activo,0
1757,1424,64351.88,2021-03-29,2026-05-29,15,2025-02-24,Activo,0
1758,1208,106140.79,2024-01-17,2025-01-22,33,2024-06-29,Activo,0
1759,562,525849.86,2021-07-19,2023-02-21,16,2024-09-08,Cancelado,0
1760,90,916759.89,2023-03-28,2027-03-05,15,2024-06-16,Cancelado,0
1761,1640,744255.2,2021-03-03,2023-08-13,33,2024-11-23,Refinanciado,0
1762,1407,641029.14,2020-10-29,2024-03-25,28,2024-12-28,Activo,148
1763,369,80022.05,2022-12-01,2023-12-28,17,2024-06-27,Activo,0
1764,1293,386455.6,2023-10-29,2024-05-27,10,2025-06-01,Cancelado,0
1765,15,378560.25,2023-10-21,2025-02-24,11,2025-04-16,Cancelado,0
1766,2392,564981.4,2021-06-18,2025-02-18,1,2024-12-23,Activo,0
1767,1219,294936.39,2020-06-10,2025-09-04,17,2024-10-21,Activo,0
1768,1946,303797.93,2023-04-28,2024-01-18,32,2024-09-17,Activo,0
1769,1060,639817.76,2021-06-26,2025-01-24,8,2024-11-22,Activo,115
1770,917,947339.17,2024-09-15,2024-10-09,14,2024-07-29,Cancelado,143
1771,2253,677170.15,2025-05-27,2026-01-05,27,2024-12-16,Activo,0
1772,1675,684723.62,2024-05-03,2027-04-27,7,2024-06-11,En Mora,0
1773,776,986904.07,2022-03-16,2023-12-03,35,2024-06-23,Activo,0
1774,1081,195804.26,2021-09-23,2023-01-15,7,2025-01-12,Activo,0
1775,1134,82143.04,2020-10-13,2021-03-12,18,2024-07-13,Activo,0
1776,686,758238.25,2023-07-23,2024-07-20,3,2024-08-28,Activo,0
1777,2766,466848.06,2021-09-18,2026-06-12,26,2025-03-12,Cancelado,86
1778,225,457382.19,2021-11-05,2022-01-23,12,2024-12-09,En Mora,100
1779,64,264038.21,2020-12-19,2026-06-11,20,2024-11-13,En Mora,127
1780,1788,531519.89,2021-10-16,2022-01-28,25,2025-01-08,Activo,25
1781,2996,470063.73,2020-11-15,2021-01-02,22,2025-03-13,Activo,7
1782,961,378177.51,2022-09-25,2023-02-12,29,2025-05-27,Activo,0
1783,1376,470607.9,2021-03-07,2025-05-03,30,2025-04-24,Activo,94
1784,2368,414643.03,2022-06-13,2024-11-11,30,2025-05-31,Activo,0
1785,357,942901.54,2020-10-14,2022-08-03,15,2025-02-21,Activo,0
1786,93,981239.07,2021-01-05,2022-12-21,6,2024-08-14,Activo,0
1787,2743,847905.89,2023-12-23,2025-02-26,16,2024-08-23,Activo,0
1788,1324,990893.39,2024-11-22,2027-03-06,23,2024-11-02,Activo,0
1789,1518,302433.46,2022-09-11,2023-12-16,19,2024-07-02,Refinanciado,0
1790,1678,850778.85,2023-07-29,2026-03-25,26,2025-03-18,Activo,0
1791,1413,436297.56,2022-11-19,2025-07-01,1,2024-08-11,Activo,0
1792,1635,758829.58,2023-11-30,2024-07-25,0,2025-02-13,En Mora,0
1793,2482,241323.01,2022-08-07,2022-11-10,33,2024-11-11,Activo,0
1794,1126,821358.29,2024-02-21,2025-10-11,26,2025-01-26,En Mora,0
1795,841,129291.2,2025-04-22,2025-12-20,5,2024-11-07,Cancelado,0
1796,1402,307029.82,2020-11-23,2024-02-10,26,2025-04-21,Activo,142
1797,1607,830854.99,2021-04-22,2021-07-11,15,2024-06-23,Activo,71
1798,898,759801.26,2024-12-06,2026-12-05,34,2025-03-15,Activo,0
1799,2932,526184.42,2021-07-31,2022-07-10,26,2024-09-19,En Mora,0
1800,2826,689153.14,2023-10-12,2024-03-12,34,2024-12-21,Cancelado,46
1801,492,226295.32,2022-05-27,2026-09-06,35,2024-09-05,Activo,170
1802,2861,684375.44,2023-12-27,2025-12-23,27,2024-07-19,Activo,0
1803,1533,57577.36,2023-04-14,2025-02-28,2,2024-09-09,En Mora,0
1804,2440,841555.07,2025-03-02,2027-05-03,30,2024-12-24,Refinanciado,0
1805,1978,540473.23,2022-02-21,2022-04-07,2,2024-08-31,Cancelado,0
1806,1799,946684.53,2023-07-06,2025-08-25,23,2024-09-27,Cancelado,0
1807,1495,504256.05,2020-08-19,2024-09-12,25,2024-07-03,Activo,0
1808,1352,461432.92,2023-07-23,2024-07-27,27,2025-04-15,En Mora,0
1809,2069,477550.17,2025-04-23,2026-07-10,8,2024-08-18,Activo,0
1810,1121,391742.19,2022-01-11,2024-06-09,26,2025-06-01,Activo,114
1811,1839,208341.33,2020-09-17,2026-05-21,2,2024-08-08,Activo,43
1812,2561,849959.59,2021-05-20,2025-03-24,27,2024-12-02,Cancelado,1
1813,2956,419631.14,2023-12-22,2025-01-07,31,2024-12-11,Activo,0
1814,2763,552653.01,2021-10-16,2027-04-29,34,2024-07-07,Cancelado,0
1815,2992,68892.57,2023-03-26,2026-09-06,6,2024-07-22,Activo,99
1816,1664,107241.18,2020-10-31,2023-08-17,6,2025-03-31,En Mora,0
1817,2398,617324.07,2022-11-17,2023-10-19,20,2025-01-02,Activo,0
1818,546,885266.68,2023-10-25,2025-12-15,31,2025-05-24,Refinanciado,0
1819,599,518726.04,2021-11-19,2022-10-13,19,2025-01-08,En Mora,137
1820,2080,206725.85,2022-08-24,2024-05-16,7,2024-12-18,Activo,0
1821,2045,160320.95,2022-07-21,2026-03-02,3,2025-01-18,Activo,43
1822,259,904798.6,2022-10-22,2026-02-22,25,2024-12-03,En Mora,0
1823,476,716555.96,2021-11-28,2026-10-25,14,2024-07-25,Activo,0
1824,2873,967885.78,2022-05-29,2025-03-07,5,2025-01-22,Activo,81
1825,1906,128231.19,2024-01-13,2026-07-25,31,2024-08-08,En Mora,72
1826,920,907482.21,2022-04-25,2022-11-06,4,2024-06-18,En Mora,0
1827,2081,853350.7,2025-05-13,2026-07-02,5,2024-07-29,Activo,6
1828,2947,898525.92,2025-01-20,2026-05-19,2,2025-05-13,Activo,0
1829,388,55474.81,2024-05-29,2024-10-08,28,2025-03-21,En Mora,0
1830,1862,754808.31,2021-10-22,2022-07-10,18,2025-01-16,Cancelado,0
1831,798,571491.21,2025-02-13,2025-11-12,9,2024-06-29,Cancelado,0
1832,2504,594520.46,2022-08-07,2025-11-13,6,2024-10-27,Activo,0
1833,1618,495741.89,2024-03-08,2027-05-22,0,2024-09-09,Cancelado,0
1834,1926,755543.07,2023-12-21,2026-03-12,0,2024-10-27,Activo,0
1835,1816,999847.33,2021-03-05,2025-08-12,16,2025-03-26,Activo,28
1836,1628,725011.44,2023-04-08,2026-02-01,21,2025-05-08,Activo,0
1837,2272,694147.9,2025-01-31,2026-04-13,35,2024-11-26,Cancelado,35
1838,217,671715.83,2023-09-24,2025-06-23,13,2024-06-14,Refinanciado,110
1839,2204,710451.09,2021-07-05,2026-02-27,5,2025-03-19,Refinanciado,0
1840,789,375006.84,2021-03-09,2021-12-20,29,2025-05-29,En Mora,47
1841,1544,354208.76,2021-12-10,2023-03-16,32,2024-11-26,Activo,0
1842,2084,795121.08,2023-04-04,2026-09-28,19,2024-11-27,Activo,59
1843,2684,100433.62,2021-06-13,2026-11-17,15,2024-07-24,Activo,0
1844,2057,771285.35,2023-12-29,2024-02-20,3,2024-11-08,Activo,0
1845,1064,823149.51,2024-07-23,2025-12-12,33,2024-08-18,En Mora,0
1846,2227,545518.06,2022-12-04,2025-05-12,0,2025-05-05,Activo,129
1847,1665,914640.69,2023-10-30,2026-04-19,12,2024-11-30,En Mora,83
1848,2549,499433.07,2023-05-15,2023-08-12,7,2025-02-13,Activo,0
1849,373,219182.33,2023-07-03,2025-02-21,21,2024-12-15,Cancelado,0
1850,970,393328.72,2020-12-08,2023-09-18,3,2024-06-15,Activo,0
1851,1690,910574.13,2020-06-03,2021-02-12,33,2024-06-04,Activo,0
1852,1448,994051.37,2023-11-15,2024-01-14,22,2024-10-14,Activo,0
1853,515,450761.27,2021-05-26,2026-06-24,19,2024-06-30,Activo,163
1854,364,208504.22,2024-06-20,2026-01-10,23,2024-07-08,Activo,0
1855,1914,322012.82,2020-09-19,2022-08-02,26,2024-10-01,Activo,13
1856,2825,575631.53,2023-01-19,2026-07-22,12,2024-10-29,Activo,0
1857,1952,593491.12,2025-04-28,2026-05-25,4,2024-07-30,Activo,36
1858,1475,648556.44,2022-01-08,2023-03-21,15,2025-04-07,Cancelado,0
1859,1540,843585.7,2020-08-26,2027-04-03,28,2025-02-25,Cancelado,0
1860,774,725653.44,2020-08-21,2027-03-22,25,2024-08-13,Activo,0
1861,329,297798.22,2022-01-26,2026-08-20,21,2024-06-25,Cancelado,0
1862,794,425291.86,2024-11-03,2026-01-01,23,2024-11-22,Cancelado,91
1863,962,847825.75,2024-07-10,2025-01-26,12,2024-11-25,En Mora,174
1864,2418,651713.54,2023-11-10,2024-08-28,20,2025-03-04,Activo,0
1865,597,208097.15,2025-04-30,2026-11-19,0,2025-02-06,Activo,0
1866,1878,359261.86,2022-06-28,2023-07-18,3,2024-07-24,Cancelado,0
1867,1411,801536.37,2021-01-31,2022-09-15,2,2025-01-13,Activo,0
1868,1138,213489.42,2022-09-09,2026-12-22,22,2025-02-09,Activo,101
1869,571,706498.12,2024-06-27,2025-07-30,15,2024-11-04,Activo,0
1870,1062,585359.71,2024-11-07,2025-12-21,12,2024-12-12,Activo,39
1871,1569,190101.16,2021-09-18,2022-08-19,30,2025-02-24,Cancelado,0
1872,377,704434.98,2023-10-10,2024-10-26,23,2025-01-13,Cancelado,0
1873,2148,185231.52,2023-12-06,2026-12-20,14,2024-11-02,Activo,0
1874,1837,428513.8,2022-02-01,2025-05-21,4,2024-09-27,Activo,0
1875,2864,343131.93,2021-03-23,2022-03-05,21,2025-05-18,Activo,0
1876,1964,705509.46,2023-02-26,2026-02-25,21,2024-10-05,Activo,0
1877,2166,793244.24,2023-01-07,2026-12-07,10,2025-05-05,Activo,0
1878,2469,209900.75,2024-11-21,2027-04-16,23,2024-11-29,Cancelado,117
1879,1267,821396.91,2021-12-21,2022-01-31,9,2024-07-06,Activo,0
1880,541,56853.35,2021-02-10,2022-06-20,33,2024-11-21,Activo,0
1881,1251,553555.62,2024-05-11,2025-10-23,10,2024-11-07,Activo,12
1882,1876,540949.45,2021-10-11,2022-12-21,28,2024-09-19,Activo,18
1883,1237,642630.36,2023-02-05,2024-02-28,21,2024-06-30,Activo,0
1884,2978,277715.5,2022-05-22,2023-08-26,32,2025-04-14,Activo,0
1885,2747,59363.99,2022-12-01,2024-12-26,7,2025-02-25,Activo,0
1886,113,482024.77,2024-05-01,2026-06-19,31,2024-11-29,Cancelado,0
1887,373,117835.9,2022-01-10,2022-08-21,22,2025-02-22,Activo,0
1888,2347,897584.19,2024-09-17,2026-06-29,4,2024-10-28,Activo,0
1889,1697,214983.01,2022-09-25,2026-02-14,30,2025-05-25,Refinanciado,0
1890,1043,453971.32,2024-09-20,2027-04-21,28,2024-09-02,En Mora,0
1891,776,462300.37,2024-06-28,2024-10-29,5,2024-08-28,Activo,157
1892,671,575221.42,2022-11-01,2024-11-28,24,2024-08-20,Activo,137
1893,11,793405.73,2020-12-28,2021-04-08,24,2025-02-18,Cancelado,0
1894,8,498540.74,2022-10-19,2023-06-29,30,2025-04-19,En Mora,0
1895,1574,74465.6,2023-12-25,2025-08-06,13,2024-07-14,Activo,0
1896,1397,782554.89,2025-01-03,2025-09-15,16,2025-05-08,Activo,0
1897,461,128064.65,2021-05-08,2022-03-10,15,2024-11-24,Activo,56
1898,2303,659475.63,2020-10-19,2023-12-15,27,2024-09-06,Activo,94
1899,2634,813258.03,2024-04-15,2025-09-30,8,2025-05-25,En Mora,0
1900,1352,318555.66,2021-08-14,2022-09-07,1,2025-05-22,Activo,0
1901,362,476651.16,2020-07-22,2025-12-30,3,2024-12-31,Activo,0
1902,1398,63619.05,2023-02-01,2024-05-14,19,2024-09-25,Activo,11
1903,788,813681.44,2020-11-09,2023-01-28,35,2024-11-16,Activo,170
1904,209,718098.04,2021-04-07,2023-08-04,5,2024-09-16,Activo,0
1905,267,269818.02,2023-10-14,2025-01-22,0,2024-06-03,Activo,0
1906,656,420714.89,2021-11-30,2023-04-26,2,2025-02-18,Cancelado,0
1907,997,710550.68,2023-11-10,2025-03-19,2,2024-10-23,Cancelado,0
1908,554,390254.97,2024-11-15,2026-12-11,32,2024-09-16,Activo,0
1909,2784,204294.04,2023-01-04,2024-04-17,14,2024-09-23,Activo,0
1910,1530,542580.25,2024-05-04,2025-01-01,3,2024-06-24,Activo,0
1911,1588,737389.19,2020-11-16,2026-07-18,14,2025-05-28,Refinanciado,0
1912,421,354769.03,2023-02-15,2027-01-19,6,2025-03-04,Cancelado,135
1913,2356,165683.66,2022-05-30,2027-01-02,3,2024-10-08,Activo,0
1914,2185,838066.95,2022-07-26,2026-04-07,2,2024-10-31,Activo,106
1915,1443,290161.77,2021-02-13,2026-03-27,22,2024-10-30,En Mora,0
1916,2243,537174.21,2024-06-17,2025-01-06,13,2024-11-26,Activo,79
1917,1119,706775.99,2024-01-07,2024-04-06,5,2024-09-27,Refinanciado,0
1918,1514,351221.44,2024-01-02,2025-04-09,32,2025-05-18,Refinanciado,0
1919,1927,666204.71,2021-10-22,2025-08-04,8,2024-07-05,Cancelado,0
1920,1049,486724.03,2024-02-02,2027-05-30,11,2025-01-16,Activo,0
1921,1256,591914.82,2023-11-14,2024-03-29,34,2025-05-08,Activo,0
1922,2654,611047.3,2023-06-25,2025-03-09,30,2024-08-06,Activo,0
1923,2910,832943.15,2020-12-28,2023-07-22,2,2025-02-13,Cancelado,0
1924,221,673509.96,2022-02-05,2022-10-26,35,2025-03-30,Activo,113
1925,2345,301091.36,2024-10-25,2027-04-21,12,2024-08-01,Activo,141
1926,1227,106624.12,2025-04-04,2026-09-14,12,2025-05-03,Activo,0
1927,1972,51886.27,2024-05-02,2025-12-30,33,2024-10-09,Activo,98
1928,343,909196.52,2023-09-11,2025-09-10,20,2025-01-29,Refinanciado,0
1929,593,945004.55,2020-11-27,2023-12-07,33,2025-04-17,Cancelado,0
1930,1229,139405.91,2025-03-11,2025-05-06,27,2024-12-25,Cancelado,0
1931,1985,512700.94,2023-08-26,2024-05-23,34,2024-12-16,Cancelado,0
1932,892,194015.44,2023-08-11,2027-02-16,13,2024-10-15,Activo,0
1933,2125,951311.63,2023-01-11,2024-04-11,17,2025-02-13,En Mora,84
1934,1574,284490.89,2024-11-15,2025-04-06,18,2024-08-09,Activo,0
1935,707,526564.74,2021-02-22,2025-04-26,18,2025-05-22,Activo,0
1936,2000,207339.18,2021-05-24,2021-08-25,32,2025-05-24,Activo,0
1937,1066,366123.03,2022-01-26,2022-05-15,34,2025-04-17,Cancelado,0
1938,1206,303466.04,2023-02-22,2023-07-19,19,2024-06-18,Activo,0
1939,757,501654.74,2025-03-29,2026-11-24,28,2025-04-01,En Mora,0
1940,1219,448792.86,2024-04-12,2026-04-28,7,2024-08-07,En Mora,0
1941,2638,364257.9,2023-08-29,2026-06-21,24,2025-01-30,Activo,65
1942,1856,150583.74,2024-05-17,2025-11-21,16,2025-05-17,Activo,0
1943,2000,510262.67,2024-08-18,2025-04-26,0,2024-07-20,Cancelado,0
1944,2436,857697.62,2021-05-07,2022-12-07,29,2025-02-01,Activo,161
1945,2975,743712.17,2025-03-22,2026-09-02,27,2024-07-06,Cancelado,0
1946,2685,734546.14,2024-01-27,2024-07-24,32,2024-10-30,Activo,44
1947,2189,397787.15,2020-07-08,2027-04-14,12,2024-08-25,Cancelado,96
1948,1345,722998.13,2025-01-06,2026-09-18,23,2025-04-10,Cancelado,0
1949,448,492254.91,2022-12-15,2027-01-07,21,2024-11-08,Activo,0
1950,1817,192762.29,2023-06-13,2024-03-14,12,2024-09-16,Activo,0
1951,2341,448097.26,2024-05-31,2024-10-15,11,2025-03-17,Activo,0
1952,1778,176101.7,2021-04-19,2027-04-17,6,2025-03-27,Activo,0
1953,2763,158758.68,2021-12-22,2025-09-24,35,2025-04-24,En Mora,0
1954,2505,71906.34,2024-10-29,2025-09-21,28,2024-10-19,Activo,75
1955,2940,318711.59,2022-11-18,2026-04-18,28,2025-01-19,Cancelado,0
1956,839,364331.05,2025-01-23,2027-01-13,25,2024-11-17,Cancelado,0
1957,2702,714471.53,2025-05-19,2025-11-03,26,2024-10-27,En Mora,0
1958,1630,561104.55,2023-07-08,2024-05-01,23,2024-12-20,Activo,0
1959,664,865527.23,2022-03-17,2025-02-19,30,2024-10-17,Activo,0
1960,765,217647.1,2023-05-27,2025-12-08,6,2024-12-23,Cancelado,0
1961,176,302658.81,2020-10-18,2023-10-11,16,2024-08-27,Cancelado,134
1962,510,944022.31,2023-06-21,2025-07-02,32,2024-08-19,Activo,0
1963,2753,471842.99,2020-06-12,2021-01-13,33,2024-11-13,Activo,0
1964,1190,799598.4,2021-09-11,2025-12-30,17,2025-04-08,Activo,0
1965,602,517559.27,2024-07-28,2025-07-24,4,2024-12-12,Cancelado,0
1966,838,497531.37,2022-03-25,2027-03-03,0,2024-12-27,En Mora,0
1967,1002,190710.47,2021-03-23,2022-10-09,6,2024-06-01,Activo,0
1968,2099,858639.63,2021-07-06,2026-06-10,33,2025-05-08,En Mora,76
1969,2734,124437.52,2021-10-11,2023-02-24,2,2024-11-18,Activo,0
1970,2314,344748.04,2021-02-12,2025-11-20,35,2024-11-15,En Mora,127
1971,1111,689794.67,2021-10-21,2025-10-17,34,2024-10-05,Cancelado,111
1972,2654,531894.67,2024-05-19,2026-05-07,11,2024-11-09,Cancelado,0
1973,2045,887309.41,2022-10-12,2023-01-09,14,2024-08-13,En Mora,97
1974,585,87333.06,2025-01-05,2027-01-08,3,2024-10-23,Activo,107
1975,2387,666937.14,2022-09-16,2027-01-17,32,2024-07-17,Cancelado,46
1976,1096,503592.2,2024-08-12,2024-12-31,15,2024-09-14,Cancelado,0
1977,374,196596.23,2022-09-08,2025-09-12,28,2024-08-07,En Mora,150
1978,580,756089.31,2024-02-16,2027-03-06,5,2025-02-08,Activo,71
1979,517,440741.51,2020-07-21,2020-10-26,22,2024-11-24,Activo,0
1980,1262,555002.81,2024-06-28,2024-09-15,12,2025-05-07,Activo,0
1981,121,968902.76,2022-03-09,2026-05-27,0,2024-08-06,Activo,0
1982,1437,511918.58,2025-03-13,2026-01-14,11,2024-11-04,Activo,0
1983,1747,832204.22,2020-06-24,2020-12-26,26,2024-12-10,Activo,0
1984,2885,781098.65,2024-10-27,2027-01-01,24,2024-09-20,Cancelado,0
1985,2618,679616.86,2025-01-09,2026-12-24,21,2024-12-10,En Mora,0
1986,43,901971.54,2021-03-27,2025-03-04,33,2024-06-26,Activo,0
1987,1528,289021.56,2020-11-25,2024-09-01,17,2024-11-15,Activo,0
1988,2043,829732.67,2025-01-31,2027-01-16,15,2024-08-21,Refinanciado,53
1989,2120,408898.11,2020-11-10,2022-03-13,28,2024-10-03,Activo,0
1990,2139,821866.35,2024-02-06,2024-06-03,29,2025-03-12,Refinanciado,0
1991,491,519099.25,2021-01-10,2026-11-05,29,2024-10-06,En Mora,0
1992,1850,864823.79,2023-03-17,2027-05-10,19,2025-03-13,Activo,22
1993,749,900101.36,2024-03-19,2026-11-26,21,2025-05-29,Cancelado,0
1994,383,617761.68,2023-01-26,2026-05-29,33,2025-05-10,Activo,0
1995,805,532245.61,2022-04-29,2026-09-16,3,2025-02-11,Activo,156
1996,1490,794116.14,2020-08-13,2025-08-05,30,2025-04-03,Cancelado,0
1997,1178,303636.89,2024-02-09,2024-10-24,13,2025-04-27,Cancelado,0
1998,2218,64581.25,2022-12-06,2024-12-31,7,2025-02-24,Cancelado,0
1999,1296,436739.85,2021-12-25,2025-11-23,4,2024-09-02,Cancelado,23
2000,918,532385.43,2021-10-04,2025-01-22,7,2025-01-28,En Mora,0
2001,151,332399.58,2022-12-11,2023-05-02,10,2025-01-27,En Mora,0
2002,431,414193.79,2022-12-09,2025-01-18,28,2024-10-07,Cancelado,0
2003,2499,176405.32,2025-05-08,2025-07-14,20,2024-12-03,En Mora,0
2004,2691,313425.41,2022-08-18,2024-02-12,12,2024-11-25,Activo,56
2005,2828,278090.58,2022-01-01,2024-02-19,18,2025-02-28,En Mora,166
2006,2071,335937.51,2022-08-20,2026-12-17,2,2024-12-16,Activo,37
2007,2415,334101.41,2022-01-12,2023-12-01,33,2024-09-06,Activo,0
2008,651,581019.95,2022-07-10,2027-05-04,18,2024-10-27,Activo,0
2009,820,288067.09,2021-07-17,2026-05-22,31,2024-07-11,Activo,136
2010,2287,943913.2,2022-09-07,2023-01-01,35,2025-05-09,Activo,0
2011,2482,535711.09,2022-07-31,2024-02-15,13,2025-05-21,Activo,0
2012,2752,172517.71,2024-01-14,2026-01-05,6,2025-03-01,Activo,0
2013,942,315625.96,2024-03-08,2025-02-02,19,2025-05-28,Activo,0
2014,541,743269.62,2022-11-13,2026-06-22,31,2024-07-01,Activo,0
2015,2681,62976.09,2024-04-11,2027-04-06,30,2024-10-14,Cancelado,84
2016,2246,940927.09,2022-07-08,2022-07-28,21,2024-07-11,Cancelado,0
2017,1710,472918.08,2022-09-05,2025-06-12,4,2024-11-15,Activo,0
2018,2530,545025.07,2024-01-15,2026-04-14,30,2025-04-12,Cancelado,0
2019,1203,988991.62,2020-09-24,2024-09-01,14,2025-02-18,Activo,142
2020,869,528232.93,2022-10-30,2025-08-12,16,2025-01-22,Activo,162
2021,2571,950356.79,2025-03-02,2025-09-22,18,2025-02-20,Cancelado,0
2022,651,919469.56,2021-05-23,2027-05-30,9,2025-05-22,Cancelado,0
2023,437,944249.75,2021-03-03,2024-10-29,33,2025-04-25,En Mora,0
2024,1789,821754.4,2024-05-08,2025-02-07,24,2024-09-08,Activo,0
2025,2905,331578.18,2025-05-15,2025-07-29,27,2024-09-21,Activo,0
2026,314,379063.36,2021-11-13,2023-09-21,14,2025-05-26,Activo,0
2027,19,396734.86,2023-05-09,2026-06-17,19,2024-07-10,Activo,0
2028,1184,980221.8,2021-05-27,2026-11-24,12,2025-04-26,Activo,0
2029,818,392717.73,2023-01-06,2025-06-20,19,2025-04-09,Activo,0
2030,122,153254.84,2021-04-17,2022-07-09,30,2025-04-05,Activo,144
2031,2120,789412.45,2020-08-07,2025-04-04,17,2024-09-22,Activo,0
2032,1079,397760.13,2021-06-09,2025-06-10,27,2024-11-24,Activo,0
2033,2508,639889.12,2020-11-14,2022-05-31,3,2024-07-04,Activo,0
2034,169,928142.39,2020-11-05,2025-05-22,23,2024-12-19,Activo,0
2035,2630,596730.3,2022-10-02,2025-09-01,8,2025-02-05,Refinanciado,0
2036,1173,655815.17,2023-11-26,2025-08-12,31,2024-11-29,En Mora,0
2037,629,660719.44,2024-08-22,2025-01-15,31,2024-06-05,Activo,0
2038,26,631779.23,2021-09-21,2024-11-17,20,2024-07-26,Activo,0
2039,1272,201780.91,2022-01-28,2025-08-17,26,2025-03-19,Activo,0
2040,2769,483594.64,2021-02-23,2026-08-14,35,2024-06-26,Activo,0
2041,1947,57280.82,2022-01-04,2023-10-03,7,2024-12-25,Activo,0
2042,1730,644951.56,2023-11-11,2025-10-16,18,2024-08-01,Activo,0
2043,1857,596590.38,2022-12-16,2025-06-05,28,2024-10-25,Activo,0
2044,1034,352230.36,2023-06-13,2027-05-12,18,2024-06-12,Activo,27
2045,1119,547700.73,2024-11-13,2026-08-17,4,2024-11-29,Activo,78
2046,2169,518404.89,2023-01-05,2025-04-03,21,2025-05-09,Refinanciado,0
2047,126,288369.46,2025-04-21,2026-03-21,34,2025-03-08,Activo,143
2048,2597,328623.17,2021-12-25,2022-06-10,9,2025-02-27,Refinanciado,0
2049,1093,774413.95,2021-01-20,2024-08-03,14,2024-11-05,En Mora,0
2050,2345,767945.7,2021-02-07,2024-12-04,1,2024-06-04,Activo,135
2051,686,496293.04,2023-02-26,2026-03-27,21,2024-08-06,Activo,0
2052,973,731633.5,2024-11-13,2026-01-18,34,2024-12-17,Activo,0
2053,635,478261.22,2021-01-12,2025-06-01,18,2024-12-29,Activo,119
2054,2430,858805.33,2023-08-27,2026-08-18,11,2024-10-05,Activo,46
2055,2008,366166.35,2023-06-14,2025-03-26,33,2025-02-11,Activo,80
2056,1051,930927.87,2021-09-11,2025-05-30,19,2025-01-26,Activo,0
2057,705,565169.47,2022-07-02,2024-03-20,6,2025-06-01,Activo,104
2058,2545,558903.47,2022-06-14,2026-05-09,23,2025-04-16,Activo,0
2059,2900,687269.87,2023-07-18,2025-02-11,2,2024-08-02,Cancelado,23
2060,707,373813.21,2023-10-26,2027-03-02,5,2024-12-22,Cancelado,0
2061,1632,738113.09,2022-12-15,2026-09-26,32,2025-01-07,Cancelado,0
2062,2028,354403.85,2025-02-15,2026-03-25,33,2024-06-18,Activo,0
2063,2169,427661.89,2022-05-21,2022-12-06,32,2024-11-06,Activo,0
2064,2009,690968.26,2024-07-14,2025-02-02,28,2025-01-19,Activo,0
2065,626,409526.65,2024-01-25,2025-06-05,22,2025-02-11,Cancelado,0
2066,526,239975.42,2024-02-01,2026-01-04,3,2024-08-31,Cancelado,0
2067,1598,878306.39,2021-02-18,2024-10-23,4,2024-10-04,Activo,5
2068,1067,926047.61,2022-12-12,2025-02-07,33,2024-09-17,En Mora,0
2069,1947,645394.5,2020-12-26,2023-04-24,15,2025-05-05,Cancelado,0
2070,2800,820593.23,2024-06-14,2025-08-09,2,2024-09-01,En Mora,0
2071,96,987319.74,2023-07-31,2027-02-23,13,2025-05-25,Cancelado,40
2072,2075,634036.01,2021-07-06,2022-02-15,32,2025-04-12,Activo,112
2073,836,913353.01,2024-09-11,2025-08-07,27,2025-03-03,Activo,0
2074,1919,391292.01,2023-10-10,2026-07-07,14,2024-11-28,Activo,172
2075,1266,715448.81,2021-07-19,2025-10-15,3,2024-06-06,En Mora,0
2076,2535,103015.19,2023-02-06,2023-05-23,19,2024-07-05,Refinanciado,0
2077,1995,799522.98,2020-12-31,2024-04-10,24,2025-03-15,Cancelado,0
2078,240,838312.99,2024-02-02,2026-01-31,34,2025-03-20,Activo,0
2079,1328,431116.66,2024-08-10,2025-11-11,21,2025-02-28,Activo,0
2080,2115,657007.27,2021-11-03,2021-11-24,34,2024-10-31,En Mora,0
2081,1143,865443.05,2021-06-01,2027-04-04,27,2025-01-08,Activo,0
2082,1416,889427.76,2022-12-09,2025-01-02,9,2025-01-22,Activo,0
2083,2279,151204.95,2022-02-03,2024-07-22,15,2024-08-26,En Mora,0
2084,2399,836113.36,2020-10-10,2020-10-18,22,2024-12-20,Activo,153
2085,761,310531.18,2024-10-20,2025-01-26,18,2025-01-18,Cancelado,57
2086,1553,740941.55,2020-12-18,2024-04-16,0,2025-03-14,Activo,69
2087,863,358905.95,2022-09-22,2026-02-21,0,2025-02-12,Activo,0
2088,1156,103513.19,2020-12-04,2025-12-01,25,2025-04-21,Activo,0
2089,357,249377.17,2024-08-15,2025-10-22,33,2024-06-12,En Mora,141
2090,1672,438238.19,2023-06-11,2023-07-14,1,2024-06-29,En Mora,163
2091,1329,754167.19,2021-01-01,2025-12-29,27,2024-06-17,Activo,145
2092,1030,145668.45,2021-06-26,2023-07-13,19,2025-03-23,Activo,0
2093,2377,822287.42,2024-03-31,2026-01-10,26,2024-11-11,Activo,0
2094,1992,997103.54,2022-07-15,2025-12-24,27,2025-01-06,En Mora,0
2095,2959,798844.76,2024-09-17,2026-04-14,30,2024-11-04,Activo,0
2096,2386,500049.69,2022-07-08,2023-07-03,6,2025-03-07,Activo,125
2097,882,589752.2,2023-06-16,2026-10-29,7,2024-06-16,Activo,0
2098,539,55852.48,2021-02-05,2024-02-21,31,2024-08-09,Cancelado,0
2099,737,248810.15,2024-05-27,2025-08-31,10,2024-08-24,Activo,0
2100,1858,904038.72,2024-10-07,2025-04-27,25,2024-12-21,Activo,0
2101,1531,70642.93,2024-01-22,2024-03-29,24,2024-12-01,Activo,0
2102,1770,909555.21,2021-08-24,2024-08-18,6,2024-10-21,Activo,68
2103,443,157589.98,2025-01-25,2027-02-08,19,2025-05-16,Activo,0
2104,924,176420.42,2024-02-05,2026-11-06,29,2025-01-31,Activo,0
2105,2968,216582.42,2022-02-18,2025-03-21,0,2024-10-13,Activo,0
2106,2099,809416.06,2020-07-09,2026-01-17,17,2025-03-30,Cancelado,0
2107,2197,504277.25,2024-12-17,2025-08-01,7,2024-12-20,Cancelado,0
2108,1951,187936.8,2022-01-30,2022-06-07,28,2024-11-18,Activo,0
2109,1611,702461.73,2020-12-07,2022-11-04,21,2024-07-12,Activo,0
2110,1842,943653.95,2023-07-15,2026-08-16,31,2024-11-06,En Mora,131
2111,368,593828.9,2023-10-21,2024-03-13,13,2025-05-22,Activo,0
2112,580,143765.01,2020-06-14,2022-08-30,1,2024-06-26,Refinanciado,0
2113,1771,102013.08,2025-02-20,2027-05-06,34,2025-02-10,Cancelado,160
2114,656,806078.74,2024-09-22,2026-04-13,6,2024-10-16,Activo,101
2115,2124,644779.47,2020-06-27,2024-03-05,2,2024-09-07,Activo,64
2116,227,926524.47,2021-07-06,2022-03-03,14,2025-04-11,Activo,0
2117,959,569887.64,2022-03-18,2023-06-14,33,2024-09-14,Cancelado,83
2118,592,109275.63,2021-11-18,2025-03-23,21,2025-01-31,En Mora,0
2119,24,433502.51,2023-06-06,2024-03-19,17,2024-08-30,Activo,0
2120,1763,675091.15,2024-03-11,2026-10-03,17,2024-07-29,En Mora,174
2121,2076,415641.08,2023-03-24,2027-03-25,33,2024-08-07,Activo,0
2122,2169,999611.83,2020-07-22,2021-02-28,35,2025-01-02,Activo,133
2123,1514,435109.68,2021-10-17,2025-04-19,17,2024-11-13,Activo,0
2124,853,568924.32,2022-02-21,2022-07-15,28,2024-08-01,Activo,0
2125,2672,264122.43,2023-01-12,2024-03-31,11,2024-11-28,Activo,0
2126,2938,194531.29,2020-11-27,2025-11-15,17,2024-08-16,En Mora,127
2127,1369,663040.26,2023-06-05,2024-12-10,30,2025-05-06,Activo,0
2128,2023,609182.11,2024-11-07,2026-02-21,14,2025-05-05,En Mora,0
2129,2079,54121.91,2025-04-18,2025-12-29,29,2024-10-17,Cancelado,0
2130,1679,320542.46,2020-08-26,2026-01-02,35,2024-10-06,Activo,48
2131,2918,661400.59,2021-11-22,2024-12-23,27,2024-12-11,Activo,28
2132,50,821636.88,2023-08-22,2026-04-29,14,2025-04-28,Activo,0
2133,2774,346750.22,2023-09-17,2026-07-28,32,2025-05-25,Activo,0
2134,1916,665064.55,2020-09-19,2024-02-22,1,2024-10-08,Refinanciado,0
2135,2437,301995.03,2021-03-05,2027-03-24,7,2025-04-20,En Mora,163
2136,2992,705860.9,2023-06-05,2024-10-26,32,2025-05-18,Activo,45
2137,1805,713050.6,2024-08-11,2026-11-28,34,2025-04-25,Activo,5
2138,1731,173712.29,2021-03-28,2022-08-18,17,2025-02-01,Cancelado,0
2139,1790,681835.29,2024-03-10,2026-03-05,25,2025-01-18,Activo,114
2140,1015,366888.82,2020-07-28,2023-08-16,20,2025-02-09,Activo,0
2141,2523,213965.19,2024-11-20,2025-07-03,27,2024-10-24,Activo,0
2142,2804,525343.17,2022-12-10,2026-11-11,19,2024-12-26,Activo,0
2143,2651,479681.85,2020-08-18,2026-07-21,19,2025-01-09,Activo,0
2144,2974,785181.07,2021-05-25,2024-10-07,3,2025-05-20,En Mora,0
2145,1030,130289.73,2023-12-16,2026-01-25,35,2025-05-27,Activo,0
2146,2841,800265.61,2023-06-10,2026-11-07,33,2024-07-30,Activo,0
2147,412,150778.24,2024-08-01,2025-11-10,12,2024-11-07,Activo,0
2148,1982,247086.08,2020-10-29,2023-10-03,30,2024-10-12,Activo,0
2149,662,540088.01,2021-03-24,2024-01-10,6,2024-09-22,Activo,0
2150,1348,490015.87,2021-03-05,2024-07-25,16,2025-01-03,Activo,75
2151,1306,989416.03,2024-04-05,2026-11-14,11,2024-07-10,Activo,0
2152,191,610000.03,2023-11-20,2024-02-14,29,2025-01-08,Cancelado,119
2153,2834,361063.82,2025-02-13,2026-10-03,33,2025-06-01,Cancelado,0
2154,585,905141.43,2020-11-08,2021-07-07,21,2024-12-10,Refinanciado,0
2155,959,346604.21,2022-01-15,2023-10-24,20,2025-05-21,En Mora,0
2156,1854,310086.85,2022-09-17,2026-05-31,8,2024-08-25,En Mora,0
2157,500,519653.21,2024-10-08,2025-11-17,11,2024-07-30,En Mora,0
2158,580,917516.05,2024-09-12,2026-06-26,16,2025-05-16,Cancelado,58
2159,816,723088.54,2023-12-04,2026-07-02,15,2024-09-10,Cancelado,0
2160,1477,693609.05,2024-05-17,2026-03-12,4,2025-03-17,Activo,0
2161,1517,739773.4,2023-07-13,2024-12-11,18,2024-06-23,En Mora,0
2162,1670,676658.58,2024-10-27,2027-03-31,27,2025-03-17,Activo,0
2163,2038,771806.54,2023-02-10,2025-05-05,16,2024-10-10,En Mora,0
2164,1331,233123.92,2025-05-04,2027-06-01,21,2025-03-31,En Mora,0
2165,780,218395.37,2024-06-26,2026-06-01,34,2024-09-20,Cancelado,0
2166,2991,394055.18,2020-09-22,2023-05-02,14,2024-07-11,Cancelado,76
2167,1150,858411.79,2021-09-20,2023-03-30,18,2025-03-30,Activo,0
2168,2313,728731.5,2022-04-16,2026-01-18,25,2024-06-26,Cancelado,0
2169,7,588149.68,2022-08-20,2025-02-22,34,2024-07-18,Refinanciado,0
2170,1437,68475.07,2022-08-22,2024-02-12,22,2024-09-12,Refinanciado,0
2171,695,274012.17,2023-11-01,2025-06-01,9,2024-08-01,Activo,129
2172,992,813338.25,2022-02-19,2027-04-22,21,2024-12-12,Activo,16
2173,1467,280362.36,2020-09-26,2023-11-14,10,2024-07-03,Activo,0
2174,1976,743775.69,2023-04-01,2027-03-07,25,2024-10-30,Activo,0
2175,2966,225402.55,2021-07-31,2026-05-06,0,2024-07-08,Activo,138
2176,748,626049.18,2024-09-13,2026-12-17,35,2025-04-21,Activo,0
2177,146,646800.8,2021-07-23,2024-06-25,20,2024-12-18,Refinanciado,0
2178,2289,764367.91,2025-02-26,2026-03-28,7,2024-11-09,En Mora,0
2179,857,466425.28,2020-12-09,2025-09-02,19,2024-06-17,Cancelado,0
2180,287,651040.96,2020-07-21,2020-09-26,16,2024-08-28,Activo,109
2181,952,512621.3,2024-10-16,2027-01-07,14,2024-11-06,Activo,81
2182,26,949971.14,2024-07-05,2026-12-26,20,2025-04-15,Activo,0
2183,452,545786.69,2022-06-06,2022-08-12,0,2024-11-27,Activo,0
2184,2154,249117.99,2021-07-31,2024-06-21,2,2025-03-06,Cancelado,0
2185,240,684497.92,2022-03-06,2025-05-21,30,2024-11-21,Activo,13
2186,332,571043.96,2021-08-25,2023-07-08,30,2024-09-01,Activo,22
2187,2960,813638.02,2022-08-13,2022-09-02,20,2025-01-31,Activo,0
2188,1915,218066.02,2022-04-15,2026-07-23,22,2024-10-01,Cancelado,52
2189,1066,297892.62,2022-02-21,2025-06-23,16,2025-05-19,Activo,0
2190,645,925547.65,2025-02-14,2025-06-20,21,2025-01-28,Refinanciado,0
2191,1853,933524.81,2023-06-12,2026-09-21,21,2025-05-12,En Mora,0
2192,35,470143.93,2025-04-13,2026-08-09,35,2024-07-08,Cancelado,0
2193,2924,95363.62,2020-07-11,2022-10-11,7,2025-01-23,Activo,0
2194,2432,341227.32,2021-03-31,2023-04-11,7,2024-09-27,Activo,0
2195,811,284766.52,2024-06-06,2026-08-27,13,2024-12-14,Activo,0
2196,1312,443943.01,2023-07-17,2026-09-03,23,2024-09-04,Activo,0
2197,2796,351910.59,2021-08-02,2024-02-22,21,2025-03-28,Cancelado,0
2198,1895,837542.73,2021-07-26,2025-04-07,14,2025-03-19,En Mora,0
2199,1057,52884.22,2021-03-22,2022-06-23,19,2024-07-09,Activo,0
2200,2143,662400.26,2020-10-17,2024-01-10,26,2025-06-01,Activo,0
2201,205,681056.71,2022-10-21,2023-05-06,27,2024-08-25,Cancelado,59
2202,2882,677595.25,2022-08-21,2024-03-31,21,2025-05-03,Cancelado,0
2203,2078,544564.95,2023-09-13,2027-03-25,30,2024-09-14,Cancelado,0
2204,2314,630548.87,2021-03-03,2025-10-11,8,2024-10-31,Activo,0
2205,2071,819969.6,2021-05-08,2022-08-26,22,2025-05-27,Cancelado,0
2206,2657,794986.94,2024-03-06,2025-06-27,4,2024-12-24,Activo,0
2207,39,82894.11,2022-06-09,2026-08-26,16,2024-09-09,Activo,0
2208,173,78914.71,2024-04-07,2026-01-04,4,2025-01-17,Activo,0
2209,760,846997.57,2025-03-03,2025-12-31,6,2024-06-08,Cancelado,0
2210,1915,595993.2,2023-08-28,2025-06-22,7,2024-07-22,Activo,0
2211,414,959555.97,2021-11-08,2023-08-03,6,2024-07-21,Activo,0
2212,692,460012.02,2022-08-15,2027-01-24,21,2025-05-07,En Mora,0
2213,2663,217904.73,2020-06-18,2022-07-30,20,2025-01-15,En Mora,0
2214,2257,499573.17,2025-02-11,2025-06-14,3,2024-07-22,Activo,0
2215,22,464717.09,2023-08-18,2023-09-29,31,2024-11-07,Cancelado,8
2216,2053,541318.51,2020-06-01,2023-08-05,28,2024-11-07,Activo,0
2217,2699,817549.87,2024-08-16,2026-10-17,29,2025-03-05,Activo,47
2218,214,672804.79,2021-09-30,2023-09-20,2,2025-01-16,Cancelado,0
2219,1696,226011.56,2024-01-07,2025-08-17,4,2024-08-17,Activo,0
2220,920,747753.39,2020-12-12,2024-10-07,18,2025-03-23,Cancelado,0
2221,907,612301.4,2024-04-21,2025-01-06,7,2024-11-27,Activo,0
2222,2720,599395.19,2021-09-24,2022-01-14,30,2024-08-05,En Mora,36
2223,2715,694344.04,2021-05-21,2023-03-06,26,2025-03-24,Refinanciado,0
2224,800,585767.19,2021-05-08,2022-10-19,12,2025-02-10,Activo,0
2225,2365,484638.05,2020-06-27,2024-05-14,5,2024-08-23,Activo,0
2226,793,658361.27,2023-10-22,2026-02-06,0,2025-02-03,Cancelado,0
2227,576,737540.72,2021-07-08,2025-09-02,29,2024-09-01,Activo,92
2228,1728,264478.6,2022-06-16,2026-10-18,10,2025-03-26,Activo,105
2229,1448,522197.4,2022-11-28,2026-09-24,30,2024-06-22,En Mora,0
2230,91,485263.84,2023-01-06,2024-11-21,15,2024-08-01,Activo,0
2231,1066,87908.11,2024-09-05,2026-06-23,14,2025-03-30,Activo,0
2232,761,842716.72,2023-03-11,2023-10-13,4,2025-05-08,Refinanciado,149
2233,770,408512.92,2022-09-09,2024-11-25,14,2025-03-17,En Mora,0
2234,1361,119054.77,2022-11-01,2026-09-22,0,2024-12-21,Cancelado,81
2235,2049,485004.14,2020-10-06,2023-08-31,14,2024-09-22,Cancelado,0
2236,2157,203406.77,2022-04-19,2025-04-28,35,2024-09-19,Activo,0
2237,2976,719193.69,2022-04-03,2026-12-20,7,2025-04-29,Cancelado,131
2238,2003,593183.0,2020-07-19,2026-02-15,21,2024-11-11,Cancelado,137
2239,1088,306608.12,2020-08-23,2021-09-29,26,2024-12-29,Activo,0
2240,206,952950.17,2022-05-23,2023-04-08,33,2024-11-20,Refinanciado,0
2241,2898,327158.08,2024-03-30,2027-01-19,29,2025-04-20,Activo,0
2242,2638,577247.06,2022-02-06,2025-05-03,11,2025-01-15,Refinanciado,0
2243,623,811489.43,2020-12-24,2022-08-01,1,2025-03-18,Cancelado,0
2244,1678,538197.68,2020-07-14,2025-09-12,21,2025-05-18,Activo,20
2245,1552,962812.89,2022-09-12,2026-11-24,16,2024-11-02,Activo,0
2246,2701,851661.84,2020-12-01,2025-07-19,34,2024-11-04,Activo,0
2247,1872,924968.06,2022-05-15,2023-11-11,22,2025-01-09,Activo,0
2248,79,404067.45,2023-02-13,2026-08-17,28,2025-05-13,Activo,0
2249,2463,570937.65,2021-04-16,2024-05-28,28,2024-10-23,Cancelado,0
2250,1477,848157.98,2023-10-02,2025-04-07,18,2025-02-20,En Mora,0
2251,1173,908325.03,2021-10-04,2021-10-16,16,2025-02-08,Cancelado,0
2252,639,947145.4,2024-09-12,2025-08-25,7,2024-11-08,Activo,0
2253,1694,885194.39,2023-02-13,2023-08-24,6,2025-01-26,Activo,0
2254,2839,744217.16,2024-08-08,2024-09-22,10,2024-08-04,Activo,141
2255,1062,73004.07,2024-04-06,2025-05-05,2,2024-12-04,Activo,117
2256,2381,349205.78,2024-03-12,2025-02-03,1,2024-06-17,Activo,152
2257,2336,172489.47,2024-05-29,2025-01-08,18,2024-06-08,En Mora,0
2258,1726,197020.67,2021-05-16,2024-09-12,27,2024-10-01,Cancelado,0
2259,1642,326361.83,2024-01-06,2027-03-26,27,2024-09-30,En Mora,89
2260,1115,121003.43,2022-07-29,2024-03-02,24,2025-01-18,Activo,0
2261,1890,280880.22,2021-05-22,2027-04-29,10,2025-03-19,Cancelado,167
2262,161,959129.89,2022-02-14,2026-07-24,1,2025-04-11,Activo,0
2263,1426,346346.4,2024-06-01,2025-12-23,11,2025-04-27,Activo,0
2264,1734,201727.42,2020-12-07,2026-09-14,11,2025-02-05,Refinanciado,17
2265,320,732385.17,2022-06-17,2023-04-05,24,2024-12-28,Activo,0
2266,2972,837079.89,2020-10-02,2022-07-08,30,2025-03-07,Activo,115
2267,2412,348335.96,2022-09-27,2025-02-20,16,2024-10-25,Activo,0
2268,2523,314572.45,2021-06-18,2023-10-02,11,2024-12-18,Activo,0
2269,766,279671.57,2024-09-14,2024-12-16,29,2024-09-28,Activo,0
2270,602,423598.18,2023-08-02,2024-04-12,1,2024-07-10,En Mora,3
2271,2360,132870.17,2022-01-31,2022-05-12,15,2024-09-27,Cancelado,0
2272,1556,685672.77,2021-04-19,2025-09-15,0,2024-08-14,En Mora,116
2273,589,831115.01,2024-03-01,2027-05-31,33,2024-07-07,Activo,0
2274,1244,680498.17,2023-08-21,2025-04-19,0,2025-02-09,Cancelado,0
2275,1698,450139.71,2025-05-18,2027-01-13,35,2025-05-19,Cancelado,0
2276,1521,324514.13,2021-05-08,2026-03-11,2,2025-02-23,Activo,0
2277,2391,438973.86,2021-05-05,2021-12-31,33,2024-08-15,Activo,0
2278,906,452645.61,2022-05-13,2022-05-22,11,2024-12-10,Activo,142
2279,1651,682719.79,2024-05-26,2025-10-16,26,2025-01-12,En Mora,0
2280,1118,931657.34,2021-01-29,2025-12-11,24,2025-01-25,Refinanciado,0
2281,1525,117057.16,2020-08-04,2023-04-19,11,2025-02-22,Refinanciado,0
2282,172,955685.91,2022-02-16,2023-01-08,32,2024-12-10,Activo,39
2283,626,914691.22,2022-10-31,2024-11-05,8,2025-03-16,Activo,0
2284,2046,161845.69,2024-05-03,2027-03-17,0,2025-04-19,Activo,157
2285,682,224405.78,2023-03-30,2026-09-06,22,2024-09-07,Activo,0
2286,1345,346015.82,2020-11-02,2024-02-15,27,2024-07-29,Activo,0
2287,1984,581682.74,2024-01-25,2024-11-11,2,2025-04-25,Refinanciado,70
2288,311,177752.39,2020-10-27,2026-07-28,35,2024-11-22,Activo,127
2289,2962,240318.21,2022-07-24,2027-03-18,4,2024-08-25,Activo,0
2290,1936,907541.53,2021-05-12,2021-05-13,28,2024-11-19,Activo,0
2291,2478,153835.6,2025-04-28,2025-08-14,12,2025-02-24,Cancelado,153
2292,2906,428934.35,2020-10-10,2021-01-08,3,2025-04-14,Refinanciado,55
2293,1986,774851.69,2021-08-29,2023-06-24,5,2025-01-21,Cancelado,0
2294,1524,894153.96,2024-12-26,2026-07-28,5,2025-01-17,Activo,0
2295,285,369240.43,2020-10-28,2023-07-18,10,2024-07-08,Activo,0
2296,1284,206215.63,2021-12-08,2026-10-24,26,2024-09-11,Activo,0
2297,2543,750161.08,2023-05-25,2026-08-14,34,2024-10-15,En Mora,0
2298,355,783929.87,2021-06-09,2024-04-06,3,2024-06-13,Activo,0
2299,2262,981031.77,2023-01-29,2023-10-06,26,2025-01-04,Refinanciado,99
2300,2865,182564.76,2021-07-29,2024-02-24,15,2024-12-19,Cancelado,0
2301,200,723949.84,2023-09-19,2024-01-03,17,2024-06-12,Activo,0
2302,2901,446427.91,2024-01-11,2027-04-06,6,2025-04-16,Activo,0
2303,2184,918897.97,2023-06-19,2024-10-05,10,2025-04-28,En Mora,0
2304,1914,437439.34,2022-03-13,2025-11-06,7,2024-08-17,Activo,0
2305,948,473662.36,2024-01-17,2026-01-16,5,2025-04-08,Activo,0
2306,2676,170456.77,2023-11-27,2026-10-16,4,2024-11-13,En Mora,0
2307,917,354889.95,2021-05-14,2021-06-07,5,2024-09-15,Cancelado,0
2308,1365,430798.45,2020-07-23,2023-12-08,1,2025-02-14,Refinanciado,167
2309,1853,66633.32,2023-03-15,2025-03-16,30,2024-09-18,Activo,0
2310,342,465695.75,2021-11-15,2024-10-04,31,2024-12-17,Cancelado,160
2311,388,369502.62,2025-04-09,2025-07-03,8,2024-08-15,Activo,0
2312,4,813647.75,2021-10-06,2025-04-13,14,2024-07-17,Activo,57
2313,677,151756.98,2023-11-02,2023-11-10,20,2025-03-02,En Mora,0
2314,1663,772200.57,2022-02-25,2025-01-01,27,2025-02-21,Refinanciado,0
2315,2447,728310.97,2025-02-10,2027-02-27,26,2025-02-13,Activo,53
2316,2459,279693.21,2023-05-05,2024-06-07,4,2025-01-09,Activo,0
2317,213,129108.08,2023-02-12,2024-09-24,16,2025-03-05,En Mora,0
2318,560,849741.77,2021-10-22,2022-09-19,23,2024-10-28,Activo,0
2319,558,286958.54,2021-10-24,2023-09-23,30,2024-10-11,Cancelado,0
2320,2606,188282.11,2021-05-07,2026-03-01,34,2025-02-22,En Mora,0
2321,2550,391084.77,2021-01-08,2024-12-07,3,2025-04-27,Cancelado,0
2322,2692,430838.68,2022-03-29,2024-03-06,19,2025-02-19,Activo,92
2323,1995,359783.58,2021-02-27,2021-08-09,16,2024-07-13,Cancelado,0
2324,2579,977657.06,2021-11-24,2026-06-17,9,2024-09-22,Activo,0
2325,953,886779.64,2024-03-20,2025-12-16,20,2024-06-12,Activo,0
2326,2835,879326.72,2021-04-10,2027-04-15,20,2025-03-20,Cancelado,0
2327,475,428829.21,2025-04-17,2027-03-13,15,2024-07-03,En Mora,0
2328,1768,964726.16,2023-09-13,2025-02-03,32,2025-05-18,Activo,0
2329,42,699814.53,2022-11-08,2027-05-29,9,2024-10-01,Activo,123
2330,2652,840394.94,2024-05-08,2025-04-25,17,2025-01-20,Activo,0
2331,2096,525831.37,2021-03-14,2023-10-26,32,2025-05-19,Refinanciado,0
2332,1987,202586.43,2020-10-15,2023-04-21,28,2024-12-29,Cancelado,0
2333,728,892541.23,2022-02-22,2023-06-16,30,2024-11-11,Activo,0
2334,2269,512105.4,2022-06-04,2023-09-19,23,2025-02-07,Activo,0
2335,1645,970127.16,2023-12-01,2025-04-10,11,2024-07-23,Activo,0
2336,940,292117.96,2025-02-22,2026-02-18,19,2025-05-29,En Mora,109
2337,343,992760.04,2021-03-17,2023-11-02,5,2024-11-24,Activo,7
2338,2203,261303.45,2023-07-07,2026-02-10,7,2025-03-16,Activo,0
2339,2986,399758.42,2024-10-10,2026-10-28,13,2024-06-02,En Mora,121
2340,841,614315.7,2023-12-24,2026-11-23,4,2024-09-13,Cancelado,152
2341,2028,708656.91,2023-09-07,2023-12-02,35,2025-04-21,En Mora,0
2342,2435,734268.06,2024-12-03,2025-04-03,2,2024-06-14,Cancelado,0
2343,894,502439.79,2025-05-22,2027-03-13,35,2024-06-25,Cancelado,0
2344,1933,122985.61,2025-03-30,2025-11-24,21,2024-12-07,En Mora,0
2345,1339,521245.74,2022-01-16,2024-11-06,7,2025-05-20,Activo,48
2346,38,367953.55,2021-09-30,2023-04-26,13,2025-05-01,En Mora,0
2347,1365,674772.83,2022-05-22,2025-01-13,6,2024-09-08,Activo,0
2348,851,223161.8,2021-03-12,2021-06-13,3,2024-08-06,Activo,0
2349,2777,424216.71,2021-04-21,2025-11-03,18,2024-08-01,Cancelado,38
2350,231,967813.2,2021-07-26,2025-10-13,23,2024-12-11,Cancelado,0
2351,2500,134424.03,2023-07-12,2025-12-26,15,2024-12-02,Activo,0
2352,1366,622217.45,2023-05-15,2025-02-15,5,2024-12-25,Activo,0
2353,2305,136115.82,2025-03-30,2025-05-29,7,2025-02-09,Activo,0
2354,2482,199145.87,2022-12-09,2024-08-21,24,2024-11-14,Activo,0
2355,209,624687.67,2024-03-26,2027-03-14,31,2025-05-29,Activo,0
2356,1225,471795.75,2022-12-16,2027-03-15,24,2024-12-25,En Mora,0
2357,2185,571074.05,2021-07-15,2024-10-01,9,2024-10-26,Cancelado,111
2358,2613,885878.56,2022-04-12,2025-09-09,16,2024-12-20,Refinanciado,0
2359,2904,826378.23,2024-01-08,2025-05-14,2,2024-08-07,Activo,0
2360,2769,893582.38,2020-06-28,2025-10-16,8,2024-10-23,Activo,0
2361,2893,635442.17,2022-12-12,2026-01-14,17,2024-09-17,En Mora,0
2362,2084,515161.01,2021-07-04,2022-10-23,29,2025-03-21,Activo,0
2363,1239,486237.7,2024-03-19,2025-08-16,4,2024-09-07,Cancelado,0
2364,2075,752818.13,2022-03-07,2022-10-15,31,2025-05-01,Activo,0
2365,2066,545234.88,2021-05-31,2023-08-06,26,2024-07-28,En Mora,0
2366,630,150480.36,2023-05-28,2025-05-30,20,2025-04-18,Activo,0
2367,579,184842.07,2023-02-22,2023-09-14,23,2024-07-21,Activo,0
2368,903,389228.63,2022-11-23,2024-08-29,2,2024-06-29,Activo,35
2369,1850,114432.2,2024-09-29,2026-04-30,15,2025-05-31,En Mora,0
2370,1054,277269.66,2025-04-21,2027-04-09,14,2024-06-26,Cancelado,0
2371,123,673580.81,2022-06-22,2026-04-30,24,2024-09-14,Activo,0
2372,957,61808.8,2023-05-06,2026-03-17,7,2025-04-10,Activo,97
2373,1001,623888.22,2023-03-04,2023-12-30,3,2024-07-06,Activo,0
2374,987,783739.08,2023-03-29,2024-02-28,31,2024-06-03,Activo,0
2375,1252,211646.06,2020-11-02,2025-08-26,34,2024-07-04,Activo,0
2376,338,221920.14,2024-04-01,2025-11-03,29,2025-03-31,Activo,0
2377,991,77413.55,2023-06-24,2027-02-27,29,2024-12-04,Activo,124
2378,2321,536827.54,2021-02-01,2025-04-06,16,2024-07-10,Activo,0
2379,1461,671858.18,2023-10-14,2025-08-27,18,2024-12-27,Refinanciado,0
2380,902,484064.1,2020-10-18,2022-01-08,30,2025-02-10,Cancelado,0
2381,2087,419976.37,2020-12-26,2025-01-20,16,2025-03-04,Cancelado,0
2382,2730,481692.18,2024-08-03,2024-08-11,1,2025-02-05,Activo,112
2383,426,792451.81,2022-12-11,2025-10-05,28,2024-10-06,Activo,120
2384,2363,81838.59,2023-12-17,2024-02-11,29,2024-08-18,Activo,18
2385,614,794627.63,2024-04-16,2025-05-17,21,2024-12-04,Activo,0
2386,2803,683025.01,2024-06-10,2025-05-28,10,2025-01-18,Cancelado,138
2387,2205,279355.23,2022-02-14,2023-10-02,32,2025-03-01,Activo,103
2388,872,548502.74,2022-07-15,2026-07-23,18,2024-07-19,Refinanciado,88
2389,2825,96826.14,2023-07-08,2026-02-04,2,2025-04-17,Activo,109
2390,2305,410609.24,2024-01-20,2025-10-04,21,2025-01-27,Activo,0
2391,2000,215340.36,2021-10-05,2025-08-23,17,2024-11-01,Activo,0
2392,1894,71185.37,2022-03-28,2026-04-29,29,2024-10-05,Cancelado,0
2393,2903,389235.02,2020-11-05,2026-04-04,0,2025-06-01,Activo,24
2394,635,739806.8,2023-01-04,2026-05-23,19,2024-11-21,Activo,0
2395,2504,924970.77,2021-09-10,2025-02-12,4,2024-12-17,Activo,0
2396,2095,679150.34,2023-01-27,2026-08-31,11,2024-12-15,En Mora,0
2397,2058,431871.62,2021-05-24,2024-01-22,10,2024-09-27,Activo,0
2398,2192,999521.31,2022-01-22,2022-04-06,23,2024-06-21,Activo,0
2399,1455,318796.33,2020-11-29,2021-09-12,17,2024-10-04,Activo,0
2400,487,227774.86,2025-01-10,2025-10-01,7,2025-04-02,Activo,0
2401,1897,490498.16,2025-05-26,2026-11-22,28,2024-07-11,Activo,85
2402,2639,529665.84,2025-02-25,2026-10-02,21,2025-04-03,Activo,148
2403,1456,387082.21,2020-09-23,2025-10-30,1,2024-07-25,Activo,0
2404,2947,710724.13,2021-09-24,2027-02-16,22,2024-08-02,Activo,0
2405,207,224671.19,2024-08-17,2024-10-05,15,2024-08-05,Activo,79
2406,1625,534822.77,2024-07-20,2024-12-19,7,2024-06-18,Activo,141
2407,2958,525120.61,2024-06-25,2026-10-18,3,2024-11-26,Activo,0
2408,1526,832597.1,2024-03-11,2025-08-04,13,2024-09-09,Cancelado,0
2409,1483,930619.79,2024-11-26,2025-08-13,8,2024-11-23,En Mora,0
2410,259,680102.58,2023-12-27,2025-12-13,10,2025-01-15,Cancelado,0
2411,1353,340103.01,2021-10-21,2025-01-19,15,2025-02-26,En Mora,96
2412,454,705130.47,2022-07-19,2024-02-05,12,2025-05-24,Activo,0
2413,799,288802.57,2021-12-04,2021-12-10,35,2024-06-07,Activo,0
2414,375,968217.17,2024-02-08,2026-12-07,35,2025-01-17,En Mora,0
2415,2512,831244.01,2021-11-19,2025-10-19,16,2025-05-26,Cancelado,0
2416,75,459630.74,2023-05-01,2024-04-21,13,2025-01-25,Activo,0
2417,242,795126.34,2021-05-16,2025-12-21,28,2024-11-21,Activo,0
2418,1041,438222.86,2022-02-22,2025-07-31,16,2024-10-10,Cancelado,0
2419,1713,120879.65,2025-03-07,2026-01-11,0,2025-01-28,Activo,0
2420,123,721430.43,2020-09-18,2026-05-25,19,2025-03-06,Activo,142
2421,2003,434383.14,2021-04-23,2021-07-03,32,2024-12-24,Activo,0
2422,2159,933803.83,2024-01-27,2024-11-02,1,2024-10-13,Activo,0
2423,2282,341233.15,2020-12-24,2024-02-21,16,2025-05-16,En Mora,0
2424,497,851166.18,2023-01-01,2025-06-22,22,2024-08-13,Cancelado,0
2425,1146,696415.95,2022-01-14,2023-06-01,21,2024-06-28,Cancelado,0
2426,1474,860658.39,2021-02-05,2023-07-01,0,2024-06-08,Activo,0
2427,727,327287.78,2022-12-28,2025-08-12,11,2024-07-13,En Mora,92
2428,1832,488278.13,2021-08-15,2024-01-01,12,2025-05-08,Activo,0
2429,1822,831972.56,2021-04-29,2025-02-08,13,2024-10-20,Refinanciado,103
2430,1817,661627.88,2023-11-26,2025-02-22,9,2025-01-08,Activo,0
2431,92,391925.8,2025-03-13,2026-12-19,11,2025-03-30,Cancelado,0
2432,1970,536395.84,2021-06-03,2024-01-31,21,2024-06-17,En Mora,0
2433,2385,996293.19,2021-08-10,2026-02-01,17,2025-04-06,Refinanciado,112
2434,513,754755.6,2023-01-13,2027-04-10,18,2025-01-20,Refinanciado,0
2435,603,633796.52,2025-04-08,2025-10-06,29,2025-05-05,Activo,94
2436,428,836515.81,2023-03-14,2026-12-01,14,2024-12-26,Activo,0
2437,2020,469928.82,2023-12-24,2025-11-19,13,2024-12-22,Activo,153
2438,1457,952560.8,2023-11-13,2025-10-13,8,2024-06-04,Activo,0
2439,7,574420.17,2025-03-24,2026-05-15,4,2025-03-13,Cancelado,179
2440,2168,360528.54,2023-01-10,2024-11-23,32,2024-09-01,Activo,0
2441,2435,131718.98,2021-05-14,2022-10-27,4,2025-05-31,Activo,0
2442,1374,406910.46,2021-04-22,2026-12-02,23,2024-06-16,Activo,0
2443,641,590206.46,2021-04-09,2027-05-18,7,2024-12-23,Activo,0
2444,1122,718085.73,2020-10-11,2027-02-01,18,2025-04-02,Cancelado,0
2445,1067,881360.86,2021-05-04,2025-07-30,11,2024-10-01,En Mora,29
2446,2231,946762.79,2021-08-21,2024-09-23,7,2024-10-05,Activo,0
2447,2745,147331.15,2024-03-18,2027-05-20,7,2024-08-23,Activo,0
2448,565,620859.74,2024-11-05,2026-01-02,19,2024-10-14,Refinanciado,0
2449,1697,683260.17,2023-09-28,2024-04-19,28,2024-10-02,Activo,0
2450,446,213460.63,2024-07-31,2026-11-09,33,2024-09-15,Refinanciado,0
2451,1931,568320.65,2024-11-22,2026-11-03,17,2024-09-13,Cancelado,0
2452,200,368091.95,2022-02-20,2022-04-17,0,2024-06-29,En Mora,152
2453,2996,123546.47,2021-02-18,2024-11-03,10,2024-08-13,Cancelado,0
2454,513,112572.69,2023-04-11,2023-08-19,34,2025-05-09,Activo,124
2455,990,771252.33,2024-02-19,2025-11-08,31,2024-11-16,Cancelado,0
2456,2261,634682.68,2022-11-28,2024-12-14,15,2024-09-16,Activo,0
2457,1402,729365.59,2023-06-16,2023-08-23,5,2024-09-06,Activo,110
2458,1813,701014.25,2024-11-03,2025-09-12,8,2024-10-31,Activo,0
2459,546,177596.68,2023-07-06,2024-02-24,21,2025-02-14,Activo,172
2460,2534,193986.99,2022-07-03,2026-12-03,7,2024-10-08,Activo,0
2461,2010,289859.54,2023-03-26,2027-04-05,31,2025-05-20,Cancelado,0
2462,1806,429145.56,2024-06-01,2024-09-12,25,2024-10-15,En Mora,165
2463,2216,942217.41,2023-05-23,2024-10-28,17,2025-03-20,Refinanciado,0
2464,890,690197.74,2023-04-02,2024-10-30,11,2024-06-28,Activo,125
2465,931,292413.34,2021-04-08,2021-11-20,33,2025-03-03,Activo,0
2466,828,103184.9,2024-11-17,2025-01-25,3,2025-04-24,Cancelado,33
2467,2185,700012.73,2022-08-23,2023-06-17,15,2025-01-06,Cancelado,0
2468,2163,644052.55,2024-06-17,2025-06-02,23,2025-01-29,En Mora,0
2469,1276,691975.25,2023-05-19,2027-01-22,13,2025-05-11,Cancelado,0
2470,1517,298120.67,2023-01-16,2025-03-19,16,2024-10-01,Activo,0
2471,1313,541115.06,2022-09-11,2024-04-27,30,2025-03-04,Activo,0
2472,1073,393617.66,2024-06-29,2025-08-12,3,2025-02-11,Cancelado,0
2473,516,826813.99,2023-10-12,2026-08-04,33,2025-02-17,Cancelado,8
2474,1915,115926.83,2021-01-30,2021-12-19,2,2025-03-05,Activo,14
2475,688,311669.7,2024-12-26,2027-02-02,7,2024-08-24,Activo,0
2476,1020,622806.06,2022-12-18,2025-08-12,11,2025-05-03,Activo,0
2477,1296,244962.59,2023-09-17,2023-09-23,34,2024-09-03,Cancelado,0
2478,1050,689077.76,2021-03-10,2025-12-20,1,2024-08-26,Activo,0
2479,1094,179933.88,2020-08-26,2022-06-06,28,2024-12-10,Cancelado,66
2480,2341,71671.68,2022-06-05,2027-02-20,22,2025-05-05,Activo,67
2481,1258,870319.81,2021-03-20,2023-03-23,32,2024-08-18,Activo,0
2482,2279,366772.18,2020-10-18,2022-10-07,17,2025-05-14,Activo,0
2483,2986,199006.53,2021-10-27,2025-03-14,21,2025-05-06,Cancelado,0
2484,1610,214073.57,2024-08-02,2027-04-11,13,2024-06-13,Activo,88
2485,1145,891600.62,2020-12-23,2025-02-15,28,2025-05-14,Activo,0
2486,518,671709.84,2022-06-18,2023-08-25,14,2025-05-18,Activo,0
2487,706,958528.95,2022-11-01,2026-04-05,14,2025-04-26,Activo,0
2488,2425,810038.31,2023-07-01,2023-07-16,3,2024-07-22,Activo,0
2489,1935,779165.55,2021-03-08,2024-05-16,35,2024-08-27,Activo,0
2490,2485,524829.63,2024-07-13,2025-08-19,4,2024-10-14,Activo,0
2491,2901,829764.65,2025-03-06,2026-05-21,2,2024-07-31,Activo,33
2492,1746,442019.91,2022-04-15,2025-07-13,11,2024-07-27,Activo,0
2493,1669,835650.47,2024-08-09,2024-10-09,19,2025-01-16,Cancelado,153
2494,970,769854.23,2023-08-14,2024-07-16,19,2025-05-27,Activo,0
2495,2547,694516.69,2021-07-30,2021-10-01,0,2025-01-29,Cancelado,43
2496,1198,363230.38,2022-04-29,2022-05-18,2,2024-08-12,Activo,31
2497,1687,649176.06,2025-03-19,2026-03-04,8,2024-10-14,Cancelado,0
2498,2648,531448.24,2023-10-26,2025-04-15,19,2025-01-06,Activo,0
2499,1533,488465.72,2021-04-14,2024-07-11,8,2024-08-18,Activo,0
2500,778,990734.02,2023-11-23,2025-08-23,30,2024-09-20,Activo,0
2501,1334,529177.94,2024-04-26,2027-03-31,27,2024-06-28,Activo,15
2502,2118,80386.9,2022-09-18,2024-04-09,34,2025-04-10,En Mora,138
2503,2253,645144.48,2024-01-11,2025-12-03,1,2024-08-16,En Mora,0
2504,2389,741610.3,2025-02-05,2026-05-25,2,2025-02-06,Cancelado,168
2505,118,890924.68,2025-03-04,2026-06-12,13,2025-05-10,Activo,0
2506,2937,651050.49,2023-06-20,2026-12-07,16,2025-03-31,Activo,0
2507,15,68484.26,2021-01-15,2021-05-15,34,2025-02-04,Refinanciado,0
2508,1346,163757.12,2023-04-06,2024-02-21,3,2024-09-27,En Mora,0
2509,2042,203178.05,2021-05-27,2022-04-09,29,2024-08-02,Activo,0
2510,2043,250698.29,2021-12-13,2025-08-17,13,2025-05-20,Refinanciado,20
2511,911,809788.05,2024-05-20,2027-03-13,26,2024-08-15,Refinanciado,0
2512,2675,344272.05,2023-02-17,2026-03-19,12,2025-01-22,Activo,0
2513,1556,346744.21,2023-01-27,2024-10-18,19,2024-10-29,Activo,0
2514,690,767808.07,2021-12-14,2023-03-05,23,2024-07-24,Activo,0
2515,774,441814.75,2023-08-19,2023-12-02,9,2025-05-31,En Mora,0
2516,1615,111407.56,2025-05-29,2025-11-17,6,2024-10-06,En Mora,0
2517,1535,605870.12,2025-02-08,2027-01-06,16,2024-08-23,En Mora,0
2518,2961,173564.3,2021-07-08,2024-01-03,21,2025-03-31,En Mora,0
2519,120,593081.07,2023-07-30,2027-03-04,10,2024-06-16,Activo,0
2520,2074,790656.2,2022-05-18,2023-08-12,22,2024-11-19,Activo,0
2521,1737,933015.16,2023-07-24,2025-06-01,21,2025-05-15,Cancelado,0
2522,64,113699.98,2023-05-08,2024-04-03,17,2025-01-23,Cancelado,0
2523,460,338768.25,2022-12-27,2024-05-29,25,2025-04-18,Activo,0
2524,1750,669840.78,2025-05-23,2025-10-22,29,2024-10-19,Activo,0
2525,2362,349680.35,2023-04-11,2024-01-25,12,2024-08-29,Activo,2
2526,2853,478474.33,2021-12-23,2021-12-24,3,2024-06-13,Activo,0
2527,1614,69086.32,2024-07-12,2026-04-12,26,2024-08-16,Activo,0
2528,2784,708823.11,2022-11-30,2024-09-18,9,2024-11-23,Activo,6
2529,2937,889116.12,2020-06-05,2022-02-08,27,2024-08-13,Activo,0
2530,1564,978016.67,2021-12-27,2025-08-28,20,2024-11-02,En Mora,0
2531,982,839006.68,2023-09-05,2025-02-11,10,2024-11-14,Cancelado,12
2532,2627,80187.45,2020-07-08,2024-12-17,19,2025-03-05,Cancelado,17
2533,1150,669261.27,2021-10-28,2023-04-05,35,2024-12-20,En Mora,99
2534,972,520876.28,2021-08-03,2025-07-21,18,2025-05-20,En Mora,0
2535,2909,941000.72,2024-10-06,2024-12-28,9,2025-03-05,Activo,0
2536,707,907031.92,2021-01-24,2022-03-19,14,2025-03-12,Activo,82
2537,1710,988643.87,2023-06-15,2026-12-02,17,2024-12-05,En Mora,0
2538,1367,868837.51,2022-12-27,2023-06-16,6,2024-10-27,Activo,143
2539,1847,569547.53,2023-06-28,2023-12-24,29,2025-05-15,Activo,0
2540,395,729155.49,2020-08-01,2021-10-13,13,2025-04-21,Activo,0
2541,484,966443.37,2020-10-08,2021-07-13,29,2025-05-27,Activo,0
2542,666,599210.89,2023-09-16,2024-06-07,26,2025-01-31,Cancelado,0
2543,456,847980.23,2023-06-09,2023-07-07,16,2025-04-11,Cancelado,0
2544,210,945099.38,2022-02-12,2024-08-14,29,2024-06-17,Activo,0
2545,525,592010.81,2021-12-21,2026-06-29,17,2025-04-27,Activo,0
2546,676,201196.53,2022-08-27,2026-12-22,2,2024-09-07,Activo,0
2547,1002,197785.22,2021-03-26,2027-05-21,27,2024-09-04,Cancelado,0
2548,896,159551.32,2022-06-30,2024-05-30,29,2024-08-16,Activo,0
2549,1004,502507.02,2022-10-28,2023-09-20,20,2024-06-20,Activo,0
2550,1600,506134.5,2023-07-22,2024-02-18,19,2024-07-09,Activo,36
2551,2355,636502.63,2020-06-26,2024-08-04,21,2024-12-14,Activo,0
2552,60,508729.17,2024-04-05,2025-12-19,35,2025-02-22,Cancelado,41
2553,386,974402.26,2022-10-29,2025-12-11,35,2025-03-05,Activo,0
2554,2104,326745.28,2023-09-23,2025-04-08,20,2025-05-05,Cancelado,0
2555,2216,880125.79,2025-03-09,2025-06-04,23,2024-07-06,En Mora,133
2556,1436,145313.91,2024-02-26,2025-09-08,20,2024-10-15,Activo,0
2557,2765,621821.79,2022-06-02,2023-09-21,6,2024-07-24,En Mora,0
2558,2913,665908.96,2022-03-14,2026-10-15,7,2024-08-18,Cancelado,0
2559,1795,783618.62,2023-05-01,2025-07-06,21,2025-04-29,Cancelado,0
2560,2530,527871.1,2022-04-14,2026-10-29,21,2024-12-28,En Mora,111
2561,1943,237364.97,2025-01-22,2025-09-30,29,2024-08-09,En Mora,100
2562,1591,400547.73,2021-06-21,2024-02-11,33,2024-12-01,Activo,168
2563,2388,308553.44,2022-11-03,2026-01-24,28,2024-07-13,Refinanciado,0
2564,796,448150.24,2022-03-21,2026-06-25,9,2024-06-12,Activo,133
2565,892,553469.89,2024-07-08,2026-07-16,4,2024-08-29,Activo,0
2566,2824,643816.78,2022-06-10,2023-09-07,33,2024-06-18,Activo,0
2567,1283,852865.85,2021-03-28,2024-06-04,9,2025-05-19,Activo,0
2568,601,914509.81,2023-07-21,2026-12-01,8,2025-02-26,Activo,0
2569,2485,489452.22,2022-11-13,2026-04-06,31,2024-12-18,Activo,16
2570,1246,134237.87,2023-01-13,2024-11-18,4,2024-07-28,Cancelado,0
2571,1437,807211.93,2024-03-13,2025-05-20,34,2025-03-07,Cancelado,0
2572,1374,503299.84,2023-03-08,2024-04-06,10,2024-08-21,Activo,169
2573,1083,569124.27,2025-04-04,2025-04-26,15,2024-07-10,Activo,52
2574,152,616004.43,2022-10-05,2023-02-11,26,2025-04-17,Activo,0
2575,934,684474.37,2021-10-14,2022-04-06,19,2025-01-15,Cancelado,0
2576,2588,895595.82,2021-02-18,2023-02-05,0,2024-08-08,Activo,0
2577,2273,954538.89,2022-11-19,2024-11-11,25,2025-04-28,Activo,0
2578,1342,943160.85,2023-06-29,2023-12-30,10,2024-11-03,Refinanciado,0
2579,2611,818990.47,2021-07-05,2023-05-21,14,2024-09-05,En Mora,0
2580,558,894780.14,2024-05-08,2025-09-01,17,2024-10-06,Activo,0
2581,1498,97172.03,2025-01-03,2026-07-04,23,2024-06-13,Cancelado,0
2582,1870,856657.03,2025-01-19,2026-07-07,27,2025-04-18,Cancelado,0
2583,618,118651.98,2021-03-17,2026-03-15,24,2024-08-12,Activo,0
2584,1820,758884.21,2024-05-27,2024-10-06,22,2024-12-07,Activo,44
2585,24,210895.44,2021-09-25,2026-11-03,10,2024-11-23,Activo,73
2586,1543,392104.92,2021-06-09,2026-05-12,32,2025-03-05,Cancelado,0
2587,2416,224974.5,2025-02-19,2026-01-26,15,2025-05-05,Activo,0
2588,2020,471288.55,2023-11-30,2024-12-22,35,2024-10-25,Activo,0
2589,999,441160.07,2024-07-04,2027-02-13,22,2025-03-01,En Mora,163
2590,2383,95659.7,2020-12-07,2021-08-20,5,2024-10-29,Activo,0
2591,1457,838973.05,2022-07-14,2022-11-16,23,2025-01-02,Cancelado,0
2592,3,861477.17,2024-11-11,2025-04-22,5,2025-02-28,Cancelado,0
2593,1008,798131.88,2023-06-04,2024-03-19,9,2025-05-03,Cancelado,0
2594,1282,855226.27,2021-09-01,2023-08-17,21,2024-07-31,Activo,0
2595,263,763335.08,2022-11-08,2026-01-19,22,2024-10-05,Cancelado,77
2596,121,940610.22,2023-08-21,2026-06-28,4,2025-05-02,Activo,0
2597,1744,597572.64,2022-03-02,2024-12-05,27,2024-06-22,Activo,161
2598,21,603510.42,2024-09-11,2025-04-14,8,2024-12-06,En Mora,0
2599,905,866914.41,2022-11-21,2026-06-27,27,2024-08-08,Cancelado,0
2600,140,381944.77,2020-12-13,2026-08-12,24,2025-01-31,Activo,31
2601,1816,97578.24,2022-02-18,2025-03-31,26,2024-06-09,Activo,0
2602,1313,762362.63,2022-07-29,2024-11-23,23,2024-09-09,Activo,0
2603,206,291859.72,2023-04-20,2025-05-29,15,2024-06-16,Activo,0
2604,43,500524.02,2022-01-16,2025-04-16,1,2024-12-18,Cancelado,32
2605,2898,278417.84,2023-02-27,2026-09-13,1,2024-08-19,Activo,0
2606,1029,835736.31,2025-02-19,2025-07-07,4,2024-11-22,Activo,176
2607,2255,960378.32,2020-09-01,2025-10-24,20,2024-08-07,Cancelado,0
2608,2683,102271.95,2024-12-08,2026-05-16,9,2024-06-29,Activo,15
2609,1863,271703.05,2022-10-23,2023-06-08,17,2024-07-17,Activo,176
2610,345,230084.02,2020-08-06,2025-04-01,25,2025-05-02,En Mora,0
2611,1166,689543.34,2020-10-19,2023-06-10,19,2025-02-07,Activo,9
2612,2420,457244.48,2023-05-02,2025-09-08,35,2025-03-16,Activo,0
2613,2595,483448.58,2023-06-21,2026-02-11,20,2025-05-18,En Mora,0
2614,1388,199225.13,2021-01-23,2026-07-04,1,2024-10-06,Activo,127
2615,984,443997.91,2021-03-30,2025-08-22,32,2025-05-16,Cancelado,92
2616,335,338066.87,2023-02-12,2026-11-20,22,2024-08-22,Refinanciado,0
2617,2059,630631.37,2023-08-02,2024-02-29,30,2024-07-17,Cancelado,0
2618,2123,256376.32,2024-02-01,2024-04-28,3,2025-05-25,Activo,88
2619,1324,634070.77,2024-03-28,2027-05-17,2,2024-06-27,Activo,0
2620,2995,408857.93,2023-10-15,2026-05-14,9,2025-01-10,Activo,112
2621,2961,378979.83,2021-08-07,2025-06-06,31,2024-10-13,Activo,45
2622,2758,340278.8,2021-12-26,2022-08-11,35,2024-09-14,Activo,0
2623,2901,690141.82,2022-10-30,2024-07-01,26,2024-09-28,Activo,12
2624,776,584297.49,2023-12-28,2024-09-11,18,2024-10-26,Activo,81
2625,886,859135.62,2024-11-25,2025-07-27,0,2025-01-12,Cancelado,0
2626,2036,279529.67,2023-10-07,2025-04-22,25,2025-01-10,Activo,0
2627,736,88113.6,2021-08-19,2025-09-20,12,2024-07-11,Cancelado,98
2628,2682,222922.31,2021-10-01,2024-02-08,34,2024-10-22,Activo,0
2629,1052,376188.55,2021-03-10,2022-04-20,1,2025-04-23,Cancelado,0
2630,1487,220672.24,2023-02-07,2025-12-16,21,2024-06-29,En Mora,0
2631,396,129335.14,2022-03-20,2023-03-24,27,2024-11-21,Activo,0
2632,683,473071.55,2025-04-02,2025-11-19,1,2024-08-20,Activo,0
2633,2002,693086.98,2021-06-09,2022-10-08,10,2024-06-29,En Mora,0
2634,2469,763992.23,2020-10-05,2026-02-05,25,2024-09-20,Activo,0
2635,364,428790.96,2021-09-20,2027-04-29,27,2024-06-13,Activo,0
2636,1855,504142.36,2021-02-20,2023-03-28,25,2025-02-22,Activo,0
2637,1782,767696.97,2023-11-22,2024-06-14,16,2024-10-07,Activo,137
2638,93,385072.44,2023-07-04,2023-12-28,2,2025-02-16,Activo,103
2639,1599,795527.9,2021-09-05,2022-10-27,13,2025-02-13,Activo,0
2640,266,969007.26,2024-02-19,2027-03-03,15,2024-08-01,Cancelado,0
2641,2254,886456.59,2020-06-09,2022-09-26,35,2025-03-19,Activo,0
2642,2085,480915.57,2025-05-05,2025-05-05,27,2024-08-23,Cancelado,0
2643,1035,600542.57,2021-09-19,2023-09-07,27,2025-02-25,Activo,0
2644,1114,730605.07,2020-08-20,2023-10-26,24,2024-09-14,En Mora,21
2645,744,381835.42,2020-09-03,2023-08-05,8,2025-02-19,Activo,0
2646,2067,809276.19,2023-04-06,2024-08-03,10,2025-04-04,Cancelado,0
2647,374,465071.15,2021-01-15,2025-05-28,20,2024-11-23,Activo,0
2648,1810,854499.48,2024-03-15,2024-07-26,1,2025-04-22,Cancelado,0
2649,94,291997.2,2023-07-08,2026-06-24,33,2025-05-24,Activo,0
2650,32,60809.15,2024-10-25,2026-05-11,12,2024-06-29,Activo,15
2651,140,651053.98,2023-07-26,2027-04-02,4,2024-11-11,Activo,0
2652,1594,479294.66,2021-11-16,2022-07-21,10,2024-07-03,Cancelado,0
2653,2781,106831.96,2021-11-01,2021-11-10,28,2024-09-09,Activo,0
2654,2802,513231.74,2020-08-30,2026-02-07,27,2024-10-28,En Mora,0
2655,1243,210141.35,2021-10-25,2023-05-09,27,2025-03-22,Activo,0
2656,1565,648261.7,2020-07-18,2022-07-01,4,2025-04-27,Activo,134
2657,1583,472793.3,2024-09-25,2027-03-16,19,2025-01-09,Cancelado,0
2658,1932,212568.51,2023-11-17,2026-12-31,9,2025-01-27,Activo,0
2659,58,441342.0,2021-07-21,2021-08-15,31,2024-06-18,Activo,0
2660,1299,271073.37,2022-11-11,2026-11-06,28,2024-07-02,Activo,0
2661,2188,670441.94,2024-02-15,2027-02-02,1,2024-11-28,Activo,111
2662,1047,330386.21,2023-07-19,2027-01-25,0,2025-05-02,Activo,0
2663,2949,830916.48,2022-09-10,2025-11-06,19,2025-01-21,Activo,0
2664,378,63455.05,2021-08-22,2027-03-13,0,2025-05-27,Activo,0
2665,922,433247.08,2022-07-17,2026-08-17,3,2024-12-02,Activo,0
2666,373,636226.43,2021-02-24,2025-03-26,14,2024-07-02,Activo,80
2667,1588,71477.87,2022-08-14,2027-02-18,29,2024-06-09,Activo,0
2668,778,255049.81,2023-08-11,2025-12-25,5,2024-06-18,Activo,0
2669,1366,361048.96,2023-02-22,2027-05-09,0,2024-10-04,Activo,0
2670,167,70752.33,2022-04-10,2023-03-11,6,2024-12-04,En Mora,0
2671,2571,569356.17,2021-10-25,2023-03-24,4,2025-03-05,Activo,0
2672,2012,649324.97,2020-07-30,2021-10-12,6,2025-01-25,Cancelado,0
2673,584,266146.14,2020-11-13,2023-11-16,35,2024-12-25,Activo,18
2674,2549,566308.59,2023-07-18,2026-02-17,2,2024-09-09,Activo,0
2675,2944,999170.54,2021-05-22,2024-07-23,11,2024-07-29,Activo,0
2676,999,892573.32,2020-11-21,2021-11-06,14,2024-11-28,Activo,0
2677,560,105727.79,2021-12-02,2022-03-10,19,2024-08-31,Activo,178
2678,1012,171488.34,2021-02-02,2026-11-27,20,2024-12-20,Cancelado,155
2679,233,519683.16,2024-03-23,2025-04-03,31,2025-01-24,Activo,0
2680,560,282941.06,2024-06-27,2025-03-12,11,2025-05-02,Activo,0
2681,1232,126920.78,2021-02-08,2025-06-03,6,2024-07-08,Activo,122
2682,1763,291826.77,2023-10-27,2024-12-05,30,2024-06-29,Refinanciado,0
2683,1525,108119.19,2022-12-29,2026-03-15,0,2024-10-27,Activo,0
2684,921,553416.82,2020-10-28,2024-03-08,10,2024-10-27,Activo,0
2685,2909,515737.6,2023-06-07,2025-04-20,33,2025-04-03,Activo,0
2686,1243,56009.85,2025-04-10,2026-01-11,18,2025-03-16,En Mora,111
2687,2920,508390.58,2023-08-06,2025-10-05,10,2025-05-24,Activo,105
2688,81,543814.89,2025-04-12,2026-04-16,32,2024-07-05,Activo,149
2689,2662,625418.55,2022-10-15,2023-03-26,32,2024-08-30,Cancelado,0
2690,703,971594.74,2021-01-14,2022-06-28,7,2025-01-25,Activo,0
2691,541,983557.81,2023-07-22,2023-08-03,7,2024-08-29,Refinanciado,0
2692,1850,550582.85,2023-07-09,2026-01-15,33,2024-07-26,En Mora,108
2693,2813,852927.36,2021-11-12,2026-12-15,26,2025-05-13,Activo,0
2694,1275,130907.48,2021-08-06,2023-02-12,28,2025-01-19,Activo,178
2695,2786,554596.89,2022-07-04,2024-10-13,13,2024-10-09,En Mora,123
2696,2654,694955.06,2023-10-05,2024-11-27,33,2025-01-05,Activo,0
2697,622,586492.38,2022-12-10,2026-05-15,0,2024-10-10,Activo,0
2698,1241,269184.94,2023-06-17,2023-07-23,8,2025-03-09,Cancelado,0
2699,2244,109525.09,2024-03-23,2024-09-05,9,2024-07-14,Activo,0
2700,1321,417335.82,2020-07-31,2025-07-20,29,2025-02-20,Cancelado,129
2701,2994,665260.37,2022-10-09,2024-03-27,17,2024-08-04,Activo,0
2702,2092,992127.42,2020-10-28,2027-05-30,16,2025-04-24,Activo,104
2703,2441,274706.78,2024-07-16,2025-08-17,5,2024-11-17,Activo,0
2704,1467,921900.41,2022-07-07,2024-09-27,10,2024-11-07,Activo,0
2705,1114,114848.33,2024-06-15,2025-02-10,23,2024-08-30,Cancelado,59
2706,2203,934439.81,2024-10-06,2025-11-09,35,2024-11-15,Activo,0
2707,1645,840748.43,2021-09-09,2025-01-07,32,2025-04-13,Cancelado,0
2708,59,69898.09,2025-03-26,2026-02-02,32,2024-08-07,Activo,69
2709,2158,333276.11,2022-11-13,2026-11-09,17,2025-04-04,Activo,35
2710,479,98408.82,2024-10-01,2025-08-18,4,2024-10-18,Activo,0
2711,2666,995730.58,2021-07-20,2024-10-27,30,2025-04-18,Activo,0
2712,1923,456451.8,2023-01-16,2025-04-19,15,2025-01-15,Activo,0
2713,1757,679064.84,2020-08-08,2022-07-08,1,2024-12-15,Activo,0
2714,1799,272481.05,2023-11-21,2024-09-07,8,2024-08-25,Refinanciado,0
2715,1618,937049.43,2020-09-03,2020-09-27,1,2024-08-11,Activo,0
2716,784,310465.38,2023-12-17,2027-04-11,19,2024-10-30,Activo,0
2717,1401,297203.88,2022-10-30,2027-04-18,16,2025-01-07,Activo,0
2718,1056,348870.09,2022-08-22,2025-01-17,24,2025-05-08,Activo,71
2719,1510,489364.71,2025-05-18,2026-07-28,18,2024-06-09,Cancelado,36
2720,2649,67606.09,2021-10-09,2024-10-14,7,2025-04-19,Activo,0
2721,2988,617945.63,2021-01-31,2022-12-02,10,2024-11-13,Activo,0
2722,2579,80082.51,2020-07-07,2024-07-06,12,2025-05-30,En Mora,0
2723,1027,562242.36,2021-05-19,2024-09-02,12,2024-07-10,Activo,0
2724,378,484990.66,2024-12-01,2026-08-08,8,2024-12-15,Activo,113
2725,572,280419.71,2021-03-17,2026-01-29,4,2025-05-07,En Mora,0
2726,1955,363279.62,2022-09-03,2027-02-20,17,2025-05-11,Activo,0
2727,1565,720376.82,2023-10-28,2024-11-12,13,2025-03-11,Activo,0
2728,587,59117.64,2022-11-21,2023-12-01,33,2024-11-17,Cancelado,0
2729,1619,350814.78,2024-12-21,2026-07-12,21,2024-07-11,Activo,0
2730,357,696282.39,2022-03-06,2022-11-13,32,2025-03-28,Activo,22
2731,685,194660.17,2022-05-21,2025-06-21,23,2025-05-11,Activo,0
2732,1947,582366.37,2022-03-03,2026-03-08,28,2024-10-29,Activo,0
2733,2906,210486.28,2022-05-02,2024-02-21,12,2025-02-18,En Mora,0
2734,659,197023.78,2021-04-05,2025-09-12,26,2024-08-27,En Mora,0
2735,1297,783666.09,2020-08-03,2021-12-10,0,2024-07-22,Activo,0
2736,1526,303199.09,2025-03-14,2026-04-25,6,2025-03-10,En Mora,0
2737,2083,406980.66,2020-11-11,2022-12-08,3,2024-07-08,Activo,0
2738,2509,743517.16,2021-03-27,2025-04-28,9,2025-02-07,En Mora,0
2739,2766,220543.62,2022-08-31,2025-12-07,34,2025-01-02,En Mora,0
2740,1694,555150.17,2020-07-17,2021-05-02,15,2025-01-22,Activo,0
2741,1658,921928.68,2024-11-13,2025-10-27,26,2025-03-23,Activo,0
2742,512,576135.48,2020-10-25,2024-06-28,19,2025-05-20,Cancelado,0
2743,1072,96403.48,2024-09-16,2026-07-10,9,2025-03-10,En Mora,0
2744,2539,610212.41,2023-01-13,2025-01-21,32,2025-03-07,Cancelado,40
2745,2321,135645.73,2021-06-16,2027-02-26,6,2025-03-04,Activo,0
2746,1637,318018.31,2023-03-31,2026-11-08,21,2024-06-09,Activo,0
2747,1013,857191.35,2022-01-01,2023-08-04,16,2025-01-04,Activo,0
2748,2575,60515.67,2024-05-25,2025-07-08,8,2025-01-23,Activo,3
2749,1152,123162.64,2022-11-28,2024-10-20,9,2024-11-07,En Mora,33
2750,210,395195.92,2023-03-18,2026-07-22,35,2024-09-11,Cancelado,0
2751,624,999426.09,2024-08-30,2024-09-04,30,2024-10-26,Activo,62
2752,1806,327270.71,2021-04-08,2026-11-13,30,2024-10-17,Activo,0
2753,1166,199410.89,2021-07-13,2025-02-27,4,2024-11-04,Activo,102
2754,173,571951.03,2022-12-14,2025-12-26,17,2025-04-28,Activo,0
2755,1889,543292.27,2025-05-12,2025-10-21,5,2025-05-30,Activo,0
2756,447,477138.61,2025-04-19,2026-06-09,27,2024-10-25,Cancelado,0
2757,11,949321.06,2022-08-23,2026-05-16,23,2024-10-13,Cancelado,0
2758,761,316141.9,2023-01-09,2024-01-26,4,2024-10-12,Activo,87
2759,1328,328658.02,2025-02-22,2025-05-20,27,2024-10-18,En Mora,0
2760,1784,183244.12,2023-10-28,2024-05-22,2,2025-05-02,Activo,0
2761,1178,712423.62,2020-12-21,2021-04-10,17,2024-10-03,Activo,0
2762,2371,355301.0,2025-02-23,2025-06-18,3,2024-12-04,Activo,0
2763,977,812603.28,2023-03-03,2027-01-16,31,2025-05-24,Activo,47
2764,2493,973169.98,2022-10-14,2025-08-08,31,2024-12-04,Refinanciado,179
2765,2390,91500.98,2022-01-05,2024-05-18,18,2024-09-05,En Mora,0
2766,2269,993465.8,2021-03-24,2022-09-26,28,2025-04-21,Activo,41
2767,2158,291399.02,2022-02-05,2025-02-16,32,2024-07-09,Cancelado,0
2768,2458,449104.84,2020-09-29,2026-07-15,1,2024-06-27,Activo,150
2769,2553,788856.19,2022-06-18,2024-08-15,10,2024-06-05,En Mora,0
2770,1801,682064.59,2021-01-01,2022-10-09,32,2024-08-05,En Mora,168
2771,40,789515.07,2023-01-19,2024-01-23,0,2024-10-06,Activo,0
2772,1483,493015.41,2023-06-25,2025-08-06,16,2024-08-14,Activo,55
2773,2311,920263.72,2022-01-24,2026-01-31,15,2024-11-09,Refinanciado,0
2774,2756,800443.77,2023-04-28,2027-03-19,1,2025-01-22,Activo,0
2775,1850,343766.58,2022-10-24,2023-12-31,3,2024-12-21,Activo,29
2776,823,951056.21,2024-09-21,2025-03-29,31,2025-01-07,En Mora,0
2777,461,963001.48,2021-11-06,2026-11-02,6,2025-02-10,Activo,122
2778,1142,444300.88,2023-04-12,2025-04-12,28,2025-01-21,Cancelado,0
2779,217,669362.46,2025-03-09,2027-05-26,8,2025-02-10,Cancelado,144
2780,1741,824030.11,2020-08-09,2025-11-02,34,2025-03-21,En Mora,0
2781,2125,826435.68,2023-07-11,2026-05-20,4,2024-09-17,Activo,0
2782,1445,63417.37,2022-10-26,2024-12-14,20,2024-11-04,Cancelado,0
2783,2940,647562.95,2020-08-04,2022-06-16,16,2024-09-04,Activo,39
2784,1196,975014.33,2021-02-15,2025-07-12,13,2025-01-29,Activo,95
2785,2438,269779.79,2021-08-30,2024-08-15,31,2025-04-18,Activo,66
2786,1152,805828.42,2020-06-16,2025-09-02,14,2024-11-16,Activo,22
2787,374,557535.24,2022-09-21,2024-08-17,20,2024-10-18,Activo,161
2788,654,260396.7,2024-07-23,2027-05-19,13,2024-10-10,Activo,89
2789,904,98486.08,2023-01-25,2023-11-19,15,2025-05-22,Activo,136
2790,744,771925.63,2021-07-16,2021-08-08,0,2024-08-03,Activo,19
2791,2471,350646.83,2022-01-21,2022-11-01,17,2024-11-15,Activo,72
2792,853,406806.73,2023-03-20,2024-01-01,33,2024-06-04,Activo,0
2793,1771,510969.5,2025-02-21,2025-08-02,25,2025-03-23,Cancelado,0
2794,831,531835.16,2021-01-19,2021-05-03,35,2024-10-01,Refinanciado,0
2795,1562,245876.3,2021-05-20,2024-04-16,20,2025-05-24,Activo,0
2796,973,687109.89,2022-01-06,2027-03-11,0,2024-12-31,En Mora,0
2797,2677,707912.98,2025-02-13,2025-06-09,26,2025-05-31,Cancelado,50
2798,2618,185185.88,2020-09-23,2026-11-11,10,2024-08-23,Activo,0
2799,1294,556264.06,2021-09-29,2023-03-24,13,2024-07-31,Cancelado,0
2800,1353,628796.38,2023-11-03,2025-07-28,27,2024-09-23,Cancelado,0
2801,1319,226938.97,2024-08-28,2027-05-01,26,2025-02-19,Activo,0
2802,122,899739.02,2024-07-10,2025-09-16,21,2024-06-04,Activo,0
2803,159,508684.57,2023-04-11,2023-04-26,20,2024-08-13,Cancelado,0
2804,307,159276.94,2024-02-26,2025-10-26,23,2025-05-14,Activo,0
2805,1113,367676.37,2021-08-17,2024-07-07,18,2024-07-29,Activo,0
2806,751,503112.43,2023-05-08,2026-12-08,23,2024-07-06,Activo,0
2807,1062,59636.95,2021-07-12,2026-02-04,25,2024-10-26,Activo,0
2808,1897,80314.38,2025-02-13,2025-11-05,24,2025-01-28,Cancelado,0
2809,591,102744.57,2023-02-21,2027-04-12,28,2025-01-22,Activo,0
2810,1881,561228.46,2025-01-03,2027-02-01,9,2024-06-25,Activo,0
2811,346,369283.79,2025-05-06,2025-12-14,10,2024-11-16,Cancelado,0
2812,149,898448.85,2023-02-16,2023-03-13,23,2024-11-27,Cancelado,0
2813,1040,581272.18,2024-06-23,2027-04-22,23,2024-11-27,Cancelado,77
2814,1391,771901.51,2021-04-26,2024-08-01,11,2025-04-01,Activo,173
2815,2883,702776.52,2024-06-10,2025-01-24,6,2024-12-18,Refinanciado,48
2816,781,544304.69,2024-12-27,2025-03-04,16,2025-04-28,Activo,26
2817,118,757484.42,2022-04-06,2025-01-04,34,2025-03-08,Cancelado,0
2818,704,567470.42,2024-03-01,2026-02-06,5,2024-11-30,Activo,0
2819,2365,416183.49,2023-04-02,2024-09-09,11,2024-11-06,Cancelado,0
2820,288,464014.59,2023-11-14,2024-01-14,14,2024-10-03,En Mora,17
2821,2956,846576.27,2024-12-25,2025-01-18,31,2025-01-20,Activo,0
2822,1375,585109.88,2024-02-02,2024-12-26,22,2024-07-16,Activo,0
2823,2345,408431.34,2024-07-29,2025-02-04,6,2025-02-04,Cancelado,0
2824,2025,220755.99,2023-07-11,2026-06-24,30,2024-10-19,Cancelado,0
2825,443,520589.95,2024-08-21,2026-07-29,28,2024-06-03,Activo,0
2826,901,289783.9,2020-11-03,2021-03-29,27,2024-06-13,Activo,16
2827,301,957800.88,2022-03-30,2027-04-04,11,2025-05-31,Cancelado,58
2828,2946,516432.98,2020-12-13,2025-06-22,26,2024-09-24,Activo,0
2829,2474,58500.86,2024-03-04,2025-08-08,3,2025-03-22,Activo,0
2830,250,138233.33,2023-09-02,2025-08-14,20,2025-05-28,En Mora,0
2831,1958,320108.27,2022-05-01,2023-04-05,8,2024-07-25,Activo,0
2832,1767,137554.7,2024-06-13,2026-08-31,33,2024-06-26,Activo,46
2833,1539,899264.11,2020-06-26,2021-03-12,20,2024-10-27,Activo,0
2834,686,861633.99,2022-01-02,2025-08-08,22,2025-04-25,Cancelado,0
2835,2800,972318.43,2025-03-24,2026-08-08,23,2025-01-24,Activo,0
2836,998,721142.33,2024-03-24,2024-09-23,9,2024-09-09,Activo,0
2837,406,663191.32,2023-07-06,2027-02-23,5,2025-04-06,Activo,82
2838,2849,927321.81,2023-08-30,2025-06-04,20,2025-05-02,Activo,26
2839,244,949073.49,2024-01-28,2026-03-30,28,2025-04-24,Activo,0
2840,2415,883613.45,2022-03-29,2023-02-26,20,2024-06-07,Activo,61
2841,2168,868399.2,2021-05-30,2025-08-29,21,2024-09-13,Activo,0
2842,2898,688118.09,2022-02-22,2024-04-07,34,2024-06-14,Activo,172
2843,1606,51525.65,2021-11-29,2023-06-02,4,2024-07-10,Activo,101
2844,433,458041.2,2025-01-16,2026-05-01,14,2025-01-06,Activo,128
2845,183,653879.63,2022-01-04,2023-11-28,18,2024-11-28,Refinanciado,42
2846,1485,569771.01,2021-01-07,2023-03-11,15,2025-02-15,En Mora,7
2847,2807,830070.3,2021-06-23,2024-09-19,22,2025-01-25,Cancelado,0
2848,1142,827957.16,2020-12-18,2021-05-20,3,2024-11-07,Refinanciado,0
2849,31,618747.91,2020-11-22,2025-01-31,20,2024-07-19,Activo,0
2850,1173,70894.35,2023-12-07,2024-05-02,23,2024-09-23,Activo,0
2851,2576,400863.45,2021-03-02,2022-11-25,25,2024-11-08,Activo,0
2852,1297,267375.76,2023-01-06,2025-02-08,1,2024-08-10,Activo,148
2853,2912,371848.7,2022-02-17,2024-02-05,7,2024-12-25,En Mora,0
2854,1904,636428.02,2023-07-12,2024-10-30,8,2024-06-26,En Mora,0
2855,102,113138.81,2021-08-21,2021-09-14,1,2024-08-02,Cancelado,0
2856,1096,71129.95,2024-08-05,2026-04-20,13,2024-11-05,Cancelado,0
2857,1729,465029.27,2020-09-16,2027-05-31,19,2025-04-25,Activo,0
2858,2671,803895.14,2021-05-08,2026-07-21,1,2024-11-14,Activo,0
2859,2853,79163.65,2025-02-24,2026-03-27,3,2025-01-05,Activo,0
2860,2456,856596.16,2021-12-20,2025-03-07,34,2024-12-17,Activo,25
2861,1391,414685.65,2023-04-30,2026-05-10,13,2024-06-12,Activo,41
2862,830,162323.66,2023-11-29,2026-08-28,20,2025-04-24,Activo,170
2863,2837,589122.84,2024-01-28,2025-05-13,14,2025-02-21,Refinanciado,0
2864,618,954742.53,2020-11-19,2024-12-10,19,2024-12-25,Activo,0
2865,2597,565387.25,2020-09-28,2025-08-09,5,2024-09-18,Activo,93
2866,291,702303.02,2022-10-29,2023-01-30,27,2024-08-22,Cancelado,0
2867,2470,825600.22,2023-05-29,2025-11-13,1,2025-02-05,Activo,97
2868,181,809373.12,2024-02-24,2024-09-06,27,2024-06-15,Activo,169
2869,2703,119462.79,2020-09-23,2023-07-24,33,2024-12-13,Activo,124
2870,2162,753945.64,2023-10-29,2024-07-23,13,2024-06-25,Activo,158
2871,1262,951977.09,2022-04-09,2023-12-10,8,2025-04-03,Cancelado,0
2872,260,715619.62,2020-11-18,2025-05-27,22,2024-08-16,Activo,0
2873,2292,844620.75,2024-07-15,2024-11-05,34,2025-05-20,Activo,0
2874,2471,511272.22,2020-07-19,2025-02-26,21,2024-08-18,Activo,59
2875,335,353115.86,2020-07-19,2025-06-19,4,2025-03-06,Cancelado,0
2876,1047,692427.26,2020-07-24,2022-08-11,28,2024-11-14,Activo,28
2877,1897,517589.98,2023-10-26,2026-06-05,34,2024-09-26,Cancelado,0
2878,271,900524.41,2022-04-12,2025-02-13,33,2024-11-16,En Mora,19
2879,2502,975662.87,2023-10-28,2024-10-22,3,2025-04-30,Activo,0
2880,1408,828811.96,2023-02-23,2025-05-09,8,2024-11-11,Activo,0
2881,2642,993045.64,2024-12-08,2026-02-25,13,2025-03-15,Cancelado,165
2882,1401,380952.07,2025-03-27,2026-08-17,4,2025-04-04,En Mora,0
2883,1010,900967.61,2022-11-24,2025-12-09,26,2025-05-03,Activo,0
2884,1462,363436.95,2022-06-14,2024-11-25,10,2025-04-01,Activo,104
2885,2904,162136.17,2021-01-02,2023-12-30,29,2024-10-03,En Mora,0
2886,1605,640305.01,2023-09-04,2025-09-16,33,2025-02-28,Activo,0
2887,132,482239.2,2024-03-06,2026-09-17,23,2024-06-25,En Mora,8
2888,2816,925614.27,2024-12-14,2026-04-16,15,2024-06-20,En Mora,47
2889,1745,517584.19,2022-05-19,2023-12-06,29,2024-09-02,Activo,0
2890,2549,931250.95,2023-08-02,2025-07-11,23,2024-09-21,Cancelado,44
2891,1546,124702.17,2022-11-23,2026-07-10,2,2025-01-22,Cancelado,0
2892,135,838986.24,2025-03-30,2025-11-12,28,2024-11-15,Activo,0
2893,767,771158.56,2023-06-22,2024-03-02,11,2025-03-19,Activo,0
2894,2860,733979.36,2023-10-29,2024-09-16,26,2025-03-03,En Mora,0
2895,770,387379.06,2024-11-19,2026-06-01,28,2024-07-13,Activo,0
2896,2142,794571.65,2024-05-26,2024-08-25,1,2024-12-14,Cancelado,166
2897,1908,509131.75,2020-12-23,2023-01-16,28,2024-11-13,Activo,0
2898,1265,729443.34,2024-02-25,2026-02-17,8,2024-07-19,Cancelado,124
2899,1773,574615.79,2024-07-13,2026-08-26,27,2025-01-22,En Mora,0
2900,165,199567.72,2022-02-20,2022-11-18,22,2025-01-14,Activo,0
2901,325,111330.66,2022-04-12,2022-09-16,12,2024-09-25,Activo,0
2902,2988,397877.32,2021-01-23,2023-09-14,4,2025-02-24,Activo,0
2903,620,936149.38,2023-08-09,2024-03-07,31,2024-08-04,Cancelado,24
2904,231,553248.27,2021-09-25,2024-09-16,27,2024-08-07,Cancelado,55
2905,2630,812082.46,2023-10-21,2025-06-25,14,2024-12-06,En Mora,0
2906,2781,597155.42,2021-11-18,2022-10-20,23,2025-01-24,Activo,0
2907,1203,960010.02,2024-03-28,2027-03-03,31,2024-07-24,Activo,0
2908,1378,400982.78,2020-06-29,2023-05-04,20,2025-05-16,Activo,0
2909,2719,104197.93,2024-07-27,2027-03-02,4,2025-03-26,Activo,0
2910,1892,791634.96,2023-01-07,2023-01-18,35,2024-06-22,Activo,146
2911,403,720183.68,2021-07-04,2023-10-25,27,2024-11-22,Activo,0
2912,2169,551157.66,2021-07-08,2022-03-23,31,2024-09-10,Cancelado,0
2913,2775,360071.68,2022-06-11,2024-09-10,22,2024-06-02,Activo,0
2914,385,228851.89,2022-01-17,2022-10-20,15,2024-06-21,En Mora,0
2915,1764,508162.24,2023-03-15,2025-12-13,9,2025-03-01,Activo,83
2916,1449,682891.34,2023-03-18,2026-09-07,28,2024-11-23,Cancelado,106
2917,2524,599942.11,2022-10-02,2023-06-12,26,2024-09-19,En Mora,0
2918,2608,465615.98,2025-02-22,2026-09-03,34,2024-12-27,Cancelado,162
2919,1191,562709.72,2022-12-29,2026-11-26,23,2024-07-14,Activo,0
2920,389,152557.18,2024-12-24,2026-07-07,22,2024-11-02,Cancelado,0
2921,1547,711048.1,2022-10-02,2024-09-27,2,2024-08-11,Activo,173
2922,1774,747543.24,2023-11-09,2024-06-16,35,2024-07-06,Activo,0
2923,790,60879.97,2025-04-04,2025-10-12,13,2024-11-20,Refinanciado,0
2924,2801,306993.58,2025-03-13,2027-04-11,3,2024-10-11,Cancelado,0
2925,1495,137511.02,2020-10-05,2022-04-03,31,2024-12-22,Activo,0
2926,2752,998320.53,2023-07-15,2025-05-15,19,2025-03-24,Activo,0
2927,1548,613675.69,2021-08-16,2023-06-16,16,2024-11-21,Activo,13
2928,2101,492451.19,2023-06-06,2024-08-19,28,2024-10-28,En Mora,14
2929,2615,489850.97,2020-08-18,2023-04-16,31,2024-09-09,En Mora,62
2930,821,966535.22,2023-07-18,2027-01-29,3,2024-07-24,Activo,0
2931,1045,676862.86,2021-07-31,2023-09-13,23,2024-10-14,Cancelado,0
2932,1043,210226.58,2025-01-25,2027-02-20,1,2024-07-02,Activo,0
2933,1880,475750.89,2023-07-16,2023-11-14,13,2025-05-21,Refinanciado,120
2934,862,785487.0,2022-06-29,2026-01-28,33,2025-02-07,Cancelado,21
2935,1480,452182.56,2024-02-01,2026-10-26,1,2024-06-11,Activo,0
2936,2370,344056.75,2024-01-12,2027-05-27,35,2024-10-20,En Mora,32
2937,2875,991655.27,2021-10-24,2022-06-06,5,2024-06-28,Activo,0
2938,2481,938855.28,2022-06-16,2024-04-23,35,2024-08-20,Activo,0
2939,1795,944482.35,2024-10-19,2025-09-19,21,2025-04-06,Cancelado,0
2940,1464,175088.9,2023-01-17,2025-04-03,4,2025-01-25,Activo,110
2941,1908,272542.49,2022-01-16,2025-07-09,21,2025-04-24,Activo,0
2942,2106,469963.61,2020-07-15,2022-10-29,10,2025-04-06,Cancelado,173
2943,751,840522.8,2022-05-01,2026-02-13,30,2024-10-29,Activo,0
2944,1317,749986.16,2020-08-18,2025-10-07,28,2025-01-07,Activo,0
2945,182,857184.03,2022-10-09,2024-10-08,32,2024-08-26,Activo,0
2946,1905,924725.13,2021-05-13,2024-03-28,21,2025-04-28,Cancelado,0
2947,2655,791728.5,2025-05-07,2025-10-22,26,2025-01-20,Cancelado,0
2948,961,298681.51,2025-05-04,2026-08-30,7,2025-03-04,Activo,0
2949,105,321173.4,2021-06-27,2021-11-11,5,2025-03-13,En Mora,0
2950,1285,384863.3,2021-09-01,2027-01-03,24,2024-10-12,Cancelado,0
2951,2655,337921.6,2024-04-08,2026-03-24,33,2024-06-07,Cancelado,0
2952,990,286644.0,2025-05-15,2025-09-01,8,2025-01-13,Activo,0
2953,484,764861.76,2022-03-11,2027-01-26,35,2024-09-28,En Mora,0
2954,1726,82291.5,2022-05-15,2025-09-22,30,2024-06-28,En Mora,153
2955,2177,741974.05,2023-06-23,2025-12-01,18,2024-12-10,Cancelado,64
2956,2367,832385.58,2024-04-19,2027-04-17,0,2024-07-06,Activo,0
2957,707,112741.84,2022-05-17,2023-04-21,23,2024-12-22,Activo,150
2958,2557,108754.75,2024-08-15,2026-01-30,33,2025-04-02,Activo,31
2959,20,321190.61,2023-05-16,2024-12-17,16,2024-06-08,En Mora,0
2960,752,247891.47,2022-09-10,2023-08-21,33,2024-06-17,En Mora,0
2961,235,602076.99,2023-04-22,2027-01-16,34,2025-03-04,Cancelado,159
2962,1621,691678.97,2025-03-21,2027-01-15,35,2024-06-20,Activo,0
2963,606,652434.9,2023-08-05,2024-09-12,12,2025-05-19,Activo,0
2964,554,389480.0,2023-01-21,2023-06-07,24,2024-09-29,Activo,0
2965,1900,523477.94,2022-01-07,2025-01-16,11,2024-09-23,Activo,0
2966,2501,657991.29,2023-03-27,2025-03-12,20,2024-09-28,Activo,0
2967,586,163454.96,2025-03-01,2026-10-29,0,2024-11-12,Refinanciado,0
2968,984,268036.32,2021-12-31,2022-05-11,5,2024-10-21,Activo,0
2969,1651,895971.35,2024-09-28,2025-11-05,10,2025-04-06,Activo,0
2970,423,375210.06,2023-01-05,2025-04-09,15,2024-07-23,Activo,0
2971,2054,811098.56,2021-01-04,2021-04-23,21,2025-01-05,Activo,36
2972,458,288440.26,2024-05-19,2025-12-31,10,2025-04-13,Activo,174
2973,1915,89558.33,2021-07-24,2024-01-25,25,2025-05-06,En Mora,0
2974,2602,525380.56,2023-08-23,2026-02-05,25,2024-08-15,Activo,31
2975,2570,897857.94,2024-12-26,2026-07-21,20,2025-03-30,Activo,0
2976,846,828320.32,2024-05-21,2026-07-24,25,2024-12-21,Activo,96
2977,551,290292.21,2023-04-23,2026-10-03,14,2025-04-06,En Mora,0
2978,1421,914438.99,2022-08-18,2026-10-19,34,2024-07-22,En Mora,141
2979,1995,505730.1,2024-04-27,2026-11-08,10,2024-09-21,Activo,26
2980,2059,96549.05,2023-03-15,2024-09-01,8,2024-10-21,Cancelado,5
2981,1646,76528.39,2021-04-14,2021-09-03,22,2025-04-09,Activo,0
2982,497,510858.05,2024-11-09,2025-10-06,3,2024-07-21,Cancelado,58
2983,2793,569006.71,2021-08-26,2026-11-17,29,2025-04-23,Activo,0
2984,2537,125917.27,2024-07-06,2026-07-03,27,2024-11-04,Activo,0
2985,2784,926128.62,2022-07-23,2025-03-07,24,2024-08-03,Activo,22
2986,2506,732305.99,2021-11-18,2023-10-26,21,2024-12-11,Activo,110
2987,2512,811218.24,2025-03-27,2025-07-31,24,2024-08-19,Activo,0
2988,2091,604822.09,2022-08-17,2026-10-02,25,2025-04-09,Activo,0
2989,539,680366.87,2020-06-19,2024-04-19,28,2025-03-22,Activo,89
2990,568,418467.22,2021-03-29,2024-05-31,31,2024-11-27,Activo,41
2991,121,695332.23,2024-11-12,2025-08-15,25,2025-01-22,En Mora,0
2992,2673,979273.75,2022-12-12,2024-10-10,27,2024-06-20,Cancelado,103
2993,316,665330.12,2023-10-06,2024-11-12,19,2025-02-01,Activo,156
2994,1139,374552.04,2025-04-13,2025-09-19,1,2024-11-12,Activo,0
2995,621,320977.17,2020-11-04,2027-05-08,22,2024-09-21,Activo,0
2996,454,965178.64,2021-05-06,2026-03-18,4,2024-12-31,Activo,129
2997,2735,225752.18,2025-01-23,2025-06-01,20,2025-05-28,Activo,0
2998,2672,815886.78,2021-12-09,2026-12-25,21,2025-05-15,Activo,0
2999,612,491999.18,2023-09-02,2025-11-27,10,2024-11-13,Activo,0
3000,1544,471571.77,2022-05-12,2027-03-23,29,2025-02-23,Cancelado,175
3001,959,760160.9,2020-07-19,2021-10-17,27,2024-09-01,Refinanciado,130
3002,2009,190636.51,2023-06-06,2025-01-12,35,2025-04-27,Cancelado,51
3003,647,492981.13,2021-05-23,2026-05-16,16,2025-03-20,Refinanciado,0
3004,763,84042.0,2024-04-27,2025-01-01,20,2025-01-29,En Mora,0
3005,1361,686886.48,2023-08-05,2023-10-03,35,2025-02-08,Activo,0
3006,240,105458.42,2024-09-20,2026-09-22,24,2024-07-13,Activo,0
3007,2782,132924.36,2024-08-15,2025-02-16,23,2024-11-26,En Mora,57
3008,1410,852585.06,2025-01-15,2027-04-21,29,2024-09-27,Activo,0
3009,1169,470807.43,2024-02-23,2025-07-27,34,2024-08-20,Activo,0
3010,2425,240926.9,2022-06-30,2026-06-03,20,2024-06-18,Activo,0
3011,2052,612955.35,2023-10-08,2027-05-24,5,2025-02-06,Activo,64
3012,2842,543319.1,2021-03-30,2024-03-12,20,2025-05-01,Activo,0
3013,2894,440362.91,2024-01-16,2025-05-04,7,2025-01-17,En Mora,0
3014,197,910146.21,2022-06-12,2025-10-10,4,2025-04-30,Activo,0
3015,2437,761985.1,2021-07-09,2025-06-03,9,2024-09-25,Activo,0
3016,261,194013.23,2021-01-11,2025-05-01,30,2024-08-17,Cancelado,0
3017,2651,592235.92,2024-05-22,2024-08-07,29,2024-12-15,Activo,0
3018,1795,134306.71,2022-02-28,2022-07-01,20,2025-03-09,Cancelado,6
3019,1958,282421.27,2022-08-21,2026-10-02,35,2025-01-26,En Mora,0
3020,94,914367.33,2023-11-11,2025-05-17,26,2025-02-10,Activo,0
3021,1281,488975.93,2023-02-21,2025-03-14,34,2024-07-03,Cancelado,144
3022,136,897500.8,2022-11-23,2024-07-07,31,2025-05-18,Activo,0
3023,2573,207699.02,2022-11-08,2023-11-23,25,2025-01-26,Cancelado,0
3024,2004,245074.66,2023-09-20,2024-08-31,3,2025-04-25,En Mora,0
3025,2546,385183.49,2022-03-30,2025-04-22,26,2024-09-20,Cancelado,0
3026,1202,398009.36,2023-02-08,2024-07-03,35,2025-02-06,Cancelado,0
3027,2160,758013.41,2024-04-02,2026-10-14,26,2024-09-19,Activo,0
3028,1288,619440.03,2020-09-22,2026-02-13,5,2024-10-20,Cancelado,0
3029,369,575586.95,2021-09-04,2025-10-26,17,2024-08-04,Activo,0
3030,936,622256.73,2022-04-23,2023-03-08,25,2024-10-29,Activo,29
3031,768,745581.8,2023-01-31,2026-05-28,23,2024-06-25,Cancelado,0
3032,2634,898175.81,2020-11-02,2024-06-24,6,2025-05-16,Cancelado,70
3033,673,444002.96,2022-09-04,2024-07-27,13,2024-11-27,Activo,0
3034,511,812779.65,2020-09-23,2025-01-07,12,2024-10-21,Cancelado,0
3035,713,520342.04,2023-11-17,2023-11-22,25,2025-01-03,En Mora,88
3036,820,735974.33,2025-03-25,2026-05-11,1,2025-01-07,Activo,59
3037,2425,881082.6,2024-04-27,2026-04-23,22,2024-09-05,Activo,159
3038,545,80604.08,2023-03-10,2023-04-18,27,2024-11-15,Cancelado,0
3039,2121,569298.27,2021-06-06,2023-10-06,0,2024-06-19,Activo,0
3040,504,989911.6,2021-07-24,2026-10-02,31,2025-05-06,En Mora,0
3041,805,521413.19,2022-05-25,2023-11-15,11,2025-01-12,Cancelado,159
3042,710,871088.5,2022-04-08,2025-03-27,34,2024-07-11,Cancelado,0
3043,2373,226604.86,2021-02-09,2025-03-13,25,2025-02-18,Activo,123
3044,388,624072.74,2023-04-24,2023-06-30,30,2025-02-16,Activo,0
3045,2876,876790.67,2022-12-30,2023-08-29,11,2024-08-15,Activo,142
3046,240,459956.48,2023-04-30,2026-06-11,28,2024-06-30,Activo,0
3047,1098,512385.96,2021-06-30,2023-03-23,4,2024-08-19,Refinanciado,0
3048,2079,127917.01,2021-02-14,2023-04-21,34,2024-12-27,Activo,0
3049,2527,90063.49,2020-09-24,2026-11-04,6,2025-02-24,Activo,0
3050,2765,495272.88,2025-04-14,2026-11-10,15,2024-09-12,Refinanciado,148
3051,1340,851301.57,2021-01-01,2021-03-15,31,2024-06-20,Cancelado,0
3052,68,934758.06,2022-06-02,2027-02-22,16,2024-12-20,Activo,0
3053,2586,675720.35,2024-04-18,2026-03-13,20,2025-03-27,Activo,0
3054,1944,835078.67,2025-04-24,2026-02-16,26,2024-10-30,Refinanciado,0
3055,1720,748111.45,2024-02-13,2024-05-22,14,2024-09-07,Activo,14
3056,1673,716411.54,2022-06-24,2024-07-18,22,2024-06-15,En Mora,0
3057,291,780581.44,2021-01-31,2024-03-02,7,2024-10-22,En Mora,0
3058,975,530037.8,2023-04-30,2023-12-26,24,2025-01-10,En Mora,0
3059,2072,485041.2,2021-06-17,2023-05-03,10,2024-07-14,Activo,0
3060,415,201186.35,2025-01-09,2026-01-10,20,2024-11-27,Activo,176
3061,851,851624.55,2022-04-04,2025-07-15,9,2024-07-28,En Mora,0
3062,2729,92383.19,2024-12-09,2025-08-28,8,2024-08-19,Cancelado,0
3063,2149,304071.92,2022-01-29,2026-12-18,0,2024-08-03,Cancelado,84
3064,546,543920.34,2023-02-11,2023-10-10,21,2025-03-22,Activo,0
3065,2087,973018.21,2023-09-17,2025-04-19,5,2024-07-17,Activo,0
3066,2259,796674.3,2020-09-11,2021-06-20,29,2024-06-27,Activo,92
3067,742,400237.66,2023-09-21,2024-06-16,33,2025-04-16,Activo,0
3068,1815,728250.97,2023-12-28,2024-11-11,12,2024-11-04,Cancelado,0
3069,592,934800.92,2021-07-08,2025-07-18,21,2025-05-24,Activo,0
3070,750,561939.28,2023-03-20,2024-12-20,5,2024-11-23,Activo,0
3071,2220,488843.19,2023-07-19,2024-03-11,23,2024-08-22,En Mora,0
3072,838,575343.61,2022-08-12,2027-03-24,20,2025-02-04,En Mora,0
3073,2490,345953.54,2023-07-05,2025-12-14,22,2024-11-12,En Mora,0
3074,534,911981.37,2021-09-15,2023-10-24,4,2024-09-10,En Mora,49
3075,365,807417.72,2020-09-22,2022-08-12,6,2024-08-20,Activo,0
3076,367,720209.91,2025-04-29,2027-02-12,2,2025-01-02,Activo,0
3077,1774,609637.48,2023-10-19,2027-01-03,12,2024-06-09,Refinanciado,0
3078,2344,971001.04,2022-09-28,2027-05-31,11,2024-12-07,Cancelado,0
3079,2654,332820.44,2025-04-15,2026-09-04,5,2025-03-22,Activo,136
3080,2804,318978.41,2022-08-24,2025-12-31,33,2025-05-14,Activo,47
3081,2571,280031.42,2020-07-05,2020-12-17,14,2025-01-31,Activo,0
3082,1653,754687.19,2024-09-18,2026-06-20,17,2024-07-07,En Mora,0
3083,265,807421.36,2021-06-13,2024-09-21,2,2025-01-11,En Mora,73
3084,1062,617258.47,2022-09-13,2022-12-04,21,2025-05-09,Activo,173
3085,2035,669384.52,2021-08-09,2021-11-21,34,2025-02-16,Activo,0
3086,382,381512.73,2020-06-24,2021-07-18,27,2025-02-14,En Mora,0
3087,1167,87769.67,2023-10-28,2024-09-07,11,2025-05-05,Refinanciado,0
3088,2479,290954.05,2023-01-21,2026-08-13,0,2025-05-10,Activo,0
3089,389,605088.07,2022-12-28,2027-02-26,35,2025-03-12,En Mora,0
3090,2102,822286.05,2023-10-25,2025-01-21,29,2025-01-25,Activo,63
3091,2072,788335.23,2020-09-18,2021-04-10,22,2024-09-30,Activo,0
3092,395,220513.0,2023-04-09,2026-05-30,27,2024-07-15,Cancelado,0
3093,2681,98873.9,2022-03-10,2026-04-04,4,2025-03-19,En Mora,136
3094,2167,858032.04,2020-12-12,2022-04-08,35,2024-08-27,Activo,0
3095,983,121809.77,2023-04-07,2026-07-31,9,2025-02-18,En Mora,0
3096,2240,423645.7,2021-01-15,2023-08-25,4,2024-07-20,Cancelado,0
3097,1963,139514.37,2023-09-03,2024-03-14,13,2024-10-27,Cancelado,0
3098,2535,585846.27,2025-01-09,2026-07-26,23,2024-11-04,Cancelado,84
3099,2681,395169.61,2025-05-30,2027-04-08,27,2025-01-29,Activo,0
3100,721,242368.94,2023-07-11,2025-11-14,20,2024-09-28,Cancelado,0
3101,2432,615409.28,2023-10-02,2026-07-15,11,2024-10-05,Activo,0
3102,2860,395222.2,2024-04-24,2027-04-24,19,2024-12-21,Activo,114
3103,2394,208448.84,2024-02-18,2027-04-25,31,2024-12-19,Activo,0
3104,473,715082.09,2022-11-05,2026-04-20,20,2024-06-12,En Mora,128
3105,2724,844967.89,2022-02-04,2022-08-31,16,2024-06-26,Activo,81
3106,1804,310055.44,2024-06-05,2025-10-27,0,2025-03-20,Activo,0
3107,1976,227103.79,2022-10-14,2024-01-22,27,2024-08-07,En Mora,0
3108,2051,121489.27,2024-06-05,2027-04-27,1,2024-11-12,En Mora,0
3109,925,551507.02,2024-07-31,2025-05-28,16,2025-04-28,Activo,28
3110,876,839729.01,2023-05-01,2024-01-13,13,2024-08-13,En Mora,0
3111,973,288250.4,2025-01-23,2027-04-10,13,2025-01-25,Cancelado,0
3112,379,487605.88,2024-08-23,2026-01-17,17,2024-09-20,Cancelado,0
3113,1322,202763.28,2024-03-04,2024-12-28,33,2025-02-06,Activo,71
3114,2186,433990.78,2024-02-21,2025-04-08,0,2024-12-16,Cancelado,0
3115,125,64672.85,2024-05-30,2025-09-02,17,2025-01-19,Activo,0
3116,2982,915192.61,2022-03-21,2027-04-17,33,2025-04-13,En Mora,75
3117,1426,692743.3,2020-11-13,2022-12-19,22,2024-08-15,Cancelado,0
3118,480,366173.03,2024-06-27,2026-06-18,15,2025-04-26,En Mora,0
3119,2618,887138.35,2022-11-20,2027-03-29,18,2024-12-08,Cancelado,0
3120,1386,223783.15,2022-01-14,2024-09-01,5,2024-08-27,Cancelado,156
3121,2114,124797.05,2021-07-02,2021-09-04,23,2024-08-17,Refinanciado,30
3122,2900,945490.5,2023-05-04,2024-12-22,16,2025-03-09,Activo,0
3123,432,343566.11,2023-02-18,2023-03-10,15,2024-10-21,Refinanciado,0
3124,1959,939174.72,2021-08-14,2023-10-28,5,2024-09-12,Activo,0
3125,1113,655732.27,2024-01-11,2025-09-22,15,2024-12-12,Activo,89
3126,601,981040.79,2023-05-02,2025-05-26,8,2024-08-01,Cancelado,0
3127,856,765757.75,2020-06-12,2021-05-28,28,2024-11-16,Refinanciado,144
3128,2054,150209.67,2022-07-24,2025-12-06,3,2024-09-04,Activo,0
3129,158,859617.23,2021-09-07,2027-03-03,25,2025-05-12,Cancelado,0
3130,2378,190484.6,2021-11-17,2024-06-24,25,2025-03-11,Refinanciado,0
3131,1127,707587.73,2025-02-26,2026-09-25,13,2025-03-10,Cancelado,0
3132,223,525387.08,2024-09-03,2025-01-26,34,2024-10-25,Activo,0
3133,2450,722338.76,2023-01-28,2023-10-05,23,2025-03-27,Cancelado,15
3134,1707,776740.06,2023-07-13,2026-02-05,7,2024-09-04,En Mora,0
3135,545,813481.95,2024-09-01,2026-11-14,24,2025-01-11,Activo,151
3136,2557,843231.13,2023-06-20,2024-10-19,3,2024-09-19,Refinanciado,45
3137,2232,854863.3,2020-10-31,2024-06-18,14,2024-06-21,Activo,0
3138,2963,441945.71,2025-05-26,2027-03-15,15,2024-10-24,Activo,0
3139,2629,894766.67,2022-06-05,2026-01-09,10,2024-06-23,Activo,10
3140,538,733601.24,2022-03-31,2025-03-08,27,2024-10-20,Activo,0
3141,1437,847022.38,2024-04-04,2025-08-16,6,2024-06-22,Activo,0
3142,2566,989731.79,2020-10-01,2025-06-03,23,2025-03-03,Cancelado,0
3143,2816,160594.01,2023-12-06,2024-07-27,30,2025-04-24,Refinanciado,0
3144,2343,402050.71,2022-03-31,2027-05-25,3,2024-09-01,Activo,176
3145,260,816219.67,2022-09-24,2026-10-31,34,2024-08-15,Activo,0
3146,826,131988.3,2024-11-27,2025-10-26,5,2024-10-12,Activo,0
3147,316,563742.01,2021-09-21,2025-07-23,32,2025-05-23,Activo,0
3148,746,865478.06,2024-05-10,2027-05-16,31,2024-09-20,Cancelado,0
3149,719,68041.7,2024-12-03,2025-06-20,34,2025-04-18,Activo,0
3150,1101,942542.95,2022-12-14,2023-02-11,16,2024-06-14,Activo,136
3151,2728,979237.58,2024-02-08,2024-12-03,31,2024-09-09,Cancelado,0
3152,2902,356166.88,2022-01-04,2024-08-24,13,2024-12-22,En Mora,136
3153,461,778451.63,2022-09-09,2023-08-11,18,2025-03-15,Activo,0
3154,2855,170817.3,2020-10-02,2024-10-20,23,2024-11-02,Cancelado,0
3155,1105,784221.06,2022-03-19,2023-07-17,10,2024-07-07,Activo,0
3156,1703,507445.6,2020-09-22,2024-12-05,6,2024-12-23,Cancelado,0
3157,2841,867259.42,2024-03-31,2025-01-28,23,2025-04-25,Activo,0
3158,2978,251976.11,2025-05-28,2025-05-29,23,2024-08-06,Cancelado,53
3159,1407,689025.06,2022-07-08,2022-09-04,13,2024-11-25,Activo,0
3160,2197,796813.22,2022-06-15,2027-04-19,23,2025-04-16,Activo,0
3161,2816,242367.65,2021-01-30,2023-06-03,10,2024-07-18,En Mora,12
3162,2393,827372.91,2025-03-21,2025-10-01,7,2024-10-16,Activo,142
3163,1814,960086.23,2024-04-14,2026-10-30,14,2024-06-17,Activo,0
3164,1815,635274.67,2021-08-08,2022-10-30,1,2025-03-27,Activo,0
3165,1742,795607.9,2024-12-20,2025-12-04,23,2024-06-24,Activo,38
3166,974,555954.67,2022-05-09,2023-01-15,9,2025-05-07,En Mora,37
3167,922,618198.19,2020-09-29,2025-08-16,31,2024-09-19,Activo,0
3168,30,62684.81,2023-04-19,2025-06-01,16,2024-07-25,Activo,0
3169,2778,548072.9,2024-11-10,2025-07-07,9,2024-06-08,Activo,0
3170,982,596785.56,2025-04-04,2026-07-01,21,2024-12-30,Cancelado,0
3171,231,686545.17,2023-05-14,2027-05-16,5,2024-08-14,Activo,65
3172,1186,210921.08,2020-07-31,2023-09-02,26,2024-09-20,En Mora,0
3173,2777,279305.55,2023-06-09,2024-03-14,19,2024-10-05,Activo,0
3174,1252,768204.4,2023-10-03,2025-10-13,0,2024-12-08,Activo,0
3175,1245,209256.88,2021-10-07,2023-06-22,16,2024-10-16,En Mora,0
3176,2794,445224.77,2020-06-02,2024-11-19,0,2024-09-24,Cancelado,170
3177,1097,287965.71,2023-10-30,2025-11-25,14,2024-06-29,En Mora,0
3178,399,567924.9,2024-08-12,2025-08-16,0,2024-10-24,En Mora,0
3179,95,987527.34,2021-09-07,2026-01-10,16,2024-08-25,Activo,98
3180,1964,859436.0,2021-02-26,2022-06-17,1,2024-08-03,Activo,14
3181,475,306000.62,2020-11-04,2026-07-06,17,2024-07-08,Activo,0
3182,1930,400181.22,2024-12-06,2027-01-30,11,2025-03-17,Activo,0
3183,1779,922701.9,2024-11-14,2025-04-01,28,2024-07-22,Activo,0
3184,775,903380.22,2025-05-12,2026-07-23,22,2025-04-24,Activo,85
3185,1148,202501.64,2024-09-09,2025-11-15,8,2024-11-29,En Mora,0
3186,2848,837807.58,2020-10-18,2024-02-14,7,2024-12-15,Activo,0
3187,1524,332727.51,2023-07-14,2024-02-08,15,2024-10-09,Cancelado,0
3188,2992,566613.0,2021-04-04,2022-04-12,22,2025-02-01,Activo,120
3189,621,54843.47,2024-12-14,2025-05-25,28,2025-03-24,En Mora,153
3190,2908,998660.68,2020-10-14,2023-03-04,9,2024-08-03,Activo,12
3191,964,773041.65,2021-12-30,2022-10-09,11,2025-04-13,En Mora,0
3192,2861,279646.41,2024-03-20,2024-07-16,11,2025-05-20,Activo,0
3193,2143,699605.15,2024-08-28,2026-04-18,29,2025-02-18,Activo,163
3194,1501,328641.99,2021-10-16,2025-08-03,9,2024-12-12,Activo,0
3195,2081,134983.02,2021-05-27,2025-12-19,13,2025-02-05,Cancelado,0
3196,1327,454044.46,2023-08-21,2027-01-02,3,2024-08-11,En Mora,0
3197,122,633032.92,2025-05-13,2027-05-09,19,2024-09-10,Activo,158
3198,218,135288.59,2024-07-08,2025-12-02,6,2024-07-20,Activo,146
3199,1077,542485.98,2023-06-11,2026-12-16,29,2024-09-15,Cancelado,0
3200,1183,539121.02,2024-07-31,2026-06-05,23,2024-06-04,Cancelado,0
3201,1695,647212.98,2023-03-11,2025-07-20,9,2025-02-18,Activo,0
3202,795,282413.36,2024-06-23,2025-09-23,35,2025-02-03,Cancelado,38
3203,1625,69609.41,2021-02-16,2027-01-06,16,2024-12-24,Activo,0
3204,176,358614.63,2022-02-08,2023-06-26,20,2024-06-28,Cancelado,74
3205,292,428652.13,2023-02-02,2026-01-06,2,2024-10-09,En Mora,0
3206,491,653954.0,2024-12-25,2026-12-23,0,2024-09-19,Activo,0
3207,2809,933663.27,2022-05-31,2022-07-30,17,2024-11-07,Activo,0
3208,634,243216.25,2020-11-16,2022-05-24,1,2024-12-17,En Mora,0
3209,1261,702966.95,2022-09-20,2025-02-13,3,2024-10-25,En Mora,0
3210,2173,142530.86,2021-08-02,2025-03-26,31,2025-03-06,En Mora,0
3211,1891,231090.67,2022-03-29,2023-06-15,18,2024-12-12,Activo,0
3212,604,533677.79,2021-12-25,2024-12-05,19,2025-04-04,En Mora,67
3213,2986,722958.7,2022-04-14,2027-03-27,6,2024-11-03,Cancelado,69
3214,1129,865640.11,2022-07-31,2024-08-13,8,2024-06-12,Refinanciado,0
3215,1066,756708.26,2021-03-01,2022-04-19,6,2024-07-02,Activo,0
3216,1665,64585.15,2023-11-25,2026-04-08,26,2024-08-18,Activo,29
3217,1484,699734.76,2023-10-01,2024-01-18,20,2024-09-06,Activo,0
3218,491,833424.82,2021-11-30,2023-05-01,34,2024-07-01,Activo,135
3219,565,549256.8,2025-04-19,2026-06-29,23,2024-12-19,Cancelado,0
3220,168,967318.76,2021-10-20,2022-01-04,31,2025-03-16,Activo,85
3221,759,54096.8,2023-05-27,2025-07-07,11,2025-05-21,Activo,0
3222,1198,827725.05,2021-04-16,2027-05-21,22,2024-11-08,Cancelado,44
3223,1905,368078.75,2024-07-27,2025-08-24,35,2024-12-02,Activo,0
3224,1174,667927.29,2023-04-09,2026-04-10,28,2025-01-03,Cancelado,0
3225,2297,708807.8,2021-07-30,2025-07-07,2,2024-12-02,Activo,126
3226,1651,340936.57,2023-06-28,2024-03-15,7,2025-02-03,Activo,145
3227,180,995653.27,2021-09-27,2026-11-01,33,2024-10-29,Activo,138
3228,28,148087.53,2022-09-19,2024-12-06,13,2024-12-14,Cancelado,0
3229,1845,199177.63,2021-12-25,2026-08-05,35,2024-06-24,Cancelado,0
3230,2165,897582.12,2023-06-07,2027-05-20,31,2024-08-04,En Mora,0
3231,2751,163220.88,2025-04-22,2026-06-09,6,2024-12-09,Activo,0
3232,2705,412221.95,2023-04-06,2024-02-29,9,2024-07-10,Activo,0
3233,2880,746485.1,2022-03-22,2022-09-30,11,2024-09-01,Activo,0
3234,262,801917.27,2020-09-26,2025-04-24,22,2024-09-26,Refinanciado,0
3235,2674,956935.72,2021-09-09,2022-10-05,10,2025-01-05,Refinanciado,0
3236,2833,800095.14,2023-06-01,2026-12-06,12,2024-06-25,Cancelado,0
3237,197,852305.76,2025-01-06,2025-04-24,11,2024-08-05,Activo,0
3238,1461,951907.21,2023-08-09,2026-03-09,6,2024-11-13,Activo,0
3239,2732,576003.31,2020-10-22,2024-11-24,9,2025-05-02,Activo,0
3240,1663,376261.79,2024-01-19,2024-04-09,6,2025-01-17,Activo,0
3241,2922,773532.49,2022-11-01,2023-10-21,26,2024-11-23,Activo,0
3242,1434,205364.51,2025-02-05,2025-04-04,6,2024-10-07,Activo,0
3243,333,114820.09,2024-12-03,2027-05-22,23,2025-01-25,Activo,0
3244,2768,796064.32,2023-11-19,2025-09-28,22,2024-08-26,Activo,0
3245,1182,953137.79,2020-07-10,2022-09-11,24,2025-02-20,En Mora,0
3246,1776,470324.6,2022-06-11,2022-09-09,35,2025-02-22,Activo,0
3247,79,203076.78,2024-11-21,2026-05-01,32,2025-04-16,Activo,1
3248,1868,522169.93,2024-05-26,2026-01-02,6,2025-01-28,En Mora,95
3249,1893,423651.96,2020-07-14,2023-02-25,29,2025-01-15,Refinanciado,0
3250,197,403850.24,2022-09-05,2023-03-15,30,2024-12-06,Activo,0
3251,1784,646676.8,2022-06-01,2026-11-06,20,2025-03-28,En Mora,0
3252,226,215998.93,2024-01-14,2024-06-15,33,2024-06-16,Activo,0
3253,2643,411457.47,2023-05-08,2023-11-04,20,2025-05-07,Activo,0
3254,1562,875243.0,2023-11-04,2025-09-04,19,2024-06-22,Activo,0
3255,2961,743181.84,2021-01-12,2023-08-21,33,2025-02-14,Activo,0
3256,735,102809.04,2022-03-16,2023-03-16,7,2024-06-13,Cancelado,0
3257,1363,538208.61,2021-06-13,2024-11-23,31,2024-06-29,Cancelado,14
3258,1580,136730.55,2022-12-19,2024-12-28,29,2024-08-01,Activo,0
3259,1620,959621.61,2022-12-15,2023-10-28,28,2025-05-20,Activo,0
3260,2043,282408.61,2022-04-04,2022-04-14,4,2024-09-24,Activo,0
3261,2967,935989.97,2024-10-16,2025-11-13,29,2025-03-07,Activo,0
3262,2585,842307.99,2020-10-16,2027-01-16,11,2025-03-27,Activo,0
3263,220,573796.21,2022-08-21,2023-07-14,26,2024-12-25,Activo,0
3264,2341,369489.34,2022-01-02,2025-03-02,12,2025-05-30,Activo,0
3265,1228,865049.35,2023-08-04,2025-08-02,9,2024-10-14,Cancelado,0
3266,1729,195144.52,2025-03-17,2025-06-12,35,2024-07-19,Activo,16
3267,202,220975.41,2024-08-07,2025-02-27,30,2025-04-12,En Mora,19
3268,1890,263486.54,2023-11-02,2027-01-05,15,2025-05-24,Activo,0
3269,2080,617812.05,2021-12-26,2023-02-20,35,2025-05-16,Cancelado,71
3270,1714,348608.96,2021-04-24,2025-07-23,25,2024-11-06,Activo,104
3271,2764,989722.37,2024-01-15,2027-05-04,19,2024-08-24,Activo,0
3272,753,235357.38,2024-05-27,2026-07-18,33,2025-04-26,Activo,0
3273,1017,815329.59,2021-10-04,2022-01-09,7,2024-11-13,Refinanciado,0
3274,115,141044.41,2021-09-16,2024-02-29,3,2024-08-02,Cancelado,0
3275,2770,385774.23,2021-09-23,2022-12-04,28,2024-09-21,Activo,0
3276,1246,281574.38,2022-09-01,2026-02-19,30,2025-04-22,Activo,0
3277,2230,977994.15,2021-07-22,2022-07-07,1,2024-07-22,Activo,0
3278,2819,74444.05,2023-05-09,2026-06-22,24,2024-10-20,Cancelado,35
3279,469,735586.05,2020-07-02,2025-04-27,2,2025-01-14,Cancelado,52
3280,426,285336.02,2022-03-05,2024-03-10,4,2024-07-02,Activo,0
3281,1576,820686.23,2022-10-29,2026-06-30,21,2024-12-18,Activo,0
3282,1866,345663.18,2020-09-18,2026-10-16,15,2025-03-24,En Mora,147
3283,834,227920.03,2021-10-31,2025-08-04,8,2024-12-20,Activo,0
3284,2029,708387.86,2023-05-08,2024-07-08,8,2024-12-22,Activo,0
3285,2533,294697.71,2021-11-17,2024-02-10,11,2024-09-22,Activo,40
3286,11,511269.53,2022-10-30,2022-11-04,3,2024-08-01,Activo,0
3287,1409,174956.75,2021-04-17,2025-04-26,17,2024-10-09,Activo,153
3288,2090,738368.11,2025-05-08,2025-06-13,17,2025-05-27,Cancelado,0
3289,1726,436494.39,2024-09-17,2025-09-19,32,2025-02-01,En Mora,0
3290,2171,183550.77,2023-07-26,2026-08-28,2,2024-06-20,En Mora,0
3291,2749,754515.29,2025-04-25,2026-10-15,16,2025-05-13,Cancelado,0
3292,2300,148194.08,2020-09-18,2023-05-23,11,2024-11-09,Activo,0
3293,973,596079.4,2020-12-13,2021-10-09,10,2025-05-20,Activo,0
3294,604,627110.91,2021-06-05,2025-06-16,16,2024-09-26,Activo,0
3295,213,933832.98,2024-01-30,2024-10-17,34,2024-11-02,Refinanciado,130
3296,2316,193431.47,2024-06-21,2025-08-19,5,2024-09-04,Activo,37
3297,2755,670679.04,2022-03-04,2027-06-01,34,2024-06-22,Cancelado,0
3298,540,411730.15,2022-12-13,2027-03-28,5,2025-02-12,Activo,146
3299,706,430773.63,2022-01-11,2024-07-31,31,2025-04-06,Activo,34
3300,1759,526733.92,2020-11-27,2025-03-16,10,2024-10-13,Activo,118
3301,2667,272095.38,2024-12-17,2027-05-13,12,2024-08-18,Cancelado,0
3302,1685,488124.08,2020-11-01,2022-11-25,12,2024-06-08,Activo,0
3303,1159,702503.86,2024-04-29,2024-09-28,33,2025-05-30,Cancelado,0
3304,498,484257.39,2022-07-19,2027-05-20,2,2025-05-28,Activo,0
3305,782,90383.01,2023-10-13,2026-08-18,31,2024-09-18,Activo,102
3306,1910,294934.94,2023-05-23,2023-11-09,3,2024-08-28,Activo,0
3307,126,383887.2,2024-08-15,2025-06-22,0,2024-08-08,Cancelado,0
3308,1527,386985.08,2022-08-07,2023-07-10,8,2025-03-13,Activo,0
3309,841,126956.55,2024-01-19,2026-06-20,6,2025-04-08,Activo,0
3310,983,477092.02,2021-09-12,2023-12-15,26,2024-08-04,Activo,0
3311,1342,707351.57,2022-05-26,2024-05-24,2,2024-11-13,Activo,0
3312,12,96238.42,2021-09-20,2022-09-10,21,2024-10-21,Activo,0
3313,1501,763377.96,2021-03-12,2024-08-05,15,2024-11-26,Refinanciado,0
3314,1318,957349.94,2021-03-04,2024-01-07,7,2024-08-03,Cancelado,110
3315,1464,58871.25,2022-03-25,2025-12-30,4,2025-04-17,Activo,37
3316,1831,234007.7,2024-12-17,2025-10-04,29,2025-03-07,Cancelado,0
3317,516,566313.39,2025-03-06,2025-03-23,27,2024-12-26,Activo,0
3318,2364,257147.01,2023-06-16,2025-11-03,26,2025-02-15,Activo,0
3319,1704,776394.73,2024-03-13,2027-04-30,21,2024-06-03,En Mora,111
3320,1148,346527.6,2024-03-01,2026-12-02,29,2024-09-08,Activo,15
3321,2362,328944.02,2024-02-18,2025-09-09,6,2024-12-01,Cancelado,0
3322,2595,50877.68,2024-05-13,2024-07-26,29,2025-01-07,En Mora,144
3323,1549,306619.88,2025-02-15,2026-04-23,12,2025-03-11,Activo,44
3324,2087,256787.0,2023-09-24,2027-05-11,21,2024-11-12,Activo,0
3325,2301,376078.92,2020-07-27,2027-03-19,10,2025-01-29,Activo,0
3326,2351,190273.82,2021-06-23,2024-03-30,4,2024-10-30,Activo,0
3327,979,614916.23,2024-11-09,2026-09-29,21,2024-07-10,Activo,0
3328,2306,276804.47,2021-11-14,2024-04-12,14,2024-11-12,Activo,0
3329,2590,840163.32,2021-01-11,2024-01-10,30,2025-02-24,Activo,0
3330,2007,320330.05,2022-07-29,2027-04-04,28,2024-06-25,En Mora,70
3331,2688,250326.12,2024-08-23,2025-05-05,16,2025-03-13,Cancelado,166
3332,1847,103913.79,2023-11-23,2024-08-10,5,2024-10-31,Activo,0
3333,2600,752911.36,2023-05-20,2026-12-14,16,2025-05-26,Activo,0
3334,2509,532797.77,2022-10-20,2024-11-28,33,2024-11-26,Cancelado,116
3335,224,158093.85,2022-10-20,2023-01-13,22,2025-05-23,Activo,11
3336,2140,260268.04,2020-10-25,2026-01-27,29,2025-05-11,Cancelado,0
3337,280,998783.12,2021-01-30,2024-04-30,12,2025-04-24,Activo,0
3338,1194,815727.29,2020-08-20,2026-03-21,29,2024-11-22,Cancelado,69
3339,1820,382376.01,2025-01-28,2025-01-28,19,2025-04-25,En Mora,0
3340,1758,565427.09,2022-09-17,2026-04-28,5,2025-04-18,Activo,0
3341,2046,445216.3,2024-02-01,2025-11-30,30,2024-09-03,Cancelado,141
3342,248,84570.09,2020-09-21,2027-05-30,18,2024-06-29,Refinanciado,173
3343,1385,789743.16,2024-09-10,2025-08-12,5,2024-08-08,Refinanciado,0
3344,1373,731136.81,2023-02-22,2025-04-20,33,2024-09-24,En Mora,46
3345,2914,438362.2,2021-09-24,2025-09-30,27,2024-11-24,Activo,0
3346,2126,853602.28,2023-08-12,2024-09-19,12,2024-07-21,Cancelado,0
3347,2506,558002.14,2024-08-13,2026-01-10,9,2024-11-19,En Mora,0
3348,2634,111948.02,2023-06-26,2024-01-22,6,2025-03-17,Activo,158
3349,45,296435.98,2020-07-19,2025-03-15,17,2025-01-20,Cancelado,0
3350,2086,488684.19,2023-05-26,2024-02-18,21,2024-10-21,En Mora,0
3351,416,148276.78,2021-08-25,2021-11-28,13,2024-09-23,Activo,0
3352,2293,592527.13,2021-11-07,2026-09-22,35,2024-12-23,Activo,0
3353,2541,164539.75,2023-07-23,2025-04-15,7,2025-05-15,Refinanciado,0
3354,2371,240482.78,2022-09-08,2025-08-23,11,2025-05-30,Activo,135
3355,1276,899284.48,2022-03-10,2025-06-23,32,2024-06-11,Activo,0
3356,2516,999821.77,2020-06-25,2026-07-30,23,2024-07-24,Activo,0
3357,1085,572740.68,2021-07-13,2026-11-23,13,2024-11-30,Cancelado,0
3358,1143,638666.18,2025-01-04,2025-10-13,4,2025-02-13,Activo,0
3359,87,807559.59,2023-02-07,2025-02-06,18,2024-12-21,Cancelado,72
3360,2128,711332.52,2021-08-08,2025-06-07,2,2025-01-17,Activo,121
3361,228,223343.22,2024-12-23,2025-09-16,0,2024-09-30,En Mora,0
3362,2531,441087.95,2021-02-19,2026-09-10,32,2025-03-08,Activo,96
3363,1839,558360.69,2024-07-09,2026-11-27,16,2024-07-28,Activo,0
3364,623,391726.39,2021-02-11,2021-04-12,8,2024-07-27,Activo,134
3365,1607,217300.86,2023-09-14,2026-08-31,30,2024-07-28,Cancelado,129
3366,2996,749307.68,2021-07-13,2024-02-28,34,2025-05-18,Activo,0
3367,485,238904.08,2021-11-17,2022-03-10,2,2024-08-10,Activo,0
3368,2888,297461.63,2022-01-03,2023-05-06,12,2025-01-06,Activo,103
3369,25,322193.63,2024-11-08,2025-07-11,13,2024-07-10,Activo,0
3370,1815,203690.27,2021-06-15,2024-04-25,5,2024-08-07,Activo,0
3371,1226,857074.04,2025-05-17,2025-11-02,28,2025-03-15,Cancelado,0
3372,1249,630085.5,2021-11-17,2023-09-01,8,2025-04-12,Activo,0
3373,779,843010.72,2020-12-09,2024-08-10,35,2024-12-17,Cancelado,64
3374,931,519042.85,2022-09-23,2026-04-27,22,2024-06-19,Activo,0
3375,2843,543584.89,2023-06-10,2023-06-23,14,2024-10-09,Cancelado,116
3376,1603,635337.4,2022-12-14,2024-08-10,6,2024-07-05,Activo,0
3377,1583,402373.57,2023-04-02,2024-04-14,24,2024-11-17,Cancelado,0
3378,753,521754.89,2021-07-20,2021-12-05,22,2024-09-20,En Mora,64
3379,1714,569569.37,2025-01-16,2025-05-11,10,2025-05-05,Activo,0
3380,1101,955865.31,2021-04-08,2024-11-23,7,2024-06-04,Activo,0
3381,426,888762.73,2023-07-18,2025-11-05,35,2024-09-14,Cancelado,0
3382,660,172783.56,2021-01-10,2025-05-29,0,2024-09-01,Activo,0
3383,1518,89218.34,2025-03-19,2026-04-20,12,2024-11-29,Activo,0
3384,2733,696317.25,2024-01-27,2024-12-31,15,2025-04-11,Activo,0
3385,547,96738.73,2022-08-21,2022-10-31,12,2024-09-29,Cancelado,94
3386,1101,107333.51,2021-06-17,2022-06-08,13,2024-07-21,Refinanciado,110
3387,2964,201300.23,2021-10-21,2023-06-01,12,2025-03-12,Activo,0
3388,2103,384121.74,2024-10-02,2026-06-16,11,2024-11-08,Activo,0
3389,1497,463246.31,2024-02-26,2026-07-01,27,2024-11-22,Cancelado,0
3390,1463,543409.13,2025-02-16,2026-09-05,21,2025-02-17,Refinanciado,70
3391,1736,992673.78,2024-02-25,2025-11-06,19,2024-11-16,Activo,0
3392,1772,415971.12,2020-06-05,2021-05-29,18,2024-10-23,Activo,0
3393,2362,280615.44,2020-07-05,2021-09-10,10,2024-11-28,Activo,0
3394,1344,596489.79,2023-11-12,2026-02-04,29,2024-10-29,Activo,0
3395,2268,254393.4,2022-05-20,2025-06-12,25,2024-09-02,Refinanciado,0
3396,1395,943516.26,2023-05-29,2024-09-08,14,2024-11-29,Cancelado,0
3397,1240,296291.59,2021-09-18,2023-09-05,29,2024-06-20,Activo,71
3398,49,990437.43,2020-09-12,2026-02-05,28,2024-11-26,Cancelado,0
3399,1821,447734.78,2024-03-18,2026-10-04,31,2024-09-10,Cancelado,0
3400,2511,822051.71,2021-12-21,2023-01-19,29,2024-08-05,Activo,98
3401,2166,665866.31,2021-04-05,2023-08-27,15,2024-10-08,En Mora,134
3402,2130,936819.47,2023-11-02,2024-03-05,35,2025-05-13,Activo,0
3403,1747,644155.61,2023-08-27,2025-06-26,17,2024-09-18,Activo,51
3404,496,602157.08,2021-05-22,2026-01-31,27,2024-09-02,Activo,0
3405,634,670209.82,2021-11-29,2022-03-30,18,2025-01-15,Activo,147
3406,2885,797142.26,2022-08-09,2025-09-22,10,2024-09-23,Cancelado,123
3407,602,903899.55,2021-02-22,2026-12-04,16,2025-02-13,Cancelado,90
3408,2818,303474.16,2024-06-27,2024-07-30,20,2025-05-11,Activo,0
3409,2721,240842.74,2020-08-20,2023-01-11,33,2024-07-14,Activo,0
3410,176,82632.21,2023-12-10,2024-08-06,32,2025-04-29,Activo,0
3411,2853,401575.24,2021-11-06,2024-08-19,28,2024-09-19,Cancelado,0
3412,639,853875.77,2025-05-13,2025-08-06,3,2024-12-09,Cancelado,0
3413,297,116364.56,2025-03-03,2025-04-30,31,2024-07-05,En Mora,0
3414,1284,561594.07,2021-09-01,2026-02-18,10,2024-08-03,Cancelado,0
3415,1875,710049.2,2022-06-05,2024-10-12,25,2024-08-03,Activo,34
3416,475,845010.38,2021-02-22,2026-03-30,17,2024-12-07,Activo,16
3417,1647,604258.81,2020-11-21,2026-03-03,31,2025-02-20,Activo,0
3418,1959,227004.01,2024-10-11,2025-11-04,26,2025-03-06,En Mora,55
3419,2584,966309.45,2024-10-20,2026-03-02,15,2024-09-02,En Mora,0
3420,1061,139918.93,2024-11-19,2025-11-01,9,2025-04-07,Activo,0
3421,1789,780549.63,2021-03-25,2024-02-11,33,2024-08-27,Activo,0
3422,25,132231.26,2022-01-01,2022-05-18,32,2024-07-17,En Mora,0
3423,349,186248.15,2025-01-03,2026-05-07,9,2024-11-18,Activo,0
3424,637,903304.81,2021-08-24,2024-12-26,25,2024-11-13,Activo,0
3425,227,765420.93,2020-06-21,2024-09-07,24,2024-09-03,Activo,0
3426,1372,397232.86,2020-11-22,2023-08-08,1,2024-08-03,Activo,146
3427,38,656788.14,2023-07-01,2025-05-07,25,2025-02-18,En Mora,0
3428,1407,484384.86,2024-09-17,2025-08-08,19,2024-10-21,Activo,0
3429,2618,113210.87,2022-07-29,2027-02-25,2,2024-07-22,Cancelado,0
3430,2284,735071.24,2020-10-29,2025-03-15,31,2024-06-20,Activo,17
3431,1205,775092.94,2023-05-16,2026-03-06,0,2025-03-15,Activo,0
3432,2162,888224.32,2024-05-21,2024-08-30,23,2025-04-23,Cancelado,0
3433,2354,563605.48,2023-11-14,2025-03-24,32,2024-06-22,Activo,0
3434,2180,689481.05,2024-05-19,2025-12-05,34,2024-10-10,Activo,0
3435,348,466147.9,2020-12-08,2023-01-07,16,2024-10-19,Activo,0
3436,1204,352963.8,2022-05-01,2026-09-24,32,2025-02-23,Activo,0
3437,2463,441115.0,2024-08-12,2026-09-06,10,2024-07-10,En Mora,0
3438,983,916164.74,2023-09-24,2026-09-25,22,2024-09-25,Activo,0
3439,732,205962.72,2025-04-08,2026-11-30,31,2024-12-11,Activo,0
3440,2702,286074.83,2021-04-14,2022-07-05,18,2024-10-09,Refinanciado,53
3441,2433,625881.25,2024-04-23,2025-11-16,11,2024-08-25,En Mora,0
3442,2560,160467.26,2024-09-03,2026-05-14,27,2024-08-29,Activo,0
3443,1067,897271.29,2023-07-16,2027-03-09,1,2025-02-02,Activo,0
3444,1504,94874.55,2025-03-26,2027-04-29,9,2025-03-03,Activo,0
3445,1142,767546.68,2024-05-21,2027-02-13,18,2025-03-24,Activo,0
3446,1595,405041.64,2022-10-17,2025-01-06,27,2024-12-11,Activo,79
3447,2109,98607.29,2023-11-08,2027-01-14,7,2025-02-13,Cancelado,130
3448,2601,850781.5,2022-09-12,2027-05-31,22,2024-07-15,Activo,0
3449,1810,658437.22,2021-01-26,2027-02-09,29,2024-07-09,Cancelado,0
3450,2236,58415.77,2021-04-11,2024-11-27,27,2024-06-27,Activo,0
3451,453,304156.21,2021-04-04,2024-04-11,12,2024-09-04,Cancelado,0
3452,2895,384443.33,2021-10-12,2022-09-15,11,2025-04-21,Activo,0
3453,2235,356449.24,2024-06-07,2025-08-27,9,2025-01-21,En Mora,93
3454,2986,523424.93,2024-08-26,2026-12-27,16,2024-12-20,Activo,7
3455,1764,550462.81,2022-06-08,2025-08-21,0,2024-12-09,Activo,63
3456,164,426916.32,2025-05-16,2027-02-17,21,2024-09-25,Cancelado,58
3457,1448,365181.82,2022-06-29,2025-01-02,14,2024-12-12,Activo,0
3458,102,529188.86,2020-08-06,2026-04-22,15,2025-04-07,Cancelado,0
3459,1453,81934.63,2023-03-12,2024-06-12,19,2024-10-02,Cancelado,0
3460,691,662941.67,2021-12-05,2025-04-22,9,2024-10-29,Activo,33
3461,1451,625683.39,2023-09-06,2024-03-13,25,2024-10-16,Refinanciado,0
3462,2626,315258.81,2021-01-25,2027-03-22,22,2025-05-06,Activo,0
3463,2659,220539.67,2021-10-07,2026-09-08,16,2025-05-26,Activo,0
3464,1967,119335.72,2020-11-02,2025-08-16,33,2024-10-10,Cancelado,0
3465,536,607976.56,2023-11-05,2024-08-30,21,2024-11-04,Refinanciado,0
3466,2809,590455.26,2024-06-18,2026-06-29,3,2024-09-05,Activo,42
3467,2026,556652.19,2025-02-26,2026-04-16,6,2024-06-18,En Mora,0
3468,1701,986337.35,2021-10-17,2022-11-08,4,2024-09-28,Activo,0
3469,2944,554966.91,2024-07-04,2026-03-08,30,2025-02-18,Cancelado,108
3470,1464,735701.19,2025-04-15,2026-07-15,18,2024-10-23,Activo,0
3471,1630,157272.36,2024-05-21,2025-04-18,3,2025-03-16,Activo,156
3472,1879,334022.25,2023-11-22,2025-04-30,21,2024-07-03,Activo,0
3473,124,311674.28,2023-07-10,2024-07-16,2,2024-06-29,Activo,142
3474,2716,597176.73,2022-08-12,2026-12-03,22,2025-03-05,En Mora,101
3475,2397,364272.57,2024-02-01,2026-11-28,3,2025-02-12,Activo,42
3476,249,659013.11,2021-01-04,2021-04-26,23,2024-06-06,En Mora,0
3477,1972,705585.25,2025-04-25,2026-08-04,13,2024-06-21,Activo,0
3478,1295,82005.35,2024-08-16,2024-12-30,2,2025-05-21,Activo,0
3479,1453,657769.83,2022-01-26,2023-11-16,20,2025-05-08,Activo,66
3480,1594,160947.99,2023-02-22,2025-01-29,25,2024-10-24,Activo,0
3481,2755,491878.54,2020-10-13,2025-01-22,0,2024-11-18,Activo,0
3482,713,740247.74,2021-10-22,2027-05-31,29,2024-08-03,Activo,47
3483,247,718177.75,2022-02-25,2026-02-13,3,2024-12-25,Activo,0
3484,481,334831.42,2022-07-17,2025-04-27,13,2025-03-22,Activo,84
3485,2146,308747.56,2023-10-11,2024-10-30,17,2024-08-21,En Mora,0
3486,2377,468215.18,2023-05-06,2023-10-20,11,2024-07-24,Activo,0
3487,1449,229233.73,2020-08-27,2022-02-28,35,2025-01-31,En Mora,0
3488,1029,975964.06,2023-06-05,2024-12-11,15,2024-10-15,Activo,88
3489,2014,377671.22,2023-10-30,2024-08-23,0,2025-05-07,Cancelado,0
3490,459,926843.61,2023-07-26,2024-12-30,2,2024-07-03,Activo,0
3491,2844,912851.71,2023-07-01,2024-06-02,34,2024-06-17,Activo,157
3492,593,396606.54,2020-12-30,2024-04-15,14,2025-01-12,Cancelado,0
3493,498,291380.4,2023-09-21,2024-06-07,15,2024-12-30,Activo,0
3494,2135,782293.85,2024-04-25,2024-06-15,16,2024-10-28,Activo,0
3495,2450,267908.96,2022-12-06,2023-03-11,33,2024-08-14,Activo,95
3496,1317,545184.07,2024-06-02,2025-05-15,9,2024-12-01,Cancelado,0
3497,197,155154.91,2022-05-29,2026-11-22,10,2025-04-24,Activo,0
3498,2812,416635.55,2021-10-09,2022-03-15,27,2024-12-04,Activo,0
3499,27,124247.18,2024-12-03,2026-07-09,26,2025-02-01,Activo,0
3500,1718,319267.61,2023-11-03,2024-01-07,17,2025-02-15,Activo,0
3501,2183,682029.05,2022-12-23,2027-05-19,29,2024-07-18,Cancelado,154
3502,1114,991741.8,2023-10-16,2025-02-27,12,2025-01-20,Refinanciado,0
3503,2254,292067.22,2022-06-26,2026-05-30,15,2024-07-30,Activo,0
3504,1439,499655.23,2024-12-16,2026-05-25,1,2024-06-16,Activo,0
3505,603,475643.81,2023-01-14,2023-11-10,19,2025-04-21,Cancelado,133
3506,1092,224945.95,2021-12-27,2027-04-21,11,2025-03-15,Activo,0
3507,362,629565.58,2020-11-30,2021-07-13,28,2024-11-20,Activo,30
3508,1284,738469.7,2020-12-27,2024-10-18,7,2025-03-11,Activo,0
3509,2706,189858.51,2021-09-25,2026-12-07,19,2024-08-04,Activo,0
3510,1087,769268.34,2024-03-19,2025-02-19,34,2025-05-14,Activo,0
3511,2016,715153.55,2021-11-20,2026-09-02,30,2025-01-12,Activo,0
3512,972,237475.74,2021-07-07,2025-09-09,15,2025-01-24,En Mora,0
3513,1716,666500.24,2023-04-03,2026-09-21,22,2024-07-15,En Mora,0
3514,1647,423988.1,2022-04-08,2027-03-15,33,2024-09-06,Activo,87
3515,1727,697080.86,2024-04-16,2025-07-11,31,2025-01-26,Cancelado,0
3516,2989,521292.01,2024-04-26,2024-10-15,16,2025-04-10,Cancelado,0
3517,908,95730.79,2021-01-16,2026-08-16,23,2024-08-18,Activo,0
3518,246,797618.64,2024-03-31,2026-07-25,34,2024-06-08,Activo,0
3519,2326,577819.93,2022-04-19,2024-12-16,22,2024-12-25,Cancelado,0
3520,347,738554.89,2023-09-20,2025-06-26,7,2024-10-17,Cancelado,0
3521,1961,169768.19,2021-07-08,2022-11-10,22,2025-05-25,Activo,0
3522,372,735208.85,2022-12-22,2025-02-26,20,2025-04-02,Activo,0
3523,809,442982.88,2020-09-26,2023-04-01,18,2024-06-23,Activo,146
3524,2897,809303.69,2022-05-13,2024-05-09,30,2024-08-21,En Mora,0
3525,2171,619207.58,2020-12-02,2022-12-24,6,2025-04-08,Activo,0
3526,160,387157.02,2024-08-06,2024-09-12,23,2024-06-04,Activo,37
3527,1151,241821.1,2021-08-16,2026-12-15,7,2025-01-31,En Mora,0
3528,2785,825127.96,2021-05-22,2023-11-24,12,2024-12-12,Activo,0
3529,1335,582183.03,2020-06-05,2022-09-11,2,2024-07-05,Activo,0
3530,518,988094.67,2024-08-17,2026-07-30,33,2025-05-06,Cancelado,0
3531,2983,404814.24,2025-05-23,2026-10-05,12,2024-08-26,Activo,0
3532,1289,701433.26,2021-12-11,2024-10-19,31,2024-08-28,Activo,0
3533,746,641679.83,2021-05-01,2022-01-20,34,2025-05-09,Cancelado,0
3534,2336,655702.62,2021-10-20,2025-02-03,20,2024-10-09,Activo,0
3535,420,750130.97,2022-06-10,2023-11-08,0,2024-08-30,Activo,54
3536,1552,182152.87,2021-03-15,2023-03-18,1,2024-12-06,En Mora,0
3537,140,572161.84,2024-05-18,2024-05-26,25,2024-10-03,Activo,166
3538,1833,533673.19,2023-11-17,2023-12-10,2,2025-04-19,Activo,160
3539,707,375403.3,2020-06-22,2026-11-10,23,2024-10-28,Activo,0
3540,698,464342.75,2024-01-26,2026-07-06,25,2025-05-23,Activo,0
3541,475,542871.47,2021-01-18,2026-05-29,7,2024-10-06,Cancelado,0
3542,1661,354876.2,2023-06-19,2025-06-22,7,2025-03-24,Cancelado,0
3543,1902,328500.89,2024-07-21,2025-09-28,17,2024-08-30,Activo,0
3544,2437,751358.95,2021-06-12,2023-12-17,17,2024-06-22,Activo,0
3545,511,113572.24,2020-10-28,2021-10-07,11,2024-07-16,Activo,0
3546,538,347314.92,2020-12-23,2027-04-25,35,2024-08-28,Activo,0
3547,2261,671025.59,2021-08-15,2025-05-03,1,2024-06-18,Cancelado,88
3548,2945,248334.32,2021-06-21,2025-09-17,19,2024-09-11,Cancelado,0
3549,1537,593659.0,2024-11-19,2026-11-19,2,2024-09-21,Activo,0
3550,1289,337055.93,2022-03-09,2026-11-14,33,2024-06-15,Activo,0
3551,1367,851136.21,2021-01-10,2022-04-26,5,2024-11-14,Activo,0
3552,1062,382489.87,2024-09-04,2025-03-29,9,2024-09-22,Cancelado,0
3553,233,268040.73,2021-01-13,2024-02-24,23,2024-12-18,Activo,6
3554,2308,553598.59,2024-12-14,2026-09-01,17,2024-11-18,Activo,0
3555,308,178877.49,2024-02-01,2025-04-20,32,2025-01-25,Refinanciado,0
3556,403,807609.77,2021-02-04,2022-12-13,6,2024-06-26,Cancelado,0
3557,997,696026.84,2021-03-07,2022-10-21,28,2024-06-23,Activo,41
3558,1285,781983.46,2021-01-30,2023-07-15,18,2024-12-18,Activo,14
3559,1500,428934.29,2020-11-22,2026-08-05,24,2024-09-18,Activo,150
3560,750,843253.24,2023-11-25,2026-08-14,16,2024-06-07,Activo,118
3561,1130,518870.72,2022-10-31,2023-05-18,2,2025-05-26,En Mora,0
3562,304,139964.08,2024-04-16,2024-09-06,23,2024-10-09,Activo,168
3563,2391,262827.79,2024-05-03,2027-02-13,17,2024-11-04,Activo,0
3564,1471,725500.16,2021-08-06,2026-09-22,25,2025-02-26,Activo,0
3565,1062,901601.18,2024-08-14,2025-09-09,20,2025-01-05,Cancelado,0
3566,855,140426.31,2023-03-05,2026-10-05,10,2025-05-23,Activo,0
3567,1070,871004.05,2023-12-22,2025-08-05,16,2024-06-12,Activo,33
3568,1746,809116.34,2022-10-20,2025-03-17,20,2024-07-19,En Mora,0
3569,1629,388733.01,2023-12-02,2024-12-11,3,2024-12-28,Refinanciado,49
3570,2304,704812.96,2022-04-11,2026-10-16,31,2025-02-01,Activo,26
3571,2185,227603.78,2025-04-24,2026-08-13,17,2024-08-19,Activo,57
3572,1255,822723.63,2024-04-19,2026-11-10,27,2024-09-13,Activo,0
3573,818,674472.07,2022-06-03,2023-06-24,35,2025-01-30,Activo,0
3574,1738,466887.91,2024-10-26,2025-07-11,25,2025-03-11,Cancelado,8
3575,973,871291.45,2022-05-12,2022-05-12,23,2024-09-27,En Mora,0
3576,38,182272.78,2020-11-10,2023-11-07,9,2025-02-25,Activo,83
3577,1179,853496.35,2024-10-15,2025-09-09,7,2025-04-12,Cancelado,48
3578,105,72692.09,2022-11-18,2025-07-17,1,2024-09-17,Refinanciado,0
3579,255,765540.38,2024-10-12,2025-11-07,34,2024-09-27,Activo,0
3580,2536,594695.87,2022-01-26,2023-11-05,20,2024-07-27,En Mora,0
3581,1982,711887.11,2023-06-26,2025-06-22,26,2024-07-20,Activo,107
3582,2506,441727.3,2022-08-31,2025-09-15,22,2025-03-14,Activo,0
3583,2576,871219.07,2022-12-19,2025-06-14,31,2025-02-06,Cancelado,0
3584,591,347491.57,2022-05-01,2022-06-30,25,2025-02-13,Activo,0
3585,525,311207.52,2023-01-08,2026-10-22,6,2024-11-24,Activo,0
3586,370,336663.11,2021-05-02,2024-12-28,32,2024-07-12,Activo,0
3587,102,785645.65,2022-12-16,2025-12-21,16,2024-10-14,Cancelado,0
3588,2964,520527.14,2025-03-29,2026-03-14,7,2024-06-14,Cancelado,0
3589,664,560231.06,2023-05-11,2025-09-27,16,2024-06-15,En Mora,0
3590,690,840072.65,2022-02-21,2022-04-12,17,2025-04-04,Activo,0
3591,1927,841697.27,2021-06-14,2026-10-08,35,2024-08-20,Activo,93
3592,2647,203651.2,2025-05-23,2026-10-16,22,2024-06-03,Activo,34
3593,2648,572279.29,2024-10-20,2027-02-28,11,2024-06-07,Activo,87
3594,2589,169717.3,2023-08-04,2024-06-16,22,2024-08-18,Activo,0
3595,1536,875102.05,2023-01-25,2024-01-26,32,2024-08-06,Activo,0
3596,2437,845155.42,2023-01-22,2026-07-18,27,2025-01-30,En Mora,0
3597,2411,856881.42,2022-06-20,2026-06-15,22,2024-09-13,En Mora,104
3598,2029,719615.58,2022-05-16,2022-08-23,6,2024-07-14,En Mora,0
3599,931,493533.44,2025-02-25,2025-04-17,1,2024-06-04,Cancelado,0
3600,1857,434485.17,2023-05-22,2026-01-02,0,2024-10-20,Activo,28
3601,2660,425463.34,2024-12-16,2027-04-07,3,2025-05-18,Activo,0
3602,2770,112902.15,2023-12-21,2025-03-10,7,2025-02-12,Cancelado,0
3603,1990,951426.77,2023-10-05,2025-05-17,28,2024-10-03,Activo,0
3604,2391,477761.87,2022-08-13,2026-11-05,17,2025-04-29,Activo,0
3605,2183,933609.15,2020-12-08,2021-01-23,30,2024-07-20,Activo,4
3606,2988,885294.66,2020-09-21,2021-02-12,5,2024-12-14,Activo,91
3607,1886,837179.87,2023-07-18,2024-06-08,23,2025-02-04,Activo,124
3608,978,608893.44,2024-02-08,2026-08-04,14,2025-05-20,En Mora,0
3609,1995,146478.09,2020-06-19,2021-09-19,11,2024-08-11,Refinanciado,0
3610,380,357715.88,2022-05-25,2025-04-05,13,2024-11-07,En Mora,0
3611,1514,623406.9,2021-04-23,2025-04-26,26,2025-03-06,Activo,120
3612,1149,62783.02,2023-09-18,2027-01-30,12,2024-12-08,Activo,0
3613,2086,90499.37,2025-04-06,2025-04-18,2,2024-12-01,Activo,120
3614,781,693780.21,2023-02-11,2024-05-27,15,2024-07-09,Activo,0
3615,310,893792.71,2022-06-09,2026-04-13,11,2024-11-04,Activo,0
3616,2154,862404.97,2023-03-07,2023-11-11,13,2025-04-05,En Mora,125
3617,556,209738.01,2024-11-21,2026-03-23,33,2025-04-21,Activo,143
3618,397,915671.78,2022-09-13,2024-04-05,30,2025-01-14,Cancelado,40
3619,2201,711487.09,2022-05-31,2023-03-04,4,2024-07-19,Activo,0
3620,2584,730509.66,2020-12-25,2022-11-24,11,2024-08-07,Activo,0
3621,1884,338839.14,2020-08-29,2026-10-05,25,2024-07-15,Activo,29
3622,1170,730196.94,2022-06-28,2024-03-28,16,2025-01-26,Cancelado,0
3623,2941,724283.66,2022-10-30,2025-04-12,10,2025-05-17,Cancelado,103
3624,2631,614932.25,2023-10-27,2027-01-24,32,2024-11-25,Refinanciado,0
3625,201,389423.98,2025-03-16,2026-07-01,3,2024-09-29,Refinanciado,0
3626,1891,820463.72,2022-11-13,2026-09-16,31,2024-06-19,Refinanciado,19
3627,12,940642.04,2022-03-13,2026-08-17,30,2025-04-04,En Mora,0
3628,1076,876394.0,2023-08-17,2024-05-31,10,2025-02-10,Activo,0
3629,1977,280830.23,2022-03-01,2023-05-10,16,2025-02-12,Activo,0
3630,2816,473390.14,2021-09-20,2026-11-26,26,2025-01-14,Cancelado,0
3631,1326,375293.63,2020-10-17,2026-12-30,7,2025-02-01,En Mora,0
3632,1896,722105.57,2023-03-11,2026-02-12,20,2025-05-13,Cancelado,95
3633,920,839915.82,2023-07-12,2026-02-01,32,2024-12-18,Activo,0
3634,2569,255006.33,2021-01-10,2022-11-01,4,2025-01-25,Cancelado,0
3635,2148,949911.76,2021-01-05,2021-07-11,31,2025-04-06,En Mora,0
3636,871,693462.68,2025-01-30,2027-05-01,24,2025-04-07,Activo,163
3637,366,257525.48,2025-03-26,2026-09-22,7,2025-04-09,Activo,0
3638,657,402539.88,2024-04-30,2024-10-25,26,2025-03-02,Cancelado,0
3639,161,149376.52,2023-11-25,2026-07-08,25,2024-08-19,Activo,102
3640,2809,617215.54,2025-05-15,2026-06-09,28,2025-05-19,Activo,11
3641,175,210731.95,2021-02-19,2022-08-11,8,2025-03-05,Activo,0
3642,1504,708435.44,2024-01-31,2024-10-18,17,2025-01-23,Activo,0
3643,545,750384.41,2023-05-21,2024-01-08,6,2024-07-22,Cancelado,169
3644,2525,505368.08,2025-05-27,2025-06-18,20,2024-07-02,Activo,0
3645,2331,139125.93,2022-05-05,2026-09-23,15,2024-12-13,Activo,0
3646,1762,630329.53,2023-09-25,2027-05-08,2,2024-09-08,Activo,146
3647,957,403594.99,2022-05-09,2024-03-30,31,2024-08-07,Cancelado,0
3648,452,952165.1,2023-10-22,2027-04-10,9,2024-10-23,Cancelado,14
3649,82,537545.42,2023-12-22,2024-06-19,31,2024-10-10,Activo,0
3650,1237,118652.77,2020-09-26,2026-11-28,7,2024-07-19,Cancelado,0
3651,816,654246.63,2023-05-20,2023-10-09,31,2025-01-22,En Mora,0
3652,2568,790386.02,2024-09-15,2024-12-17,3,2024-09-08,Activo,0
3653,2182,202477.67,2022-05-20,2026-09-01,28,2025-01-21,En Mora,75
3654,447,476604.5,2024-01-18,2024-01-28,11,2025-02-03,Cancelado,134
3655,2166,756037.11,2020-06-01,2027-02-06,35,2025-02-02,En Mora,0
3656,1620,69468.93,2021-03-06,2027-03-29,18,2024-06-08,Refinanciado,0
3657,1794,77521.31,2024-11-07,2025-03-25,30,2025-03-31,Activo,0
3658,749,693066.46,2022-05-20,2026-10-20,25,2024-10-31,En Mora,51
3659,1174,738870.17,2020-07-27,2024-07-24,5,2025-05-06,Activo,22
3660,1910,853575.97,2022-02-19,2025-09-21,28,2025-01-02,Cancelado,23
3661,1557,429619.83,2021-08-13,2021-09-06,16,2024-09-12,En Mora,21
3662,646,420287.83,2021-06-01,2021-09-04,19,2024-07-28,Activo,0
3663,379,574749.57,2024-11-01,2026-01-04,9,2024-10-20,En Mora,0
3664,2656,769460.61,2023-07-06,2027-04-01,5,2024-06-14,Activo,0
3665,2573,658942.59,2022-06-10,2025-01-09,31,2024-08-08,Cancelado,0
3666,1141,360957.14,2023-06-07,2025-04-21,1,2025-04-06,Activo,0
3667,2624,379219.89,2024-11-12,2025-06-09,9,2025-01-08,Activo,0
3668,937,774854.69,2022-05-10,2026-08-23,26,2025-05-17,Activo,0
3669,2014,557914.33,2021-09-05,2022-08-31,18,2025-05-06,Activo,0
3670,662,143077.37,2022-03-28,2022-04-28,15,2024-07-18,Activo,0
3671,1341,195345.21,2022-09-14,2022-12-29,19,2024-11-14,En Mora,154
3672,876,858630.86,2023-02-03,2025-10-16,35,2025-04-08,Activo,48
3673,12,998863.26,2023-07-07,2023-11-21,4,2024-07-12,Activo,0
3674,1114,368898.76,2021-04-24,2026-04-02,17,2024-09-08,Activo,0
3675,388,417366.58,2023-06-14,2026-04-04,7,2024-08-21,En Mora,0
3676,2131,196763.62,2021-10-22,2023-11-22,12,2024-09-28,En Mora,156
3677,1920,273927.43,2025-04-02,2027-02-10,9,2024-12-08,Activo,0
3678,396,453398.35,2020-10-18,2022-09-30,35,2024-08-17,Activo,0
3679,2593,320170.16,2021-06-18,2026-04-02,18,2025-03-12,Activo,0
3680,2709,716353.61,2022-10-13,2025-02-11,30,2024-09-13,Activo,94
3681,640,560956.97,2022-12-20,2026-09-23,35,2025-04-09,Activo,0
3682,100,831182.27,2024-02-01,2024-07-26,28,2025-02-02,Activo,0
3683,457,738298.67,2025-03-02,2026-11-21,22,2024-10-26,Activo,0
3684,2023,171695.58,2023-09-21,2025-06-13,31,2025-03-12,Activo,0
3685,2922,167219.52,2020-06-28,2027-02-26,10,2024-10-01,Activo,0
3686,2376,900866.21,2024-10-07,2026-06-12,1,2025-04-19,En Mora,97
3687,2772,828535.68,2022-06-28,2024-08-30,31,2025-03-08,En Mora,145
3688,74,494521.46,2024-11-05,2025-05-19,4,2024-09-12,Activo,0
3689,2140,173845.93,2024-10-03,2024-11-29,30,2025-02-16,Activo,74
3690,2378,903647.48,2023-12-01,2024-03-16,12,2024-06-06,Activo,0
3691,1864,269165.53,2021-02-07,2021-11-15,21,2025-01-13,Cancelado,0
3692,175,83758.04,2025-05-10,2025-06-10,34,2025-02-25,Refinanciado,79
3693,1761,928027.55,2024-08-11,2026-03-18,18,2024-07-16,Cancelado,0
3694,2363,818488.84,2024-01-26,2026-07-21,28,2025-04-22,Activo,0
3695,497,708807.61,2025-01-21,2025-02-04,22,2025-04-03,Cancelado,0
3696,1293,82328.84,2024-06-13,2026-03-27,18,2025-04-29,Activo,0
3697,428,552009.62,2021-12-20,2025-02-06,15,2025-04-23,En Mora,86
3698,35,670954.35,2020-09-09,2024-03-11,30,2024-08-11,Activo,29
3699,2167,771379.88,2021-08-01,2026-01-31,15,2024-09-03,Activo,0
3700,1395,497520.19,2021-04-02,2025-11-02,25,2025-01-09,Activo,0
3701,2973,955681.84,2024-02-22,2026-07-18,2,2025-05-07,Activo,103
3702,1381,282542.01,2021-10-16,2023-05-21,22,2024-06-02,Activo,0
3703,2876,116248.17,2024-06-09,2027-04-07,8,2024-11-21,Activo,0
3704,2438,366127.93,2021-01-18,2023-11-05,23,2025-04-03,Activo,74
3705,176,678714.63,2022-11-25,2024-07-16,32,2025-01-06,En Mora,124
3706,2154,750299.34,2023-08-21,2026-08-27,13,2024-07-03,Activo,0
3707,592,751572.05,2023-09-02,2025-10-22,27,2024-06-25,En Mora,0
3708,1187,155140.14,2023-07-14,2025-04-22,23,2025-05-30,Cancelado,0
3709,914,890834.98,2020-06-07,2021-12-24,6,2025-02-05,Activo,170
3710,1291,316792.02,2024-08-13,2025-11-10,24,2024-12-30,Activo,83
3711,1587,249415.55,2022-03-09,2022-08-31,1,2024-08-13,Activo,67
3712,1303,633734.6,2021-06-27,2025-05-30,0,2024-12-12,Activo,0
3713,1327,251256.62,2020-12-13,2024-09-27,22,2025-02-12,Cancelado,117
3714,953,532636.57,2020-11-17,2021-07-19,17,2024-12-24,Activo,0
3715,861,436678.21,2022-02-22,2023-10-25,7,2024-08-05,En Mora,130
3716,2175,270432.55,2023-11-08,2023-11-15,33,2024-11-20,Activo,0
3717,1270,327456.65,2022-05-06,2023-10-31,7,2025-03-04,Cancelado,81
3718,2872,456036.87,2025-05-04,2026-06-12,28,2024-07-22,Activo,0
3719,234,378852.33,2020-11-12,2026-08-30,12,2024-07-08,En Mora,4
3720,2715,412497.0,2021-08-08,2025-11-27,0,2025-02-22,En Mora,0
3721,2979,748662.89,2023-01-27,2024-07-04,28,2024-09-17,Activo,0
3722,1463,209960.92,2025-04-30,2027-03-01,0,2025-03-24,Activo,0
3723,2185,646237.66,2020-10-25,2023-05-29,4,2025-05-06,Activo,0
3724,1810,694249.89,2023-06-28,2023-07-11,1,2025-01-29,En Mora,0
3725,2604,811982.69,2022-01-03,2024-11-22,21,2024-07-22,Activo,0
3726,2807,854960.82,2020-06-21,2024-07-17,29,2024-07-26,Activo,0
3727,1173,200732.27,2024-05-30,2025-05-27,10,2024-11-02,Activo,0
3728,56,181347.72,2022-01-07,2026-06-13,28,2024-12-14,Activo,0
3729,2404,634032.46,2021-05-17,2026-12-07,2,2024-06-26,Activo,0
3730,2971,769070.72,2024-01-28,2025-04-21,12,2024-07-31,Activo,0
3731,813,308710.11,2024-07-25,2026-01-04,2,2025-02-18,Activo,161
3732,1850,549554.85,2025-01-24,2026-11-29,9,2025-02-16,Activo,0
3733,1960,783627.46,2022-06-26,2026-05-07,3,2024-07-21,Activo,0
3734,1087,779127.95,2021-02-05,2021-08-30,13,2024-12-24,Activo,0
3735,806,671129.16,2023-07-13,2024-09-07,22,2025-01-20,Activo,108
3736,1576,124848.31,2024-08-07,2025-02-19,16,2024-10-01,Activo,0
3737,600,98111.67,2025-01-28,2025-12-29,0,2024-08-15,Cancelado,110
3738,2616,419023.04,2022-05-19,2024-11-24,14,2024-07-01,Activo,0
3739,2753,75353.06,2025-04-14,2026-03-14,1,2024-07-30,Activo,52
3740,612,908937.12,2024-02-29,2024-10-28,17,2024-12-01,Activo,149
3741,1239,69137.43,2021-02-03,2026-03-05,21,2025-05-12,Activo,0
3742,2189,78132.22,2022-12-17,2024-03-14,27,2025-05-12,Activo,0
3743,1950,207061.01,2023-09-03,2024-11-18,29,2024-12-04,Refinanciado,110
3744,1531,645664.38,2024-09-02,2026-08-01,12,2024-08-23,Activo,87
3745,561,564476.43,2021-07-02,2022-09-28,2,2025-03-28,Activo,0
3746,2547,676512.78,2023-10-22,2023-12-09,2,2024-08-20,En Mora,149
3747,627,898877.38,2024-07-26,2026-05-25,25,2024-07-26,Activo,6
3748,2550,482198.37,2023-07-22,2024-04-15,3,2025-03-22,Activo,0
3749,2789,91682.18,2022-05-02,2024-08-26,15,2024-07-21,Activo,0
3750,2812,775321.79,2020-08-10,2021-01-19,27,2024-12-04,Activo,0
3751,1611,821366.24,2023-10-03,2025-07-13,7,2024-10-07,Cancelado,0
3752,675,97393.94,2023-02-22,2023-06-30,15,2025-04-20,Activo,0
3753,49,280706.83,2020-12-07,2022-10-28,30,2024-09-13,Activo,145
3754,1387,782066.96,2022-09-04,2027-05-28,22,2024-11-01,Activo,135
3755,1903,407347.48,2024-05-04,2025-09-17,1,2024-06-30,Activo,0
3756,627,499018.83,2025-05-20,2026-06-04,8,2025-05-21,En Mora,0
3757,2728,832016.96,2024-11-28,2025-01-14,26,2025-05-23,Activo,31
3758,277,139888.56,2020-07-02,2025-07-24,21,2024-07-05,Cancelado,81
3759,2095,693420.11,2020-08-04,2022-07-15,33,2025-03-06,Activo,0
3760,2974,254235.17,2023-07-03,2027-03-03,8,2025-05-18,Cancelado,0
3761,216,109518.86,2024-06-08,2025-12-09,32,2024-10-29,Activo,128
3762,230,679372.95,2024-09-03,2025-04-16,33,2024-06-25,Activo,0
3763,2371,165341.64,2024-12-19,2026-08-29,34,2025-05-06,Cancelado,0
3764,2273,759656.9,2020-11-10,2026-09-20,25,2024-09-05,Activo,11
3765,1686,242570.12,2021-05-02,2021-06-08,6,2025-02-09,Cancelado,0
3766,1311,96086.42,2023-10-04,2024-09-02,26,2025-03-17,Activo,145
3767,46,144332.59,2023-05-06,2024-12-27,11,2024-12-03,Activo,127
3768,1837,849206.74,2021-10-08,2024-08-16,16,2024-06-02,En Mora,0
3769,1038,402419.81,2021-09-27,2022-11-11,20,2025-05-31,Cancelado,0
3770,633,337153.31,2022-01-23,2022-03-02,21,2025-03-20,Cancelado,0
3771,2423,516638.88,2023-02-03,2026-01-26,25,2024-09-26,Cancelado,0
3772,2751,651285.94,2020-08-30,2026-09-09,12,2024-12-10,Activo,0
3773,987,85247.13,2021-07-27,2025-06-18,22,2025-04-07,Activo,113
3774,333,903279.09,2022-10-10,2023-10-02,29,2024-12-26,Cancelado,6
3775,1880,960557.3,2024-01-13,2024-02-09,16,2025-03-24,Activo,0
3776,2214,446441.48,2021-02-10,2026-06-29,26,2025-03-28,Refinanciado,132
3777,507,441997.46,2020-08-05,2023-10-31,19,2025-02-23,Activo,122
3778,117,884631.93,2021-06-12,2021-10-22,6,2024-09-06,Activo,149
3779,943,457846.21,2020-07-21,2022-10-20,3,2024-09-24,Activo,78
3780,636,863380.44,2025-05-25,2025-06-30,30,2024-09-28,Activo,0
3781,1590,76920.1,2020-09-22,2027-01-30,29,2025-04-10,Activo,0
3782,1463,515168.08,2024-03-02,2024-10-10,30,2024-07-02,Activo,0
3783,2505,954807.59,2021-03-08,2021-10-11,3,2025-04-28,Cancelado,8
3784,1992,290164.43,2025-04-10,2026-07-04,17,2024-08-16,Activo,0
3785,869,302847.08,2024-09-25,2026-01-13,19,2025-04-27,Activo,141
3786,1295,648616.84,2021-05-15,2025-06-02,22,2024-08-22,Cancelado,140
3787,1735,929881.34,2025-01-31,2026-12-08,8,2025-04-11,Cancelado,0
3788,2264,238805.13,2024-09-30,2025-12-16,15,2025-02-21,Activo,32
3789,113,925568.47,2022-10-01,2025-11-07,20,2025-01-04,En Mora,95
3790,2264,679853.56,2020-10-12,2023-05-21,8,2025-04-26,Activo,0
3791,427,993394.95,2025-03-15,2026-06-23,24,2024-10-11,Cancelado,0
3792,1159,749635.9,2025-02-04,2025-08-22,35,2024-07-14,En Mora,0
3793,1067,684410.51,2023-12-30,2024-09-10,13,2025-01-16,Activo,171
3794,2812,824158.01,2021-12-07,2023-05-14,16,2025-04-29,Cancelado,137
3795,284,216383.3,2023-06-11,2025-07-12,27,2025-04-26,Refinanciado,0
3796,834,948686.33,2021-04-04,2026-10-12,7,2024-08-07,Activo,0
3797,230,207315.73,2023-11-18,2025-01-02,13,2024-08-07,Activo,0
3798,1920,74386.85,2024-08-08,2024-12-04,14,2024-09-13,En Mora,0
3799,1667,712964.0,2023-12-31,2026-10-17,24,2025-03-11,En Mora,0
3800,385,225365.65,2024-12-18,2027-01-06,10,2024-11-25,En Mora,0
3801,159,770815.52,2024-08-15,2026-08-05,28,2025-03-28,Activo,0
3802,824,805287.03,2025-03-24,2025-05-04,2,2024-10-12,Activo,0
3803,2519,274864.28,2020-07-20,2025-11-22,21,2024-08-05,Cancelado,37
3804,208,132384.31,2023-10-10,2025-01-09,19,2024-09-15,Refinanciado,0
3805,174,525779.92,2024-04-06,2026-11-13,18,2025-02-01,Cancelado,70
3806,1824,895707.59,2021-10-21,2025-06-11,12,2024-11-26,En Mora,0
3807,1105,854926.55,2023-03-12,2023-09-09,26,2025-01-30,Activo,0
3808,1042,161228.33,2024-04-05,2024-12-12,18,2024-08-08,En Mora,106
3809,1017,966544.1,2022-10-16,2023-02-02,15,2024-11-14,Activo,88
3810,708,300751.74,2022-01-09,2025-10-26,1,2024-11-02,Activo,0
3811,1384,381921.62,2022-02-22,2027-05-10,0,2024-11-11,Cancelado,0
3812,1892,191597.73,2024-02-09,2025-03-03,2,2024-12-12,Activo,0
3813,1303,408912.82,2023-05-23,2026-09-03,23,2024-11-04,Activo,0
3814,2445,653859.05,2025-05-26,2026-03-19,1,2025-01-08,Activo,98
3815,2814,530774.35,2021-12-27,2024-05-09,15,2025-01-29,Cancelado,0
3816,677,836162.51,2021-06-11,2026-03-01,28,2024-07-31,Activo,0
3817,2565,659235.77,2022-05-10,2027-05-30,3,2024-08-09,Activo,0
3818,662,300367.25,2021-06-18,2024-05-06,13,2024-10-05,Activo,105
3819,1564,579566.13,2023-08-22,2025-07-10,16,2024-09-04,Activo,0
3820,1261,110981.57,2023-01-14,2025-07-25,16,2025-03-29,En Mora,0
3821,2354,601751.03,2022-04-18,2024-05-11,19,2024-08-17,Activo,0
3822,358,420180.64,2025-04-30,2026-09-20,28,2024-09-18,Activo,0
3823,1309,143478.57,2024-07-19,2025-01-17,25,2025-05-04,Cancelado,0
3824,1317,342090.76,2022-09-06,2022-09-18,16,2025-05-12,En Mora,124
3825,419,903182.64,2024-06-15,2026-05-25,11,2024-08-11,Activo,0
3826,1492,606736.05,2020-06-02,2023-02-16,27,2024-09-08,Activo,116
3827,642,908101.61,2025-05-08,2026-06-04,8,2024-10-21,Activo,153
3828,1594,440263.79,2024-04-30,2025-06-01,31,2025-01-25,En Mora,0
3829,507,979963.17,2023-03-15,2023-11-05,33,2024-08-24,Activo,0
3830,1682,392018.1,2022-01-13,2023-05-13,15,2024-11-01,Activo,40
3831,1502,768964.38,2022-01-16,2026-06-09,30,2024-08-05,Activo,0
3832,1386,340132.93,2023-07-16,2024-04-16,26,2024-12-23,Cancelado,137
3833,312,150691.02,2021-06-08,2022-07-07,28,2024-12-14,Cancelado,0
3834,1658,841403.77,2021-01-01,2021-03-12,0,2024-06-03,Refinanciado,0
3835,2752,774452.45,2023-08-06,2025-07-10,26,2025-04-01,En Mora,0
3836,245,829597.58,2022-05-05,2026-02-23,31,2024-11-06,Cancelado,153
3837,477,334709.81,2023-03-15,2024-07-04,10,2025-04-04,En Mora,67
3838,615,718478.54,2022-03-27,2022-07-19,34,2025-04-22,Activo,15
3839,2484,258926.71,2021-08-12,2024-06-03,1,2024-10-16,Cancelado,138
3840,250,60745.96,2024-10-23,2027-02-02,0,2024-06-04,Cancelado,156
3841,2525,873164.34,2021-09-18,2025-08-06,5,2024-10-13,En Mora,0
3842,1596,547349.21,2024-04-28,2025-03-25,6,2024-06-12,Cancelado,52
3843,1774,984470.67,2020-06-09,2025-04-09,1,2025-03-25,Cancelado,40
3844,1930,415783.91,2022-08-23,2024-08-24,1,2024-10-29,Activo,0
3845,1876,959029.36,2020-12-24,2022-05-11,4,2024-11-28,Activo,0
3846,511,634304.4,2020-07-15,2025-08-17,12,2024-07-07,Activo,144
3847,1670,536594.82,2023-02-21,2023-07-05,18,2024-11-03,Activo,0
3848,1873,337669.12,2020-11-20,2023-06-22,18,2025-05-20,Cancelado,0
3849,774,834012.52,2024-07-26,2025-03-24,0,2025-05-24,Refinanciado,0
3850,1366,837355.01,2024-03-10,2024-07-29,34,2024-10-17,En Mora,0
3851,924,446083.06,2021-09-26,2021-10-03,17,2024-08-05,En Mora,0
3852,74,740928.48,2025-02-01,2026-03-12,31,2025-04-22,Activo,0
3853,809,474876.04,2025-04-29,2026-03-08,31,2025-05-06,Cancelado,0
3854,2879,752676.33,2020-09-02,2026-01-03,7,2024-07-26,Cancelado,0
3855,1046,994480.65,2024-05-22,2027-04-08,10,2025-03-06,Activo,0
3856,2268,299371.5,2022-03-07,2026-05-31,19,2024-07-03,Activo,14
3857,2127,652349.83,2024-09-09,2027-01-25,7,2024-06-11,Activo,161
3858,235,410884.07,2025-02-24,2025-11-21,27,2025-01-16,En Mora,0
3859,2205,570952.99,2021-11-19,2027-04-13,20,2024-06-11,Activo,0
3860,2375,880439.92,2020-09-09,2026-02-13,5,2025-04-30,Activo,165
3861,642,380197.08,2022-05-12,2023-07-07,1,2024-11-26,Activo,45
3862,621,118768.89,2024-10-01,2026-12-01,9,2025-03-25,En Mora,0
3863,985,808990.33,2020-09-12,2021-02-19,8,2024-11-16,Refinanciado,141
3864,1299,577273.61,2023-08-16,2027-03-11,2,2025-05-25,Cancelado,100
3865,2654,476930.9,2021-03-02,2024-04-22,1,2025-04-01,Activo,0
3866,1618,224166.39,2021-02-25,2024-07-29,35,2025-04-04,Activo,0
3867,2912,138210.1,2023-07-29,2026-04-21,7,2024-06-18,Activo,119
3868,2797,314798.78,2024-11-05,2026-12-05,8,2024-10-05,Activo,0
3869,1796,732959.05,2023-02-28,2024-10-29,25,2024-08-11,Activo,0
3870,2963,441182.38,2023-09-13,2024-02-17,33,2025-01-30,Activo,9
3871,2947,591716.21,2022-05-03,2026-04-13,29,2025-05-14,Activo,0
3872,860,127943.28,2024-11-02,2025-07-26,7,2025-04-24,Activo,0
3873,2621,167080.89,2021-11-04,2026-02-20,2,2024-11-07,Activo,0
3874,2086,60740.54,2022-08-01,2024-06-17,10,2024-06-13,Activo,0
3875,2166,689620.23,2020-06-07,2021-02-12,24,2025-03-23,En Mora,0
3876,2438,301231.8,2025-04-05,2026-02-04,4,2025-04-15,En Mora,0
3877,2728,968580.26,2023-04-06,2024-02-06,11,2024-12-02,Activo,0
3878,377,343033.02,2021-04-13,2023-07-26,29,2025-01-01,Cancelado,0
3879,2897,395437.14,2022-12-02,2024-08-14,26,2024-08-08,Refinanciado,0
3880,1898,496015.34,2024-04-01,2024-05-07,4,2025-03-17,Activo,0
3881,376,353183.71,2022-06-26,2024-11-11,19,2024-08-07,En Mora,30
3882,1605,826571.06,2024-10-10,2025-12-14,20,2024-10-11,Activo,88
3883,595,882396.47,2020-06-30,2023-09-29,2,2024-10-29,Activo,71
3884,2795,60484.28,2022-08-05,2024-10-02,3,2024-07-13,Activo,0
3885,1066,671928.55,2022-02-08,2025-03-21,23,2025-04-14,Activo,0
3886,2008,701783.87,2023-06-10,2024-06-30,6,2024-08-05,Cancelado,0
3887,2506,963353.63,2021-01-04,2024-10-06,23,2024-11-07,Activo,0
3888,1052,401879.24,2024-06-28,2025-10-24,10,2024-08-20,En Mora,0
3889,2789,235515.97,2024-12-02,2026-08-31,1,2024-08-24,En Mora,159
3890,629,544552.02,2025-04-16,2025-04-26,5,2024-10-15,Refinanciado,0
3891,2374,475177.9,2020-06-08,2026-12-03,6,2024-06-12,En Mora,0
3892,1533,802144.89,2020-11-28,2023-12-31,17,2025-03-12,Activo,5
3893,2667,908776.67,2024-04-25,2025-04-25,8,2025-02-13,En Mora,0
3894,2373,132372.63,2023-02-28,2023-07-03,27,2024-08-07,Activo,0
3895,1831,854250.5,2023-05-20,2027-03-14,18,2024-09-21,Cancelado,128
3896,1184,913522.33,2024-11-28,2025-03-26,3,2024-10-19,En Mora,5
3897,2564,927929.08,2023-11-21,2025-07-14,3,2024-08-15,Activo,0
3898,746,776094.37,2022-08-11,2026-02-07,12,2025-02-21,En Mora,0
3899,1278,754978.43,2023-08-08,2024-10-01,27,2024-07-25,Activo,0
3900,1952,64151.94,2024-08-11,2025-10-30,10,2024-07-12,Activo,0
3901,2296,924182.04,2023-08-18,2025-07-03,1,2024-06-03,En Mora,0
3902,2446,383929.95,2021-10-24,2026-05-25,5,2024-10-25,Activo,0
3903,2630,89065.8,2024-11-06,2026-10-23,11,2024-07-03,En Mora,0
3904,2251,442330.34,2021-06-06,2026-05-07,23,2024-12-03,Activo,0
3905,1326,746210.0,2024-06-10,2025-02-21,8,2024-11-28,Cancelado,0
3906,1172,469857.44,2022-08-18,2026-10-16,25,2024-06-29,Cancelado,26
3907,221,770110.53,2020-12-14,2021-09-28,3,2024-10-01,Cancelado,111
3908,2915,533938.96,2021-07-25,2025-01-10,3,2024-10-29,En Mora,0
3909,1872,334455.79,2021-07-07,2026-05-26,33,2025-05-30,Cancelado,92
3910,2311,242766.73,2024-11-16,2027-01-31,21,2024-08-13,Activo,53
3911,2344,450048.13,2024-07-09,2026-09-05,12,2024-08-31,Activo,0
3912,2340,84013.28,2024-09-13,2026-01-02,14,2024-08-28,Activo,0
3913,684,451416.71,2022-07-16,2025-02-17,1,2025-05-08,Activo,0
3914,876,115189.09,2020-09-30,2026-02-03,1,2024-11-26,Refinanciado,0
3915,1055,883154.47,2025-01-16,2025-12-14,7,2024-12-29,Activo,87
3916,1963,596706.98,2023-01-06,2027-04-01,17,2024-08-01,Activo,0
3917,2603,663740.81,2022-03-14,2023-04-04,28,2024-06-19,Activo,0
3918,349,324420.79,2021-06-05,2022-05-25,10,2025-03-14,Activo,0
3919,219,264530.02,2022-08-04,2025-06-16,5,2024-06-08,Activo,0
3920,1023,722509.99,2021-11-15,2024-02-19,8,2025-01-07,Activo,122
3921,450,687987.21,2021-03-17,2021-09-30,21,2024-10-20,Activo,0
3922,504,166544.53,2023-10-31,2025-01-28,24,2024-07-05,Cancelado,122
3923,86,276709.31,2024-09-08,2027-04-20,30,2024-10-27,Activo,0
3924,1289,949247.0,2024-05-05,2025-09-18,20,2024-10-31,Activo,132
3925,523,338968.55,2022-07-17,2025-01-13,18,2024-06-03,Cancelado,69
3926,2509,74539.93,2021-09-19,2025-04-01,9,2024-07-14,Activo,99
3927,630,110592.95,2022-07-11,2023-02-28,11,2025-02-12,Cancelado,0
3928,2300,786720.06,2021-11-22,2023-09-10,18,2024-11-16,Cancelado,75
3929,18,769297.9,2022-11-21,2024-11-27,1,2025-02-11,Refinanciado,0
3930,1269,412735.91,2020-12-25,2023-11-16,14,2024-06-26,Cancelado,0
3931,1177,195540.74,2025-01-19,2026-09-29,7,2024-10-28,Activo,0
3932,1633,523199.96,2025-05-08,2026-08-22,34,2024-12-18,Activo,17
3933,500,365294.22,2022-12-19,2026-10-22,29,2024-09-18,Activo,0
3934,458,405269.93,2024-02-21,2027-05-10,8,2024-12-03,Activo,70
3935,115,297936.09,2020-11-14,2026-11-11,29,2024-10-12,Activo,0
3936,753,109715.02,2024-02-09,2026-10-29,18,2024-07-10,Activo,0
3937,769,801601.31,2020-06-29,2027-03-24,28,2024-09-18,En Mora,0
3938,2495,637309.78,2024-10-08,2027-04-08,1,2024-07-24,Activo,0
3939,2401,842903.37,2021-05-25,2022-06-26,27,2025-05-30,Activo,0
3940,2673,528041.88,2021-01-11,2022-08-28,7,2025-04-01,Activo,0
3941,1871,985737.31,2023-12-19,2025-11-11,24,2024-10-27,En Mora,0
3942,2589,964398.66,2021-07-07,2023-10-04,9,2025-03-01,Cancelado,70
3943,322,308194.31,2023-05-17,2027-03-20,21,2024-07-16,Activo,0
3944,1973,417628.08,2021-07-30,2024-03-23,34,2024-12-31,Cancelado,0
3945,226,765073.94,2021-12-21,2027-02-17,23,2024-07-06,Activo,0
3946,361,787773.29,2023-01-17,2026-09-14,25,2024-12-02,Activo,0
3947,1555,915164.18,2021-12-19,2024-12-12,30,2025-02-03,Activo,150
3948,834,670002.14,2024-07-14,2027-01-21,22,2024-08-19,Activo,102
3949,112,501364.93,2022-08-11,2026-04-09,1,2025-03-22,Cancelado,0
3950,212,408768.97,2021-04-11,2022-09-21,32,2025-04-15,Activo,0
3951,1257,448219.62,2025-01-05,2027-04-03,23,2025-01-10,En Mora,0
3952,948,857884.89,2024-01-25,2026-06-11,11,2025-02-15,Cancelado,0
3953,159,981008.4,2025-05-04,2027-02-28,8,2024-08-06,En Mora,0
3954,2620,99313.73,2025-05-09,2027-03-23,2,2025-04-18,Activo,0
3955,1909,601232.43,2021-04-15,2025-03-08,22,2024-09-30,Activo,0
3956,1348,544051.27,2021-03-11,2025-04-17,23,2025-01-30,Activo,179
3957,1272,407335.16,2020-06-08,2025-03-16,32,2024-10-11,Activo,159
3958,2718,858997.62,2021-06-22,2026-01-04,29,2024-06-26,En Mora,0
3959,911,596955.87,2022-11-28,2023-04-09,1,2024-11-22,Activo,0
3960,2452,347460.26,2021-11-09,2024-06-24,21,2025-03-16,En Mora,120
3961,404,471898.84,2023-11-13,2026-12-15,10,2024-11-10,Activo,0
3962,1842,388963.38,2023-04-16,2027-05-23,11,2024-10-21,Activo,154
3963,2649,458581.33,2025-02-17,2025-08-24,18,2025-03-04,En Mora,0
3964,1691,117702.5,2023-03-01,2025-04-15,19,2024-10-24,En Mora,0
3965,1464,156320.03,2020-09-14,2024-06-06,8,2024-08-10,Activo,0
3966,1257,642507.1,2023-12-28,2025-01-05,17,2025-04-20,Cancelado,106
3967,193,699864.96,2022-04-18,2023-11-22,17,2024-08-24,Activo,75
3968,1123,654789.39,2020-08-18,2023-10-31,35,2024-06-22,En Mora,0
3969,1975,774921.63,2022-12-12,2025-06-19,26,2025-02-07,Activo,0
3970,1643,946357.32,2023-04-12,2024-06-18,12,2024-06-14,Activo,0
3971,1000,867587.39,2020-11-24,2023-02-21,7,2025-05-30,Refinanciado,0
3972,1740,447584.1,2023-12-19,2026-02-01,22,2025-02-18,Cancelado,92
3973,523,256665.98,2020-06-22,2024-05-12,12,2024-12-08,Activo,0
3974,350,346259.6,2023-12-06,2026-05-25,6,2025-01-06,Cancelado,84
3975,2364,608354.41,2021-10-13,2026-10-01,1,2025-02-19,Activo,156
3976,1741,863397.92,2023-06-09,2024-12-30,2,2024-11-23,Cancelado,0
3977,2991,716637.92,2021-05-27,2022-10-17,22,2024-07-17,En Mora,106
3978,1945,565862.45,2022-11-12,2026-04-10,6,2025-01-10,Activo,0
3979,1561,621784.44,2023-07-31,2027-03-28,3,2024-12-22,Cancelado,0
3980,2961,551848.15,2021-02-05,2026-11-23,7,2025-05-24,Activo,0
3981,652,973046.14,2022-08-18,2025-11-11,31,2024-09-17,Activo,23
3982,635,825286.88,2022-07-12,2027-03-31,18,2024-12-31,Activo,0
3983,1802,792213.35,2021-06-22,2025-11-27,11,2024-11-25,Cancelado,143
3984,593,541462.54,2023-12-23,2027-05-17,9,2025-04-22,Cancelado,100
3985,2492,365218.98,2024-03-29,2024-05-03,13,2024-07-25,Activo,0
3986,2669,68538.39,2024-09-06,2025-08-06,26,2025-05-07,Activo,0
3987,1232,91258.52,2024-01-20,2026-10-31,20,2024-07-03,Activo,0
3988,756,78726.03,2022-03-30,2025-12-05,19,2024-09-29,Activo,19
3989,1300,981452.93,2021-02-27,2023-09-20,3,2025-04-14,Activo,0
3990,497,158758.22,2022-08-14,2026-04-26,18,2024-12-06,Activo,0
3991,773,185012.91,2025-04-22,2026-11-06,28,2024-10-31,Activo,126
3992,2422,509942.49,2020-11-26,2023-05-09,6,2025-04-03,Activo,0
3993,1599,507331.11,2023-12-13,2024-10-12,32,2024-10-08,En Mora,0
3994,184,923975.08,2023-04-24,2023-07-17,7,2024-07-11,Activo,0
3995,32,119856.1,2020-11-30,2025-01-31,10,2024-06-23,Cancelado,115
3996,283,959377.21,2023-11-25,2026-10-02,32,2025-04-15,Activo,0
3997,836,255570.73,2022-04-03,2025-12-08,24,2025-03-08,Activo,0
3998,2921,971646.12,2022-07-17,2026-07-18,32,2024-06-12,En Mora,0
3999,1456,564257.89,2020-09-03,2022-01-31,35,2024-10-12,Activo,0
4000,686,669412.11,2024-12-15,2026-05-04,25,2024-07-03,Cancelado,0
4001,462,349942.33,2020-12-30,2023-03-02,35,2025-01-10,Activo,7
4002,871,631232.75,2023-05-23,2024-05-26,10,2024-07-24,Activo,0
4003,368,725288.29,2023-02-03,2024-12-30,29,2025-05-17,Cancelado,45
4004,2706,59851.66,2021-06-19,2025-05-14,32,2024-06-04,Cancelado,30
4005,166,82517.0,2021-01-11,2022-05-03,9,2024-08-25,En Mora,148
4006,1729,987153.16,2024-10-12,2025-11-18,28,2024-12-18,Activo,0
4007,602,484679.25,2021-10-01,2026-04-11,24,2025-02-07,Activo,14
4008,2642,939026.65,2021-04-21,2024-09-30,31,2024-11-02,En Mora,0
4009,2174,743402.74,2020-07-24,2023-10-15,3,2024-09-10,Activo,0
4010,38,404319.89,2020-09-11,2024-02-16,33,2024-11-24,Activo,0
4011,348,193299.9,2023-10-27,2025-07-12,21,2024-09-28,En Mora,0
4012,1237,979244.15,2025-05-24,2026-12-20,12,2024-08-16,En Mora,0
4013,2022,605271.44,2023-08-04,2024-02-10,35,2025-05-17,En Mora,41
4014,2785,232738.79,2023-11-08,2027-02-16,5,2025-03-31,Cancelado,0
4015,734,697570.33,2022-05-14,2025-03-10,16,2025-02-04,Refinanciado,0
4016,426,137446.08,2023-06-04,2024-04-20,25,2025-04-17,Activo,0
4017,1271,874635.42,2021-12-22,2024-06-30,23,2025-01-04,Activo,0
4018,648,135630.48,2023-02-19,2025-09-07,8,2025-05-11,Cancelado,162
4019,2334,274384.64,2021-01-08,2026-07-08,1,2025-01-05,Activo,0
4020,320,136859.27,2022-12-30,2026-08-24,19,2025-02-24,Activo,0
4021,512,148597.86,2021-08-08,2026-04-21,26,2024-09-18,En Mora,0
4022,2273,547642.45,2024-08-09,2026-07-02,5,2024-09-27,En Mora,0
4023,2554,702640.31,2022-12-03,2026-01-19,26,2024-12-09,En Mora,0
4024,1723,799057.69,2020-10-18,2024-03-20,23,2024-11-05,Activo,0
4025,1757,710302.53,2021-07-24,2021-09-16,14,2024-12-22,Cancelado,123
4026,1778,395315.32,2023-01-17,2024-12-10,32,2025-02-16,Cancelado,62
4027,2790,579423.4,2020-08-29,2025-07-28,9,2024-09-26,En Mora,0
4028,2516,931280.87,2023-12-05,2026-11-12,20,2024-12-04,Activo,0
4029,1540,418197.78,2025-03-14,2025-08-08,5,2025-01-26,Activo,0
4030,938,289784.15,2020-07-19,2022-07-07,29,2024-09-11,Activo,0
4031,765,543353.39,2021-01-12,2024-12-12,22,2025-04-05,Cancelado,0
4032,2211,332468.45,2022-11-20,2025-09-14,35,2025-04-14,Cancelado,0
4033,653,298726.2,2023-08-17,2023-11-29,2,2025-05-19,Cancelado,0
4034,2949,789863.14,2023-06-26,2024-12-26,25,2025-03-20,Activo,69
4035,2856,896294.06,2023-07-23,2026-12-19,33,2025-04-27,Cancelado,0
4036,2130,527200.85,2024-10-09,2027-04-03,29,2024-11-29,Cancelado,0
4037,481,790793.74,2023-06-15,2024-12-09,17,2024-12-26,Cancelado,0
4038,516,227734.95,2020-11-22,2022-06-06,16,2024-10-17,Refinanciado,0
4039,1664,570260.86,2021-01-30,2023-01-06,20,2024-12-21,Cancelado,78
4040,187,654389.95,2021-04-20,2025-05-05,23,2024-10-18,Activo,0
4041,146,516130.96,2024-03-01,2027-02-07,3,2025-03-06,Cancelado,0
4042,1006,161036.21,2023-12-02,2025-01-26,24,2024-07-12,Activo,0
4043,152,747395.22,2023-05-19,2024-11-30,23,2025-05-15,Activo,0
4044,1387,847124.27,2023-11-09,2026-07-16,26,2024-10-12,Cancelado,0
4045,93,653464.94,2024-09-09,2025-03-21,30,2025-01-07,Activo,0
4046,1850,210702.95,2020-08-16,2021-02-06,34,2025-02-13,Activo,0
4047,2588,120824.82,2022-02-02,2022-08-01,19,2024-07-19,En Mora,164
4048,2697,336523.71,2021-01-21,2027-02-28,15,2024-06-02,Cancelado,0
4049,602,85140.61,2024-07-17,2024-07-24,30,2025-04-01,Cancelado,0
4050,49,847258.06,2023-07-31,2025-05-14,6,2024-11-01,Cancelado,0
4051,1903,717907.42,2024-02-07,2025-11-22,17,2025-01-12,Cancelado,179
4052,2589,585504.23,2024-11-08,2027-04-09,7,2025-01-28,Cancelado,150
4053,2204,895150.88,2025-04-23,2025-05-10,26,2024-09-18,Activo,0
4054,775,154588.82,2021-01-12,2021-10-01,13,2024-07-22,Activo,164
4055,546,728736.76,2023-05-28,2026-08-22,17,2024-08-22,Activo,23
4056,1464,189300.6,2021-01-17,2021-05-11,0,2024-09-26,Activo,175
4057,1261,107879.16,2022-12-04,2023-03-10,30,2024-08-08,Cancelado,43
4058,650,176259.28,2020-12-17,2025-09-10,19,2025-03-01,Activo,0
4059,2024,953393.09,2024-08-28,2026-09-18,5,2025-01-18,Cancelado,31
4060,1081,468411.72,2022-12-23,2023-11-21,0,2025-05-15,En Mora,16
4061,175,96545.91,2023-04-07,2026-10-15,18,2024-12-09,Activo,0
4062,1238,604452.92,2020-08-09,2024-03-20,26,2025-01-01,Activo,32
4063,2075,239728.36,2021-04-03,2022-11-25,15,2024-08-11,Cancelado,0
4064,1942,56494.59,2024-10-04,2025-01-05,13,2024-11-04,En Mora,176
4065,1143,770466.5,2023-12-12,2026-06-07,33,2025-03-22,Activo,0
4066,147,197119.92,2023-06-23,2024-06-16,6,2025-01-02,Refinanciado,0
4067,868,945362.15,2023-06-13,2025-07-07,19,2025-02-12,Activo,152
4068,2313,613159.88,2022-08-01,2025-03-22,30,2024-06-23,Activo,0
4069,2306,132646.03,2023-09-28,2024-01-10,21,2024-11-09,En Mora,0
4070,1884,256933.21,2020-10-03,2023-08-19,19,2024-12-03,Activo,0
4071,2875,630302.41,2022-05-08,2023-09-13,14,2025-02-11,Cancelado,34
4072,743,371207.09,2022-02-16,2022-09-28,24,2024-08-19,En Mora,0
4073,1523,555535.9,2021-11-15,2022-10-26,0,2025-05-11,Cancelado,134
4074,710,809536.44,2025-01-16,2025-07-26,16,2024-09-06,Activo,156
4075,1351,802971.43,2020-08-05,2026-03-22,15,2024-07-01,Cancelado,0
4076,1094,713087.46,2022-07-19,2025-12-20,20,2025-01-26,Activo,0
4077,1953,891751.59,2022-09-08,2022-12-12,26,2024-08-05,Activo,0
4078,1606,239392.66,2022-04-11,2025-10-08,34,2024-10-18,Activo,0
4079,1682,218379.41,2022-04-26,2022-08-17,23,2024-09-18,Activo,0
4080,1855,809382.04,2024-05-06,2024-08-31,1,2024-09-21,Cancelado,0
4081,2267,354844.88,2025-04-08,2026-12-05,24,2025-02-04,Activo,55
4082,561,536573.29,2023-01-24,2024-06-21,18,2025-05-19,Activo,179
4083,892,756754.54,2021-05-26,2022-09-27,12,2024-09-13,En Mora,0
4084,597,426135.74,2025-05-02,2027-04-16,28,2024-06-02,Cancelado,0
4085,2391,173654.19,2020-10-28,2020-11-03,31,2024-06-15,Cancelado,0
4086,2551,695484.34,2021-11-14,2022-06-22,5,2025-02-06,En Mora,97
4087,450,826301.42,2025-04-13,2025-12-01,8,2025-02-14,Activo,0
4088,2384,62157.42,2020-06-24,2025-12-07,0,2024-09-26,Activo,0
4089,2052,584424.51,2024-01-08,2027-02-04,23,2024-08-29,Activo,0
4090,1826,495934.84,2023-05-20,2026-04-24,9,2025-05-07,Cancelado,0
4091,2807,296616.21,2024-08-22,2025-09-19,34,2024-12-20,En Mora,0
4092,2565,202977.14,2020-07-04,2021-12-31,5,2024-06-09,Activo,0
4093,1250,228635.45,2022-04-20,2023-02-11,19,2024-09-19,En Mora,0
4094,1174,738724.53,2024-12-23,2027-04-18,11,2024-07-01,Activo,0
4095,2286,559385.38,2021-07-09,2023-08-01,2,2024-10-29,Cancelado,0
4096,1684,982096.66,2021-01-30,2025-01-04,17,2024-07-26,Cancelado,0
4097,2151,281069.26,2021-11-21,2025-06-09,20,2024-09-11,Activo,62
4098,1199,959058.97,2024-05-31,2025-01-07,34,2024-09-29,Cancelado,0
4099,1010,539354.08,2023-11-12,2026-07-25,18,2025-02-04,Cancelado,0
4100,1772,188725.06,2022-03-16,2027-04-25,24,2025-02-06,Activo,0
4101,1708,190770.09,2025-01-08,2027-03-04,17,2024-11-15,Activo,0
4102,2566,628139.59,2021-04-01,2026-02-26,29,2024-10-16,Activo,0
4103,440,839851.61,2025-01-29,2026-10-20,33,2025-02-04,Activo,0
4104,1309,760325.95,2023-08-15,2025-10-07,9,2024-12-15,Activo,0
4105,2273,672845.98,2024-02-28,2027-03-30,21,2025-04-03,Activo,0
4106,2613,213502.66,2024-06-22,2026-09-29,3,2024-10-10,Activo,68
4107,2031,152923.01,2022-12-14,2026-11-04,2,2024-09-25,Activo,0
4108,1968,50235.62,2024-06-30,2025-09-15,27,2024-08-01,En Mora,0
4109,246,146704.17,2024-04-04,2024-04-11,21,2025-04-14,Activo,0
4110,1543,778048.28,2021-02-19,2026-02-04,11,2024-06-17,Activo,0
4111,1238,900486.0,2020-06-18,2023-09-01,12,2024-08-13,Activo,0
4112,2976,278332.94,2025-02-06,2027-05-11,32,2025-02-15,Activo,0
4113,1614,805149.53,2023-05-02,2026-06-12,18,2025-04-28,En Mora,0
4114,1725,238906.33,2022-08-05,2025-01-09,16,2025-05-17,Activo,0
4115,953,286808.1,2020-07-25,2023-06-23,33,2025-05-05,Refinanciado,67
4116,2867,262950.19,2022-04-07,2026-06-15,3,2024-06-23,Activo,137
4117,2264,99143.41,2021-03-22,2023-12-15,7,2024-06-29,En Mora,0
4118,283,234358.2,2023-02-06,2024-09-04,32,2024-10-16,Cancelado,0
4119,2621,404866.18,2024-12-10,2026-01-13,0,2024-10-24,Activo,17
4120,2430,435196.23,2021-12-02,2022-07-14,4,2024-09-23,En Mora,58
4121,1941,343993.09,2023-03-07,2027-01-29,31,2024-06-27,Activo,0
4122,172,538989.02,2023-08-25,2025-08-10,0,2024-12-02,Activo,0
4123,1245,409098.32,2022-02-19,2026-09-24,34,2024-10-22,En Mora,138
4124,1119,971846.41,2023-07-18,2026-03-05,21,2024-11-11,Activo,12
4125,1883,816982.93,2022-01-28,2025-10-16,28,2024-09-10,En Mora,0
4126,2092,934428.48,2023-06-30,2025-10-05,16,2024-12-06,Activo,0
4127,2276,579555.6,2022-03-17,2023-07-15,29,2025-05-02,Cancelado,0
4128,2622,694422.65,2023-08-10,2024-04-02,34,2025-04-15,Cancelado,0
4129,2365,208342.56,2021-04-07,2022-02-06,0,2025-05-11,Cancelado,62
4130,2779,765146.47,2022-11-27,2025-01-03,3,2024-06-28,Activo,167
4131,601,274172.56,2024-06-22,2026-01-12,8,2024-10-15,Activo,0
4132,2672,188541.28,2020-10-28,2025-08-17,31,2025-01-09,Refinanciado,0
4133,2024,89766.38,2022-02-16,2023-01-16,4,2025-02-21,En Mora,0
4134,467,498618.74,2024-07-14,2024-09-27,13,2025-02-07,Activo,45
4135,1739,322449.8,2021-08-07,2023-11-09,25,2024-10-30,Activo,10
4136,297,987390.81,2024-03-01,2024-04-08,22,2024-07-28,Activo,0
4137,2593,287342.59,2024-11-24,2024-12-18,21,2024-07-04,Activo,6
4138,2537,873216.12,2024-03-01,2027-04-23,26,2024-08-19,Activo,0
4139,1020,350616.83,2020-06-05,2021-05-18,24,2024-06-17,Activo,42
4140,2263,761670.51,2024-03-11,2026-07-24,35,2024-12-07,Activo,0
4141,1548,676849.24,2022-04-23,2023-03-12,3,2024-12-30,Cancelado,0
4142,1899,583694.38,2023-06-27,2025-02-09,31,2024-11-24,En Mora,0
4143,661,445983.7,2020-07-28,2021-05-02,8,2024-07-21,Activo,0
4144,654,687549.76,2024-03-12,2024-10-07,1,2024-06-05,Activo,0
4145,802,436914.43,2023-08-27,2027-04-24,24,2024-09-19,En Mora,96
4146,341,570695.22,2020-12-23,2021-09-05,9,2025-02-13,Activo,0
4147,704,610311.65,2021-08-18,2027-03-08,24,2025-05-15,Activo,0
4148,2455,303987.46,2024-08-02,2025-11-04,28,2024-12-19,En Mora,0
4149,853,372749.65,2021-12-04,2026-02-20,4,2024-09-21,Activo,0
4150,306,67147.56,2020-08-06,2022-07-29,13,2024-07-15,Activo,0
4151,1934,859551.04,2024-07-31,2025-02-27,32,2025-01-23,Cancelado,0
4152,1788,768183.99,2022-10-08,2025-09-06,26,2024-08-16,Activo,62
4153,874,224353.93,2020-06-08,2023-09-15,4,2024-11-09,Activo,159
4154,1582,393946.03,2024-09-02,2025-06-09,14,2025-02-08,Activo,0
4155,495,450016.01,2024-02-29,2025-07-27,2,2025-05-03,Activo,0
4156,2626,367659.76,2024-04-23,2024-07-28,0,2025-03-19,Cancelado,47
4157,1686,808330.67,2024-12-11,2025-12-02,23,2025-04-17,Cancelado,0
4158,1606,739149.67,2024-05-17,2024-06-21,11,2024-12-23,En Mora,89
4159,1538,778800.79,2023-06-06,2025-10-14,13,2024-09-19,Cancelado,110
4160,2589,908923.55,2021-06-14,2025-07-26,19,2025-05-27,Activo,0
4161,2816,615393.69,2023-04-27,2026-02-24,13,2024-07-25,Activo,0
4162,1636,633807.61,2021-01-20,2022-03-09,13,2024-06-22,Activo,0
4163,896,735837.41,2023-02-27,2023-05-07,34,2025-05-02,Activo,0
4164,2503,697170.96,2023-11-28,2025-02-23,18,2025-03-01,Activo,0
4165,1168,876322.37,2023-03-27,2025-01-23,19,2024-11-05,Cancelado,0
4166,2347,781688.3,2023-11-20,2024-07-17,22,2025-01-13,Activo,120
4167,2475,164435.69,2023-09-26,2024-01-16,33,2024-06-04,Activo,163
4168,1862,931940.68,2024-01-25,2025-09-27,0,2025-02-11,Cancelado,0
4169,2764,698944.33,2025-03-28,2026-11-28,3,2024-10-30,Activo,0
4170,757,170788.63,2021-01-23,2022-10-04,16,2024-09-21,Refinanciado,0
4171,31,783375.05,2024-12-28,2025-04-10,25,2025-01-14,Activo,82
4172,2380,390491.9,2020-10-19,2022-02-08,13,2024-10-13,Activo,102
4173,1994,815679.02,2024-04-07,2026-06-04,31,2025-05-31,Cancelado,0
4174,2100,957635.65,2022-05-21,2025-03-26,35,2024-10-02,Cancelado,0
4175,243,292479.93,2024-07-07,2024-09-28,19,2024-12-28,Activo,24
4176,2823,864540.49,2020-06-29,2023-08-31,15,2025-02-11,Activo,0
4177,686,784883.3,2021-03-29,2022-06-02,18,2024-07-12,Activo,0
4178,1636,687625.66,2024-01-20,2026-03-10,23,2025-05-15,Activo,0
4179,1441,415674.52,2025-04-19,2026-09-08,13,2024-08-06,En Mora,0
4180,1499,154368.99,2024-01-30,2026-02-02,28,2025-02-13,Activo,0
4181,1416,509701.99,2021-01-19,2024-10-16,13,2025-04-23,Activo,0
4182,1413,150383.3,2021-12-18,2021-12-26,10,2024-07-22,Cancelado,101
4183,573,525139.87,2022-06-04,2025-10-22,10,2024-07-18,Refinanciado,0
4184,1992,829278.61,2021-12-12,2023-02-17,23,2025-02-02,Activo,0
4185,2920,997756.23,2022-09-10,2024-03-03,21,2025-01-19,Activo,0
4186,2748,238108.28,2021-04-20,2027-04-06,20,2024-10-06,Activo,112
4187,1432,247465.14,2022-08-05,2027-02-04,5,2025-05-08,Cancelado,64
4188,2567,820339.17,2022-07-11,2023-05-29,13,2024-08-19,Activo,170
4189,1213,495605.7,2020-11-21,2022-03-19,8,2024-06-06,Activo,0
4190,2643,920014.37,2023-04-06,2025-11-11,34,2024-08-24,Activo,50
4191,2331,780546.43,2023-01-19,2025-02-24,35,2024-06-20,Activo,0
4192,1660,749606.38,2020-08-16,2023-06-06,24,2025-03-16,Activo,0
4193,599,146856.02,2021-03-08,2026-10-13,14,2025-05-17,Activo,0
4194,2196,84081.79,2022-10-20,2024-07-09,27,2024-10-10,En Mora,0
4195,70,350924.68,2021-09-27,2022-02-28,13,2024-10-16,Activo,0
4196,1394,256433.44,2020-11-16,2021-11-05,12,2025-02-08,Cancelado,0
4197,1650,726693.44,2022-07-17,2024-06-15,30,2025-03-17,Activo,0
4198,1539,478197.04,2020-11-12,2023-05-19,4,2024-06-25,Activo,165
4199,2282,546989.06,2023-09-24,2025-11-07,18,2025-02-18,Activo,0
4200,2727,823054.41,2023-01-18,2025-12-07,7,2025-03-10,Activo,0
4201,2684,504579.45,2022-02-21,2024-09-16,12,2025-04-28,Activo,107
4202,467,567680.0,2021-05-17,2022-07-25,16,2025-04-27,Activo,0
4203,557,850204.25,2023-03-04,2026-03-30,31,2024-10-25,Activo,0
4204,894,459769.02,2023-09-29,2023-10-25,4,2025-01-17,Activo,0
4205,836,128970.37,2024-02-26,2025-09-01,8,2024-10-27,En Mora,0
4206,1311,545619.95,2023-06-08,2027-03-04,33,2024-12-17,Cancelado,0
4207,618,600393.6,2024-11-29,2025-05-22,0,2024-08-15,Activo,117
4208,1318,536206.96,2024-06-20,2027-04-19,14,2025-02-04,En Mora,0
4209,1505,295147.04,2021-11-15,2026-12-29,31,2024-07-17,Cancelado,133
4210,134,262505.56,2024-03-30,2025-05-14,33,2025-04-30,Cancelado,0
4211,8,401268.55,2022-12-06,2022-12-29,34,2024-12-03,Activo,113
4212,2076,207917.3,2020-07-19,2026-01-26,27,2025-02-07,Activo,0
4213,783,682722.5,2023-09-04,2027-05-21,16,2024-08-09,Activo,0
4214,1334,633941.16,2024-08-24,2024-11-16,10,2024-09-29,Activo,0
4215,541,650775.83,2025-01-21,2025-04-02,22,2024-07-16,Activo,0
4216,2675,263557.62,2020-09-23,2022-06-30,25,2025-01-09,Activo,0
4217,1058,284202.56,2024-05-25,2024-09-27,4,2024-11-21,Activo,0
4218,2055,798020.75,2022-08-17,2024-02-24,25,2025-04-28,Activo,0
4219,2088,705606.18,2022-08-20,2023-03-03,5,2024-11-30,En Mora,0
4220,909,881420.86,2023-10-02,2026-06-17,33,2025-02-21,Activo,0
4221,2110,433330.43,2021-12-25,2025-06-19,12,2025-02-23,Activo,90
4222,1321,569961.44,2021-02-07,2027-01-12,24,2025-03-04,Cancelado,83
4223,2427,751838.82,2024-01-16,2024-11-24,1,2025-03-11,Activo,0
4224,322,975447.22,2024-11-26,2026-10-04,13,2025-03-13,Cancelado,18
4225,733,990150.22,2025-01-10,2026-12-27,16,2024-06-23,Cancelado,0
4226,1419,999216.64,2023-07-19,2024-12-04,24,2025-02-04,Activo,101
4227,1381,896000.16,2025-05-29,2026-02-14,26,2024-09-19,Activo,0
4228,2887,657668.28,2021-09-12,2021-09-17,23,2024-09-18,Activo,0
4229,2467,56622.4,2024-07-26,2026-11-27,32,2024-09-19,Cancelado,60
4230,1360,714566.58,2023-03-14,2023-10-27,26,2024-11-27,Refinanciado,101
4231,2068,276669.54,2022-09-05,2025-11-02,30,2025-05-17,Activo,84
4232,2460,104308.79,2023-07-09,2025-07-06,14,2025-03-19,Activo,0
4233,1915,712325.21,2020-07-22,2021-05-12,0,2025-02-25,Activo,0
4234,549,768210.38,2025-01-24,2026-06-25,10,2025-05-30,Activo,0
4235,1283,676461.46,2021-12-27,2024-05-27,14,2025-03-28,Refinanciado,131
4236,605,396911.29,2022-04-15,2025-10-02,32,2025-02-08,Refinanciado,0
4237,1723,535453.92,2022-08-10,2026-05-15,31,2024-08-17,Activo,108
4238,2405,938200.25,2021-03-28,2023-12-30,24,2025-04-11,Activo,168
4239,2249,743130.42,2024-10-15,2025-08-15,32,2024-11-28,Activo,0
4240,2813,529450.02,2023-12-18,2026-11-23,28,2024-08-09,Activo,46
4241,1582,613776.69,2023-03-25,2023-04-09,33,2024-06-25,Cancelado,0
4242,2279,931299.42,2025-01-24,2026-05-30,7,2024-07-04,Cancelado,0
4243,2351,424093.4,2023-11-27,2023-12-31,10,2024-09-06,Activo,4
4244,2435,146751.53,2024-10-29,2025-09-13,12,2024-09-21,Activo,0
4245,715,359534.93,2023-03-08,2023-05-24,4,2024-07-21,Refinanciado,0
4246,925,444440.2,2023-11-22,2026-03-13,18,2024-10-11,En Mora,0
4247,58,309315.68,2021-06-21,2023-07-20,20,2024-07-31,Activo,0
4248,434,552523.78,2021-12-17,2023-06-21,2,2025-02-15,Activo,0
4249,2570,339614.98,2020-12-09,2024-07-06,25,2025-01-13,Activo,0
4250,2816,148020.61,2024-10-24,2025-07-03,32,2024-09-28,Activo,0
4251,2877,228665.09,2020-09-13,2024-03-08,29,2024-11-05,Activo,170
4252,1785,922248.28,2024-10-28,2026-04-02,21,2025-04-08,Activo,0
4253,483,648115.85,2025-04-03,2025-09-24,4,2024-11-13,En Mora,0
4254,367,348593.28,2024-08-31,2026-06-10,18,2024-06-05,Cancelado,0
4255,889,398572.02,2025-02-16,2027-03-24,8,2024-06-19,Activo,0
4256,1853,518714.01,2023-01-06,2025-09-13,23,2025-02-10,Activo,0
4257,1355,689473.53,2020-06-03,2024-05-07,11,2025-02-13,En Mora,0
4258,1724,603070.9,2022-08-25,2025-07-07,26,2024-10-27,Activo,0
4259,1259,936063.22,2024-12-17,2027-02-12,20,2024-09-10,Cancelado,0
4260,2931,644461.39,2024-12-08,2025-07-12,34,2024-07-29,Activo,7
4261,411,915252.38,2025-04-16,2026-04-24,31,2024-11-30,Activo,125
4262,2231,55158.65,2025-03-28,2025-12-02,35,2025-03-01,Activo,0
4263,2206,896031.5,2021-12-24,2023-09-06,32,2024-06-18,Cancelado,0
4264,2061,735385.66,2022-08-14,2024-07-19,16,2025-01-02,Activo,20
4265,2614,213583.78,2021-08-08,2024-04-14,4,2024-09-21,Cancelado,124
4266,2920,299886.12,2023-09-20,2023-12-25,19,2024-10-28,En Mora,0
4267,1813,565669.5,2024-11-12,2025-08-29,22,2024-12-09,Cancelado,124
4268,2603,168691.25,2021-10-24,2024-04-30,3,2025-04-15,Refinanciado,75
4269,1803,796099.86,2023-07-30,2023-12-18,25,2024-07-01,Activo,0
4270,678,801615.17,2023-11-06,2024-05-19,29,2024-06-25,Activo,0
4271,2911,335901.54,2025-01-20,2026-01-09,28,2025-01-03,Activo,0
4272,618,116326.15,2024-02-18,2025-02-23,33,2024-09-10,Activo,0
4273,2252,989405.09,2020-07-17,2022-03-30,9,2024-06-03,Activo,0
4274,2350,288192.44,2022-01-13,2022-05-19,19,2024-08-09,Cancelado,0
4275,795,114180.72,2021-09-29,2022-08-26,23,2025-01-21,Refinanciado,0
4276,2645,363466.71,2020-12-28,2026-09-20,33,2024-12-01,En Mora,0
4277,729,970553.1,2020-12-03,2025-02-05,12,2024-07-21,Activo,0
4278,1694,803281.23,2025-02-21,2026-06-08,22,2025-04-23,Cancelado,175
4279,1886,506316.43,2024-05-16,2024-12-13,9,2025-04-26,En Mora,0
4280,2554,340063.9,2023-02-03,2024-01-14,21,2025-01-08,Activo,0
4281,639,452140.79,2022-07-31,2024-11-21,13,2025-04-09,Activo,0
4282,191,66497.33,2021-11-01,2024-08-15,24,2025-03-24,Activo,0
4283,1802,732451.96,2024-06-21,2027-05-15,17,2024-06-03,Activo,0
4284,899,144662.06,2020-06-02,2025-04-05,19,2024-09-06,Activo,20
4285,1997,543085.7,2022-11-22,2022-11-27,27,2025-04-21,En Mora,0
4286,2108,587552.8,2023-12-16,2027-05-21,7,2025-05-30,Activo,0
4287,1490,51605.29,2025-03-02,2025-10-28,4,2025-01-23,Cancelado,0
4288,1403,980884.69,2024-06-14,2027-04-29,20,2025-03-07,Cancelado,0
4289,1453,337032.09,2024-08-13,2026-02-10,19,2025-03-10,Activo,0
4290,2110,123363.04,2023-11-05,2026-08-22,15,2025-01-28,Activo,0
4291,1944,861669.13,2021-11-24,2022-01-31,19,2025-02-08,En Mora,0
4292,2350,194354.97,2024-04-18,2026-02-25,24,2025-01-06,Activo,25
4293,638,73707.38,2021-07-23,2022-12-29,6,2024-08-29,Activo,0
4294,999,519956.15,2023-01-19,2025-06-19,24,2025-02-04,Activo,51
4295,2220,173421.14,2022-04-10,2024-09-21,35,2025-01-12,Refinanciado,75
4296,1529,983301.91,2022-03-08,2025-04-11,9,2024-07-30,Activo,0
4297,63,59890.44,2025-04-30,2026-08-07,15,2024-06-05,Activo,79
4298,2820,98637.48,2021-12-22,2025-05-06,3,2025-05-12,Activo,0
4299,16,841619.77,2021-10-02,2021-12-23,9,2025-03-13,Cancelado,0
4300,2739,277764.11,2022-12-22,2024-11-18,30,2024-07-21,Activo,178
4301,842,916016.92,2021-08-29,2027-04-09,11,2025-05-12,En Mora,0
4302,1125,345580.2,2022-12-16,2023-06-06,19,2024-06-01,Activo,0
4303,1217,116293.52,2021-04-22,2021-05-06,31,2025-04-04,Cancelado,111
4304,1997,60062.21,2024-03-23,2025-04-10,1,2024-06-19,En Mora,0
4305,899,318438.91,2020-09-03,2023-07-12,10,2025-02-13,Activo,11
4306,1491,500044.05,2024-04-14,2026-01-14,19,2024-10-25,Cancelado,0
4307,2981,50965.31,2024-11-14,2025-05-20,22,2025-02-19,En Mora,0
4308,2223,602051.84,2024-01-16,2026-05-08,12,2024-12-26,Cancelado,0
4309,1258,366978.48,2021-05-08,2022-05-05,34,2024-11-19,Activo,0
4310,1515,420645.85,2022-07-24,2023-02-10,16,2025-01-11,En Mora,0
4311,417,298340.4,2022-10-26,2023-08-22,9,2025-04-19,Activo,0
4312,1557,552592.95,2023-03-30,2026-12-26,13,2025-03-28,Cancelado,0
4313,451,268616.49,2022-03-07,2025-07-10,18,2024-09-05,Activo,2
4314,2884,178080.98,2024-08-20,2027-02-27,31,2024-06-20,Cancelado,0
4315,1824,896114.73,2020-10-29,2026-07-25,32,2025-04-23,Activo,0
4316,280,421027.23,2021-02-12,2027-01-13,24,2025-02-26,Activo,0
4317,244,123083.83,2023-02-10,2027-04-02,24,2024-11-18,En Mora,0
4318,675,268806.62,2024-11-18,2025-01-22,13,2024-09-17,Activo,93
4319,2194,344445.8,2024-02-17,2026-10-23,35,2024-11-10,Activo,93
4320,103,781163.99,2023-09-29,2024-03-29,23,2024-10-26,Cancelado,132
4321,2358,71142.72,2023-02-23,2025-01-15,12,2024-07-29,Activo,74
4322,117,504337.01,2024-09-04,2024-09-12,1,2025-04-11,Activo,0
4323,1496,437307.86,2022-06-22,2025-02-04,33,2024-07-18,Cancelado,0
4324,763,969980.38,2025-02-15,2026-05-07,14,2025-05-01,Activo,0
4325,2786,221071.26,2022-01-03,2024-08-13,1,2024-07-10,Activo,168
4326,1724,646477.21,2021-12-18,2025-02-08,24,2024-11-13,Cancelado,0
4327,2235,242087.04,2020-10-12,2021-08-20,4,2025-04-07,Cancelado,0
4328,785,571000.95,2023-08-28,2026-03-07,33,2024-09-24,En Mora,0
4329,1493,577310.07,2025-03-20,2027-03-24,4,2025-05-05,Cancelado,7
4330,707,121579.39,2023-06-01,2026-10-01,7,2025-05-16,Activo,0
4331,2924,483628.73,2023-07-24,2027-04-08,13,2025-03-20,Activo,0
4332,796,488098.3,2023-03-14,2023-06-10,28,2025-03-26,En Mora,0
4333,473,353179.84,2025-02-19,2026-09-01,29,2024-06-04,Cancelado,165
4334,2604,313300.63,2022-04-12,2023-11-05,3,2024-11-15,En Mora,0
4335,682,263083.08,2020-12-22,2023-05-05,34,2024-12-18,En Mora,0
4336,94,55644.02,2021-03-04,2025-09-28,6,2025-02-13,Cancelado,131
4337,736,51725.47,2024-10-01,2027-05-19,25,2024-08-22,Activo,98
4338,2838,610297.85,2024-11-03,2025-04-17,31,2024-11-07,Cancelado,0
4339,2042,326890.72,2025-04-16,2027-01-09,32,2024-09-14,En Mora,0
4340,2086,209494.22,2024-04-01,2026-12-11,23,2025-03-04,Activo,66
4341,2830,700498.45,2020-07-15,2027-04-16,0,2024-10-18,Activo,0
4342,2530,552459.34,2025-02-09,2025-11-30,28,2024-10-05,Cancelado,11
4343,2159,919210.36,2024-05-23,2026-09-15,20,2025-02-08,En Mora,81
4344,1914,839466.09,2022-12-22,2025-09-13,22,2024-07-19,Cancelado,90
4345,2458,740392.73,2020-08-07,2026-03-18,4,2024-09-10,Cancelado,0
4346,1590,170252.86,2024-07-23,2027-02-23,29,2024-09-15,Activo,0
4347,2445,682784.3,2022-08-22,2024-05-03,17,2024-06-21,Cancelado,0
4348,1151,709230.12,2021-11-23,2025-11-05,5,2024-07-17,En Mora,167
4349,2014,775165.96,2020-10-06,2023-01-17,4,2024-06-24,Activo,0
4350,42,299976.09,2024-12-21,2027-05-24,17,2025-01-03,En Mora,0
4351,41,658282.63,2021-12-06,2026-01-04,12,2024-07-05,Activo,0
4352,1511,637364.54,2022-12-24,2025-09-11,19,2025-03-03,Activo,87
4353,1695,416044.55,2021-07-22,2022-05-10,20,2025-03-27,Cancelado,0
4354,2447,680331.63,2024-11-13,2025-09-03,3,2025-05-12,Cancelado,76
4355,2230,132360.78,2022-07-23,2027-03-12,12,2024-10-11,En Mora,115
4356,744,661329.77,2022-08-17,2023-03-20,17,2024-07-11,Cancelado,0
4357,2766,625714.81,2024-11-09,2026-12-08,12,2024-12-14,Activo,0
4358,2512,250093.19,2022-05-02,2027-04-09,12,2025-05-31,Activo,0
4359,1074,827302.94,2021-11-13,2023-04-29,34,2024-06-03,Cancelado,0
4360,1432,880693.3,2023-09-26,2024-09-22,26,2024-07-29,Activo,0
4361,298,249959.75,2023-07-01,2027-02-02,25,2024-10-26,Activo,0
4362,2193,122163.03,2023-06-13,2023-08-28,11,2024-09-12,Cancelado,0
4363,16,623396.69,2023-05-21,2025-06-21,1,2025-05-12,Activo,103
4364,1076,505921.65,2022-08-17,2025-04-02,19,2025-04-30,Refinanciado,0
4365,107,456214.52,2021-01-22,2023-11-14,34,2024-08-18,Activo,0
4366,219,772957.91,2025-05-13,2025-05-25,9,2024-07-31,En Mora,0
4367,2983,971179.51,2020-06-19,2022-12-13,7,2024-11-26,En Mora,0
4368,2385,503780.53,2023-07-19,2025-08-20,35,2024-09-29,Activo,52
4369,2969,55847.32,2024-04-18,2027-05-01,30,2024-09-07,Cancelado,0
4370,371,616453.78,2021-01-01,2022-09-30,14,2025-02-04,Activo,170
4371,2858,671267.58,2022-05-29,2025-07-06,17,2024-12-22,Activo,0
4372,254,836617.39,2023-01-10,2025-10-27,14,2024-07-03,Cancelado,167
4373,1429,239436.63,2024-12-04,2025-09-28,18,2025-02-06,En Mora,157
4374,2628,548111.25,2021-09-16,2026-09-06,23,2024-07-03,Cancelado,0
4375,2009,474774.93,2022-11-12,2025-06-24,34,2024-07-30,Refinanciado,0
4376,1723,681218.44,2022-09-21,2025-09-15,1,2025-04-19,Activo,0
4377,2684,110745.91,2022-04-02,2023-09-03,12,2025-01-06,En Mora,137
4378,2233,889812.29,2022-07-26,2023-04-23,8,2024-10-30,Cancelado,62
4379,1313,535599.53,2022-07-02,2025-01-22,34,2024-07-23,Cancelado,0
4380,2522,883193.17,2020-08-21,2026-04-14,1,2024-07-21,Activo,0
4381,985,373225.28,2022-05-15,2025-10-28,15,2025-01-12,Cancelado,83
4382,2550,670846.1,2021-11-30,2026-09-16,35,2025-04-03,En Mora,0
4383,2922,958888.89,2022-11-22,2024-03-31,1,2024-07-21,Activo,0
4384,350,946210.23,2024-04-22,2024-10-08,15,2025-02-26,Activo,0
4385,2108,946897.62,2022-09-14,2025-05-23,7,2025-03-01,Activo,63
4386,1479,90799.5,2023-09-02,2025-09-01,0,2024-08-27,Cancelado,32
4387,879,432865.2,2023-11-09,2024-06-28,17,2025-05-28,Activo,0
4388,2513,107742.19,2022-06-28,2023-02-27,25,2025-05-24,Cancelado,0
4389,311,344003.16,2024-06-09,2026-03-03,4,2025-04-02,Activo,0
4390,1115,215849.19,2022-06-28,2024-08-11,20,2024-06-06,Activo,0
4391,2979,639130.55,2023-11-30,2027-02-07,34,2024-11-30,Refinanciado,0
4392,1322,791708.84,2023-05-14,2026-12-17,27,2025-02-20,Activo,0
4393,280,537679.62,2024-09-01,2025-04-07,25,2024-09-17,En Mora,84
4394,2759,805699.42,2021-07-23,2023-03-04,31,2025-04-09,Activo,0
4395,967,62172.63,2021-10-09,2025-07-23,20,2025-02-09,Activo,0
4396,695,829452.55,2025-02-22,2026-07-28,3,2025-01-10,Activo,0
4397,910,219442.21,2023-06-27,2026-09-28,35,2025-02-25,Cancelado,0
4398,2615,487889.11,2024-06-16,2025-06-14,23,2024-07-15,Activo,0
4399,271,470456.34,2021-07-10,2022-05-16,32,2024-09-08,Cancelado,0
4400,1541,879497.75,2023-05-15,2024-07-29,4,2025-01-26,Activo,0
4401,1125,967680.19,2025-02-13,2026-11-27,2,2025-05-27,Activo,0
4402,1412,292364.92,2021-01-31,2024-02-28,10,2025-04-01,Cancelado,0
4403,1310,114042.51,2021-07-15,2026-09-17,31,2025-01-07,Activo,0
4404,1754,667995.69,2024-06-18,2025-07-14,21,2024-07-23,Refinanciado,0
4405,841,527698.56,2023-03-14,2025-02-20,10,2025-02-08,Cancelado,0
4406,1822,587419.88,2022-09-05,2026-11-11,21,2025-01-25,Activo,0
4407,1004,93956.7,2021-10-20,2023-12-29,3,2025-06-01,Activo,0
4408,240,786544.33,2025-04-12,2026-12-05,2,2025-02-25,Activo,0
4409,1640,270735.74,2021-07-28,2026-11-08,9,2025-03-02,Activo,0
4410,361,368189.94,2025-02-25,2025-05-11,18,2025-04-30,Activo,0
4411,734,266936.03,2022-01-20,2025-10-27,17,2025-01-04,Cancelado,0
4412,852,948647.33,2022-03-01,2022-11-21,27,2024-09-16,Activo,0
4413,860,210285.73,2024-03-04,2025-08-19,30,2025-03-29,Activo,0
4414,701,745703.05,2021-02-03,2023-04-14,16,2025-03-28,En Mora,0
4415,1351,283459.93,2020-07-03,2023-09-24,23,2024-07-14,En Mora,0
4416,2884,453673.64,2024-10-03,2026-10-09,0,2025-06-01,Activo,0
4417,823,996258.78,2024-05-26,2024-08-06,4,2024-11-19,Activo,72
4418,1635,145547.91,2021-02-02,2024-07-08,31,2025-03-21,Activo,38
4419,97,887291.27,2020-11-18,2024-04-17,16,2024-12-06,Activo,106
4420,327,948747.4,2023-06-05,2024-09-11,20,2025-04-28,Activo,0
4421,2121,713315.93,2020-12-26,2026-03-10,21,2025-01-31,En Mora,0
4422,994,59464.08,2022-10-01,2026-09-06,33,2024-10-18,Activo,0
4423,1280,829758.65,2024-03-21,2027-05-06,13,2025-01-29,Cancelado,0
4424,1767,888158.33,2024-12-29,2026-08-05,15,2024-06-21,Activo,0
4425,994,981887.45,2024-05-15,2026-12-03,4,2024-10-04,En Mora,63
4426,333,847349.96,2020-06-07,2021-11-10,17,2025-02-04,Activo,0
4427,1181,473307.62,2022-04-16,2024-06-04,3,2024-10-26,Activo,49
4428,1965,704217.19,2021-09-03,2025-04-19,27,2024-08-24,Activo,0
4429,2506,510872.09,2022-02-26,2023-08-13,26,2024-07-04,Activo,0
4430,2782,385367.43,2022-12-20,2023-11-08,5,2025-02-10,En Mora,0
4431,2924,645105.17,2023-08-19,2025-03-18,10,2024-09-27,Cancelado,0
4432,2906,781340.82,2023-09-21,2026-11-19,20,2025-05-27,Refinanciado,0
4433,99,654105.75,2024-09-25,2026-02-10,16,2024-07-20,Activo,0
4434,2780,835249.45,2021-03-05,2023-07-11,30,2025-02-20,Cancelado,0
4435,2973,217556.23,2020-12-22,2021-05-28,33,2024-12-22,Activo,149
4436,244,405009.82,2024-04-05,2026-07-22,12,2025-01-11,Activo,119
4437,1501,346956.52,2024-12-20,2025-04-08,22,2024-11-05,Activo,105
4438,1465,234420.78,2022-09-13,2027-04-30,0,2025-05-11,Activo,156
4439,1399,471015.61,2023-02-14,2025-01-18,3,2024-11-10,Activo,0
4440,2710,950479.23,2020-06-07,2021-02-09,29,2024-08-02,Cancelado,117
4441,367,561107.88,2024-10-08,2025-10-06,30,2024-12-10,Activo,0
4442,2547,322084.63,2022-08-18,2027-05-26,15,2025-01-05,Activo,0
4443,1482,386357.59,2021-09-27,2027-03-09,2,2024-08-18,Activo,0
4444,2161,632421.93,2022-11-30,2023-05-13,11,2025-05-09,Activo,0
4445,2993,385109.4,2024-11-22,2027-02-10,11,2024-12-11,Cancelado,75
4446,1048,561429.39,2023-02-14,2026-04-02,10,2025-01-30,Activo,0
4447,283,310451.9,2024-12-10,2025-01-06,15,2024-10-30,Activo,60
4448,1316,378634.71,2023-11-17,2026-09-23,28,2024-07-09,Cancelado,133
4449,1387,720441.47,2024-01-23,2024-02-04,20,2024-09-29,Activo,0
4450,2449,605387.43,2024-04-26,2025-12-19,4,2024-08-16,Activo,0
4451,2616,138812.52,2022-10-21,2025-04-01,12,2024-11-01,En Mora,0
4452,2762,974523.39,2022-07-13,2026-08-08,16,2024-10-17,Activo,0
4453,1738,96870.08,2023-08-27,2027-02-25,11,2024-07-26,Cancelado,0
4454,422,128792.59,2020-07-09,2026-03-25,16,2025-03-25,Activo,34
4455,2897,716316.75,2021-08-01,2026-11-16,0,2025-04-06,Activo,0
4456,1267,722617.23,2023-10-09,2024-05-14,7,2024-12-31,Activo,0
4457,1378,67988.76,2022-03-19,2026-07-02,15,2024-06-13,Cancelado,0
4458,1412,660616.2,2021-08-20,2022-08-02,14,2024-10-20,Activo,71
4459,475,81597.01,2024-04-01,2025-06-03,18,2024-11-25,Refinanciado,0
4460,2453,962731.49,2024-01-14,2026-01-18,24,2025-03-06,Activo,87
4461,2084,711335.46,2021-11-05,2024-11-30,30,2024-10-08,Cancelado,0
4462,358,227249.2,2022-06-10,2025-04-02,1,2025-01-02,Cancelado,0
4463,558,200199.55,2022-06-02,2024-07-26,24,2024-06-05,Activo,0
4464,1351,591179.19,2022-12-14,2023-08-18,30,2025-04-01,Activo,0
4465,1068,651842.79,2021-02-21,2026-09-26,3,2024-09-13,En Mora,0
4466,2368,839675.75,2023-09-22,2025-05-27,3,2025-04-09,Activo,124
4467,738,908155.09,2022-04-20,2026-04-14,11,2025-01-21,En Mora,60
4468,2706,422906.77,2022-06-21,2027-01-20,16,2024-06-05,Activo,0
4469,2520,851880.6,2021-10-07,2024-01-12,20,2024-06-14,Activo,0
4470,2573,565261.03,2025-03-25,2025-04-18,28,2025-02-16,Activo,42
4471,25,497053.03,2020-12-29,2022-11-04,21,2025-01-20,Activo,122
4472,640,714022.11,2022-09-07,2023-03-09,35,2025-03-06,Activo,0
4473,1575,148035.21,2021-08-24,2021-11-25,15,2024-12-28,Activo,0
4474,2924,302117.18,2020-11-02,2022-03-31,14,2025-05-25,Cancelado,0
4475,1209,825924.55,2024-02-04,2025-04-28,29,2024-12-13,Activo,0
4476,174,528874.9,2023-06-28,2025-05-11,10,2025-04-29,Activo,0
4477,1418,912641.26,2020-07-25,2024-08-11,12,2025-03-14,En Mora,32
4478,186,134268.55,2022-09-21,2023-08-20,22,2025-01-24,Activo,0
4479,1305,347742.17,2023-03-07,2026-03-16,33,2024-09-27,Cancelado,0
4480,1001,387772.4,2022-06-23,2022-10-11,19,2025-04-25,Activo,0
4481,1319,451584.31,2025-02-05,2027-04-15,1,2024-09-03,Cancelado,150
4482,528,987479.05,2024-02-01,2027-03-21,7,2024-09-02,Activo,131
4483,684,345129.58,2023-10-16,2026-04-19,17,2024-06-08,Activo,31
4484,2234,542748.33,2020-06-16,2027-02-21,6,2024-10-20,Cancelado,106
4485,1568,559267.76,2021-05-14,2022-02-02,30,2025-01-10,Activo,28
4486,575,782258.04,2021-10-17,2026-09-25,21,2024-12-15,En Mora,13
4487,2035,541975.54,2023-01-13,2025-01-02,27,2024-11-12,Activo,0
4488,1885,625450.53,2022-07-05,2023-06-03,24,2025-02-26,Activo,0
4489,1325,765661.65,2023-05-31,2027-04-25,0,2025-03-06,Activo,129
4490,309,146075.4,2020-07-31,2020-12-21,31,2024-11-29,Activo,30
4491,1213,965298.52,2020-07-17,2024-12-14,24,2024-08-22,Activo,0
4492,1842,853988.97,2025-05-06,2025-09-30,15,2024-12-29,Cancelado,0
4493,1435,419333.98,2023-05-16,2026-07-03,28,2025-02-09,Cancelado,0
4494,538,741996.71,2021-07-03,2025-06-08,23,2025-01-17,Cancelado,0
4495,858,774208.85,2024-09-14,2026-08-28,16,2024-11-25,Activo,0
4496,1575,857734.13,2020-10-12,2025-02-05,5,2024-10-17,Activo,0
4497,193,228900.98,2024-01-09,2024-10-13,13,2024-12-07,Activo,0
4498,1187,718517.62,2024-11-27,2026-06-04,25,2025-01-10,Cancelado,178
4499,53,81673.5,2020-11-17,2026-02-19,27,2025-02-22,Activo,36
4500,475,159800.17,2022-01-11,2026-10-25,35,2024-10-04,Activo,0
4501,174,787263.61,2022-06-15,2024-05-22,30,2024-11-19,Activo,38
4502,1220,822352.85,2021-05-01,2024-03-15,26,2025-02-14,Activo,0
4503,1814,612814.63,2025-01-24,2026-04-15,1,2024-08-01,Cancelado,0
4504,700,602601.68,2023-06-14,2024-03-31,18,2025-03-08,En Mora,39
4505,2438,762035.86,2021-03-06,2022-08-16,27,2024-06-03,Refinanciado,25
4506,457,910780.58,2021-04-23,2021-11-25,20,2025-02-08,Activo,0
4507,1355,450059.41,2023-04-10,2024-03-31,14,2024-07-30,Activo,75
4508,1519,159080.06,2023-02-20,2027-03-08,33,2024-08-13,Activo,134
4509,2170,847049.42,2021-08-02,2021-08-08,2,2025-01-07,Activo,0
4510,2466,374561.94,2023-02-19,2027-05-07,0,2024-07-24,Cancelado,0
4511,159,177096.48,2025-02-27,2025-04-04,23,2024-07-10,Activo,143
4512,2646,633885.58,2023-08-22,2024-05-14,26,2024-07-29,Cancelado,170
4513,1838,599179.73,2023-07-26,2025-11-02,8,2024-08-17,Refinanciado,0
4514,516,500533.9,2020-08-27,2023-03-15,23,2025-01-02,Activo,0
4515,1026,866807.38,2021-07-03,2023-08-11,16,2024-10-21,Activo,139
4516,659,308614.54,2024-01-02,2024-08-20,27,2024-08-16,Activo,0
4517,678,62573.5,2024-08-29,2027-04-26,3,2024-10-24,Activo,0
4518,315,357295.28,2021-05-22,2021-10-08,28,2024-12-22,Activo,0
4519,2376,59220.66,2023-12-26,2026-06-05,27,2024-10-22,Activo,0
4520,276,566411.65,2022-12-11,2023-08-11,28,2024-11-21,Activo,0
4521,2764,409335.88,2024-06-15,2025-02-15,28,2025-05-02,En Mora,0
4522,452,823245.6,2024-05-09,2025-10-21,4,2025-05-30,Cancelado,0
4523,1589,807706.08,2024-03-30,2025-11-03,10,2024-09-18,Activo,0
4524,486,462906.57,2023-07-06,2026-01-11,1,2025-01-10,Activo,0
4525,1131,255661.01,2025-01-14,2025-03-06,3,2025-04-25,Activo,0
4526,567,451308.37,2024-07-28,2025-06-29,9,2025-03-29,Activo,0
4527,246,659251.85,2022-09-23,2025-11-30,7,2025-01-31,Cancelado,142
4528,2983,230695.68,2023-10-18,2026-07-22,22,2025-05-14,Refinanciado,0
4529,889,784394.28,2022-12-20,2026-03-06,26,2025-05-31,Activo,137
4530,2212,364032.2,2022-03-23,2027-03-28,22,2025-03-26,Activo,0
4531,2575,935568.15,2024-09-01,2025-06-19,33,2025-02-28,Activo,124
4532,1,536277.0,2021-08-04,2023-10-27,34,2024-11-30,Activo,82
4533,2911,854770.21,2025-05-25,2027-02-27,16,2025-03-07,Cancelado,178
4534,2185,635097.95,2021-06-29,2026-04-01,9,2025-04-22,Cancelado,0
4535,151,576871.75,2022-09-25,2024-06-03,1,2024-11-19,Cancelado,0
4536,1768,698023.63,2025-02-07,2025-09-09,16,2024-07-10,Cancelado,0
4537,1511,820916.57,2020-08-10,2022-03-30,30,2025-01-03,Activo,143
4538,1249,662282.13,2024-01-13,2026-08-01,15,2025-03-21,Activo,0
4539,1129,807378.65,2021-12-11,2024-12-07,23,2025-04-11,Activo,130
4540,999,230941.91,2024-05-19,2025-05-21,6,2024-06-08,En Mora,0
4541,698,313640.71,2022-11-01,2023-07-09,18,2024-12-26,Activo,0
4542,1089,268236.68,2023-10-04,2025-01-22,15,2024-11-16,Activo,0
4543,2381,808388.03,2022-11-18,2026-05-17,32,2025-03-29,Activo,0
4544,2420,131822.13,2020-10-13,2027-05-07,35,2025-04-20,Activo,0
4545,1231,806070.04,2021-07-07,2025-07-25,9,2025-01-01,Activo,0
4546,2629,419590.18,2020-07-31,2023-04-02,14,2025-05-24,Cancelado,0
4547,686,125531.8,2022-05-03,2023-01-06,2,2025-01-28,En Mora,91
4548,2757,453204.95,2020-06-02,2026-01-26,1,2025-02-02,Activo,0
4549,928,335477.19,2023-10-29,2026-07-27,34,2024-12-29,Activo,0
4550,1843,612354.57,2020-12-12,2021-03-06,26,2024-06-19,Cancelado,0
4551,1733,498900.3,2020-10-15,2022-05-19,4,2025-05-03,Activo,128
4552,740,331938.52,2024-06-25,2025-06-26,14,2025-04-10,En Mora,0
4553,271,869152.65,2022-11-28,2023-07-29,35,2024-08-31,Activo,0
4554,1973,436480.35,2023-06-17,2026-12-11,32,2025-05-06,Cancelado,0
4555,711,497155.49,2024-04-21,2024-11-07,0,2025-02-07,Cancelado,0
4556,325,854297.1,2022-08-07,2024-05-17,11,2025-03-09,Cancelado,26
4557,990,134603.78,2024-04-30,2026-12-09,8,2024-10-04,Activo,164
4558,1551,420398.48,2021-11-15,2021-12-13,19,2024-12-08,Activo,0
4559,798,432713.85,2022-04-02,2026-05-15,29,2025-04-08,Activo,0
4560,1870,521034.37,2025-05-14,2025-09-18,13,2024-08-29,Activo,0
4561,2968,150814.56,2022-08-15,2026-12-10,22,2024-10-25,Activo,111
4562,2595,147527.12,2023-05-21,2023-12-29,28,2024-06-25,Activo,0
4563,1093,445595.16,2025-02-24,2025-12-08,34,2024-06-11,Activo,0
4564,2956,81377.56,2021-02-14,2021-09-04,26,2025-05-19,Cancelado,0
4565,212,292235.14,2020-09-30,2021-08-02,26,2024-08-03,Activo,0
4566,1582,241117.92,2024-12-07,2025-04-29,29,2024-09-30,Cancelado,0
4567,1444,514916.95,2023-06-20,2026-12-21,2,2024-06-24,Activo,87
4568,2645,60601.58,2023-12-21,2026-01-12,11,2025-05-18,Activo,0
4569,48,691946.78,2022-03-01,2024-03-15,30,2025-04-06,Activo,0
4570,231,862807.94,2021-09-21,2023-11-04,26,2024-11-17,Cancelado,130
4571,579,721404.44,2024-06-05,2026-02-24,23,2024-06-11,Activo,0
4572,2998,827174.26,2024-09-01,2024-11-23,10,2025-04-14,Activo,0
4573,1113,661150.58,2021-02-12,2022-11-26,26,2024-11-02,Activo,0
4574,1755,531998.68,2025-03-02,2027-03-28,8,2025-04-09,En Mora,32
4575,2980,258070.52,2022-05-02,2023-02-06,15,2025-05-23,Activo,0
4576,2100,315645.03,2022-04-02,2024-06-13,13,2024-09-09,Activo,175
4577,422,351822.6,2022-02-28,2023-04-05,29,2024-08-04,Activo,119
4578,611,86116.79,2024-09-08,2026-12-03,23,2025-02-11,En Mora,0
4579,446,917434.33,2023-03-05,2026-09-11,12,2025-02-05,Activo,117
4580,961,905287.57,2024-04-02,2026-10-12,32,2024-08-22,En Mora,0
4581,131,152388.96,2022-06-14,2026-09-30,8,2024-08-19,Activo,0
4582,2648,578858.89,2025-02-10,2026-07-04,25,2025-04-30,Refinanciado,0
4583,1672,494259.23,2024-10-25,2027-04-09,12,2025-03-17,En Mora,0
4584,2422,699243.3,2021-11-13,2022-04-20,20,2025-01-20,En Mora,0
4585,2599,622866.78,2023-09-19,2023-10-23,28,2024-07-10,Activo,0
4586,2578,168105.71,2021-12-28,2025-03-23,27,2024-12-24,Activo,0
4587,2435,677073.76,2024-10-23,2026-09-21,23,2025-02-07,Cancelado,0
4588,336,628428.69,2022-07-13,2023-08-15,12,2024-09-24,En Mora,0
4589,2784,554662.46,2023-02-04,2026-01-04,19,2024-07-21,Cancelado,82
4590,1141,432285.95,2024-08-14,2025-04-09,6,2024-07-28,Activo,132
4591,1025,957174.94,2022-10-23,2027-03-31,14,2025-04-19,Activo,4
4592,1653,856967.58,2020-12-17,2026-09-11,24,2024-09-27,Activo,0
4593,2944,605830.73,2022-12-28,2026-07-04,34,2024-08-30,Activo,0
4594,538,56058.93,2021-09-22,2025-10-23,12,2025-01-15,Activo,0
4595,496,460517.08,2022-05-27,2026-03-03,7,2024-11-11,Activo,0
4596,508,715322.74,2021-09-27,2026-01-12,20,2024-06-30,Activo,0
4597,681,161429.52,2021-08-22,2023-11-20,5,2025-03-29,Cancelado,124
4598,2613,436222.14,2022-07-19,2024-08-23,9,2025-03-13,En Mora,0
4599,781,232138.96,2025-03-27,2025-11-09,20,2025-01-02,Activo,129
4600,760,371235.84,2024-07-02,2026-05-29,13,2025-04-12,En Mora,0
4601,128,75335.74,2024-02-27,2026-07-08,32,2025-05-22,En Mora,6
4602,1293,170395.76,2025-03-15,2027-04-23,24,2025-02-22,En Mora,136
4603,2194,482019.01,2022-11-29,2026-05-27,18,2024-10-08,Activo,0
4604,2547,903280.42,2021-04-04,2024-10-29,8,2025-04-18,Cancelado,160
4605,966,516052.54,2024-04-15,2025-04-14,35,2024-07-19,En Mora,0
4606,560,480423.6,2024-08-01,2026-06-03,35,2025-02-17,En Mora,145
4607,1223,798190.92,2021-04-28,2022-07-25,14,2025-03-30,Activo,29
4608,924,304438.57,2024-11-14,2026-10-26,4,2024-12-25,Activo,0
4609,1628,140315.31,2023-06-14,2026-11-16,16,2024-07-23,Cancelado,0
4610,2451,249093.99,2024-10-26,2026-03-04,29,2025-05-24,Refinanciado,0
4611,2390,801735.8,2020-12-12,2024-06-12,6,2024-10-16,Cancelado,0
4612,1072,693195.53,2023-05-07,2025-02-26,5,2024-09-15,Cancelado,0
4613,541,136956.52,2020-12-18,2026-04-18,14,2024-08-23,Activo,0
4614,1200,683738.5,2023-06-08,2025-05-26,9,2025-03-04,Activo,0
4615,511,934973.91,2023-01-23,2023-10-24,5,2024-10-12,Cancelado,0
4616,2067,92707.21,2020-10-15,2025-01-28,12,2024-08-27,Activo,169
4617,2543,635597.19,2023-11-18,2027-02-17,13,2025-04-12,Activo,30
4618,355,410206.34,2024-03-04,2026-12-17,0,2025-05-21,Cancelado,0
4619,2607,525979.89,2024-09-10,2024-11-22,32,2024-09-22,Activo,0
4620,345,551769.88,2022-08-27,2023-03-17,18,2025-04-23,Activo,9
4621,1084,782493.79,2024-04-06,2025-11-14,8,2025-02-04,Activo,0
4622,2736,579161.89,2021-09-05,2022-11-21,11,2024-07-07,Cancelado,0
4623,1791,613431.35,2021-12-24,2025-08-26,4,2025-04-01,Cancelado,0
4624,2277,366266.25,2023-01-10,2025-11-10,5,2024-12-21,En Mora,0
4625,147,169648.03,2022-09-02,2023-01-30,10,2024-11-23,Refinanciado,0
4626,2380,698595.72,2022-01-02,2022-12-16,9,2024-07-28,Activo,0
4627,2481,50458.03,2021-11-14,2022-09-15,14,2024-07-07,Activo,136
4628,399,362281.31,2024-10-23,2025-10-29,27,2025-04-08,Activo,0
4629,1724,257141.76,2022-03-22,2026-02-15,2,2024-11-03,Activo,0
4630,2884,419106.77,2024-04-21,2027-05-09,15,2025-01-28,Activo,0
4631,1435,345704.63,2024-02-22,2025-01-02,16,2024-07-24,Activo,0
4632,587,719006.23,2025-03-02,2026-09-12,35,2024-11-08,Activo,43
4633,2647,297195.75,2024-05-17,2024-09-11,18,2025-06-01,Activo,0
4634,1295,582712.83,2023-08-09,2025-12-15,3,2024-12-13,Activo,0
4635,2805,482981.91,2024-08-02,2026-10-29,24,2025-01-14,Activo,163
4636,2394,811004.63,2024-04-27,2024-06-18,26,2024-12-20,Activo,0
4637,1543,456687.86,2021-08-06,2025-07-18,11,2024-11-25,Activo,0
4638,1805,870682.27,2023-03-01,2027-05-09,26,2024-07-12,Activo,0
4639,2036,50138.48,2022-01-27,2025-06-27,3,2025-02-27,Activo,0
4640,1428,624594.54,2021-07-09,2025-07-22,23,2024-07-19,Activo,0
4641,738,59316.64,2022-10-14,2023-12-01,16,2024-09-04,Activo,0
4642,1778,728237.61,2023-03-28,2027-01-18,25,2024-06-15,Activo,15
4643,380,273176.28,2023-09-15,2026-04-05,17,2024-12-04,Cancelado,0
4644,2469,410982.19,2023-07-16,2026-10-19,21,2024-10-06,Activo,168
4645,1204,411415.64,2024-03-01,2027-02-09,5,2025-02-02,Activo,125
4646,1662,854101.3,2025-02-27,2025-11-27,18,2024-09-28,Activo,74
4647,1307,146988.12,2024-02-19,2025-09-17,33,2025-02-02,Cancelado,0
4648,2466,683552.11,2023-01-03,2024-10-23,10,2024-10-14,Refinanciado,0
4649,356,982193.99,2025-05-23,2027-01-05,23,2024-10-26,Activo,0
4650,16,71265.21,2023-03-05,2025-07-01,22,2024-10-24,Activo,0
4651,315,967599.49,2023-07-07,2024-08-03,3,2024-10-15,Activo,38
4652,2581,67484.49,2024-07-25,2025-10-30,17,2025-03-25,Activo,125
4653,1040,849091.99,2020-10-14,2022-01-24,29,2025-02-04,Activo,52
4654,1487,963182.2,2024-09-14,2026-04-12,14,2024-07-11,Refinanciado,0
4655,2593,993376.01,2023-03-07,2023-06-26,22,2025-05-23,Cancelado,0
4656,694,486165.27,2020-09-12,2021-12-02,11,2024-12-05,Activo,0
4657,69,873609.63,2024-03-02,2026-01-29,3,2025-01-30,Activo,40
4658,411,166222.57,2023-06-01,2025-11-30,3,2024-09-27,Activo,117
4659,2860,454115.12,2024-12-10,2026-09-09,13,2025-04-12,Activo,0
4660,919,342576.23,2021-06-23,2025-08-11,7,2025-06-01,En Mora,0
4661,2895,425418.2,2022-02-18,2022-08-05,22,2025-02-14,Activo,20
4662,740,716881.81,2024-12-31,2025-12-26,0,2024-10-08,Activo,0
4663,1491,133106.19,2023-08-01,2025-01-07,10,2024-06-01,En Mora,157
4664,2487,998255.76,2022-04-14,2024-09-06,26,2025-01-18,Activo,60
4665,2578,653313.8,2021-06-27,2023-09-27,3,2024-10-04,Activo,0
4666,2778,879841.71,2021-01-01,2025-04-12,28,2025-01-29,En Mora,47
4667,273,838210.79,2020-07-20,2022-06-08,16,2025-04-18,Activo,82
4668,459,777697.67,2024-02-22,2026-02-01,18,2024-08-29,Activo,0
4669,820,87262.35,2023-11-22,2026-05-14,23,2024-09-24,Cancelado,0
4670,1197,540643.72,2022-12-17,2026-06-29,31,2024-12-16,En Mora,83
4671,2616,361740.96,2022-02-05,2022-02-16,30,2024-06-06,Activo,96
4672,861,157292.16,2025-05-03,2026-09-04,15,2024-10-08,Activo,0
4673,1974,375840.7,2023-12-03,2025-07-11,31,2025-01-13,Activo,125
4674,1545,662562.89,2020-06-14,2021-11-13,33,2024-07-03,Activo,0
4675,2545,269095.11,2025-01-12,2025-06-04,34,2024-07-21,Activo,0
4676,795,472365.66,2022-05-13,2024-03-15,15,2024-08-25,Cancelado,6
4677,805,434269.53,2025-05-13,2027-01-15,20,2024-06-20,Activo,0
4678,1096,99839.81,2020-08-30,2025-11-30,12,2025-01-31,Activo,0
4679,2982,646678.4,2021-08-02,2025-03-14,17,2024-08-18,Activo,4
4680,1891,637904.56,2022-09-05,2026-12-11,1,2024-07-30,Activo,0
4681,840,968093.78,2021-08-27,2025-01-26,32,2024-06-13,Cancelado,95
4682,2683,333104.96,2023-09-11,2024-09-15,17,2024-12-31,Activo,0
4683,603,448003.48,2021-11-24,2025-11-06,27,2024-06-04,Activo,0
4684,2784,433455.74,2023-08-31,2026-08-30,34,2024-10-08,Activo,0
4685,1433,923756.71,2023-02-26,2025-05-17,11,2024-06-23,Activo,0
4686,1834,438216.85,2024-02-08,2027-01-09,7,2024-10-09,Activo,167
4687,367,470625.94,2025-05-02,2025-09-06,24,2024-07-07,En Mora,0
4688,256,289727.31,2021-01-13,2025-08-12,6,2024-10-03,En Mora,0
4689,2488,51109.74,2021-07-30,2023-10-15,1,2024-08-27,Activo,28
4690,1359,154928.14,2024-01-02,2025-03-30,32,2025-01-07,Activo,0
4691,2483,718694.69,2021-03-05,2021-11-22,32,2025-03-10,Activo,109
4692,690,698370.81,2023-03-30,2026-09-22,22,2025-01-03,Cancelado,0
4693,308,356404.04,2024-05-20,2024-06-10,4,2024-10-16,Activo,0
4694,2036,499355.92,2022-07-16,2025-01-25,13,2025-04-27,Activo,0
4695,1697,332509.47,2021-06-02,2026-06-03,7,2025-05-19,Activo,0
4696,409,744370.57,2024-05-12,2025-06-08,19,2025-01-30,Activo,20
4697,826,850374.38,2023-12-25,2024-12-10,17,2024-12-09,Activo,138
4698,1192,904150.03,2022-02-24,2026-03-13,22,2025-04-20,Cancelado,136
4699,2135,215177.76,2024-02-20,2026-10-05,28,2024-09-04,Activo,0
4700,2051,710265.9,2023-02-19,2024-07-17,6,2025-05-20,Refinanciado,0
4701,2420,964854.44,2021-02-24,2022-08-18,23,2024-06-07,En Mora,0
4702,1552,668081.12,2023-12-10,2024-07-19,24,2024-09-18,Cancelado,112
4703,2690,383425.44,2023-03-16,2023-10-16,13,2024-11-02,Activo,92
4704,98,654149.05,2021-09-24,2025-03-29,2,2024-09-05,Activo,0
4705,2718,704004.75,2023-07-13,2027-03-26,13,2024-06-18,En Mora,0
4706,1775,427194.93,2022-05-13,2023-03-14,2,2024-10-21,Activo,97
4707,1546,148791.4,2020-11-27,2024-02-27,8,2025-01-24,Cancelado,0
4708,321,626326.87,2021-06-13,2024-06-03,6,2024-11-16,Activo,0
4709,534,812033.76,2023-02-13,2024-07-12,25,2024-11-12,En Mora,0
4710,2868,997697.66,2023-12-16,2025-09-25,6,2024-12-14,Cancelado,0
4711,2415,261905.39,2024-06-24,2025-07-29,6,2024-12-02,Activo,0
4712,1208,715369.53,2020-07-07,2024-09-17,35,2024-07-31,Refinanciado,0
4713,417,76641.04,2021-04-05,2026-10-16,12,2025-03-15,Activo,0
4714,2777,971334.02,2021-01-18,2024-07-20,2,2025-05-22,Activo,0
4715,1238,61936.24,2023-07-11,2026-01-05,19,2024-09-24,Cancelado,169
4716,848,390855.21,2022-02-26,2022-11-03,8,2024-12-01,Activo,0
4717,670,122582.63,2021-01-21,2025-07-19,21,2025-03-08,Activo,6
4718,1944,639919.56,2022-07-14,2026-12-17,32,2025-03-24,Activo,0
4719,2181,372524.81,2023-02-17,2025-03-13,22,2024-09-04,Activo,0
4720,2101,746296.73,2021-02-17,2022-02-23,22,2024-09-08,Activo,79
4721,741,512059.16,2020-10-12,2023-07-13,25,2024-10-02,Activo,89
4722,2743,448433.25,2021-09-03,2026-04-03,31,2025-01-29,Activo,0
4723,23,381090.53,2025-03-13,2025-11-28,27,2025-02-18,Activo,0
4724,1655,131822.71,2024-03-21,2024-09-22,29,2025-01-15,Refinanciado,0
4725,460,244583.61,2024-11-12,2026-03-22,16,2025-05-14,En Mora,114
4726,650,657147.38,2023-03-11,2025-10-21,17,2024-11-25,Activo,33
4727,482,521914.09,2021-10-16,2025-07-08,24,2024-09-23,En Mora,0
4728,120,116584.98,2024-02-13,2024-02-23,3,2025-02-23,Cancelado,0
4729,673,566754.13,2022-01-14,2022-08-19,25,2024-09-13,Activo,128
4730,2256,101435.53,2021-06-30,2024-10-14,30,2025-03-27,Cancelado,0
4731,1885,536140.6,2025-03-07,2025-07-09,11,2025-05-08,En Mora,0
4732,318,966713.37,2023-07-04,2026-06-06,17,2024-10-31,Cancelado,0
4733,2386,341977.33,2024-09-06,2025-10-11,9,2025-02-18,En Mora,0
4734,2203,737327.98,2024-09-15,2024-12-16,35,2024-07-27,En Mora,0
4735,868,758274.44,2024-10-26,2025-10-07,1,2024-11-27,Activo,0
4736,394,434616.56,2022-04-13,2024-12-22,24,2025-02-25,Activo,168
4737,2553,613627.54,2023-08-24,2025-08-05,8,2025-04-02,Activo,0
4738,971,498443.79,2022-08-04,2026-06-07,31,2024-11-07,Activo,8
4739,313,319194.87,2023-11-14,2024-03-28,4,2025-02-03,Activo,55
4740,1283,767004.99,2023-06-28,2026-11-20,2,2024-12-27,Activo,61
4741,2062,717685.28,2021-08-31,2026-05-07,16,2024-06-27,Activo,0
4742,77,905521.42,2024-02-02,2027-01-26,12,2024-10-28,Activo,0
4743,409,637219.87,2024-08-20,2027-02-23,2,2025-02-11,Activo,0
4744,2442,419284.13,2023-05-23,2026-09-06,27,2025-01-27,En Mora,0
4745,2268,728307.18,2022-07-10,2023-06-01,3,2024-08-15,Activo,0
4746,744,638084.42,2021-02-01,2023-09-05,17,2025-03-16,Activo,0
4747,433,635783.48,2021-01-08,2026-03-21,34,2025-02-03,Activo,0
4748,2854,857345.87,2024-03-22,2025-09-22,13,2025-04-01,Cancelado,0
4749,1479,914945.11,2023-11-28,2025-02-17,15,2024-09-30,En Mora,0
4750,1678,221229.58,2022-08-08,2024-07-25,11,2024-07-16,Activo,7
4751,1832,348347.71,2022-10-09,2023-04-10,10,2024-09-08,Activo,92
4752,988,667790.42,2024-02-08,2027-05-05,1,2024-06-30,En Mora,0
4753,1522,579360.17,2025-03-27,2026-12-07,32,2024-06-24,Cancelado,0
4754,2702,669709.86,2023-08-31,2025-12-07,12,2025-02-19,Activo,28
4755,2865,461363.87,2022-11-24,2024-02-27,29,2024-09-02,En Mora,0
4756,1554,441817.06,2024-10-19,2025-02-20,25,2024-07-01,Activo,0
4757,755,161771.21,2023-01-23,2027-02-05,17,2025-03-29,Activo,67
4758,676,642465.83,2024-10-27,2027-04-18,12,2024-12-23,En Mora,117
4759,832,216996.37,2024-04-19,2026-11-26,3,2024-07-09,Activo,0
4760,1120,687470.52,2021-12-08,2025-09-08,32,2025-05-27,En Mora,0
4761,28,968718.63,2022-12-30,2026-05-12,14,2024-09-16,Activo,0
4762,1254,293592.19,2025-03-07,2026-12-22,16,2025-03-22,Activo,0
4763,416,185044.69,2020-12-21,2021-11-09,5,2024-10-11,Activo,0
4764,2073,72966.48,2024-04-18,2027-04-22,4,2025-01-02,Activo,0
4765,1711,409885.83,2020-09-09,2021-09-09,32,2025-01-19,Activo,0
4766,2721,253880.51,2023-07-17,2024-03-22,15,2025-04-22,Activo,0
4767,542,517266.45,2024-05-12,2025-03-05,23,2024-09-17,Activo,0
4768,165,548090.73,2024-04-24,2024-09-09,4,2024-12-29,Activo,0
4769,2256,381861.36,2022-01-07,2024-01-20,2,2024-10-24,Activo,0
4770,2997,762410.91,2023-05-22,2026-11-14,34,2024-08-12,Cancelado,178
4771,985,909566.34,2022-02-14,2025-11-04,26,2024-10-11,En Mora,0
4772,2662,250946.94,2023-09-10,2027-03-13,11,2024-12-15,Activo,34
4773,373,844482.88,2021-10-01,2023-08-14,24,2025-02-14,Activo,0
4774,618,174628.5,2023-10-09,2026-03-16,16,2024-12-19,En Mora,157
4775,69,267267.08,2024-11-13,2026-10-30,19,2024-06-22,Cancelado,0
4776,1544,583344.9,2022-04-29,2026-08-03,27,2024-08-15,Activo,0
4777,1659,341252.41,2022-03-04,2026-06-13,34,2025-02-05,Activo,170
4778,101,89625.25,2020-10-10,2023-11-12,14,2024-09-25,En Mora,65
4779,1,330128.53,2021-06-10,2021-07-14,32,2024-12-17,Activo,175
4780,2399,909626.68,2022-04-30,2025-07-11,2,2025-03-25,Activo,0
4781,2055,215512.0,2020-08-26,2021-08-06,6,2024-08-01,En Mora,0
4782,318,775563.34,2022-03-28,2026-03-09,9,2024-12-18,Activo,0
4783,2671,736167.91,2023-12-25,2027-04-06,25,2025-03-26,Activo,154
4784,1879,150913.58,2024-12-26,2027-02-15,5,2025-05-29,En Mora,0
4785,2557,362970.82,2021-02-28,2021-07-03,32,2024-11-28,Activo,0
4786,186,229888.47,2023-07-05,2025-06-23,15,2025-04-23,En Mora,0
4787,728,71992.67,2022-02-27,2023-11-06,23,2024-09-16,Cancelado,0
4788,2510,214388.64,2024-01-28,2027-05-26,29,2024-09-10,Activo,0
4789,343,241499.04,2022-01-16,2025-07-02,9,2024-08-22,Activo,0
4790,2683,207681.23,2021-05-05,2026-12-19,10,2024-08-07,Activo,0
4791,713,136542.35,2020-11-12,2021-08-01,21,2024-12-13,Cancelado,0
4792,2624,549989.88,2023-10-03,2025-08-26,2,2024-09-30,Activo,0
4793,136,356507.09,2025-05-30,2026-02-10,22,2024-06-24,Activo,99
4794,1923,912836.89,2021-03-05,2027-04-25,18,2025-01-19,Cancelado,0
4795,383,227852.79,2023-12-02,2026-07-20,12,2024-08-27,En Mora,0
4796,186,622719.5,2024-05-14,2026-03-08,35,2025-01-22,Activo,0
4797,2687,905589.37,2023-10-18,2026-11-10,2,2024-06-21,Cancelado,22
4798,928,94830.17,2021-07-31,2024-01-13,21,2024-07-25,Activo,0
4799,964,540463.6,2024-03-18,2025-08-26,24,2025-04-17,En Mora,0
4800,561,478135.37,2024-09-28,2026-11-15,19,2024-10-08,Refinanciado,0
4801,1190,932339.68,2023-09-10,2025-03-16,27,2024-11-17,Activo,0
4802,898,680576.53,2023-11-23,2024-10-11,2,2024-10-17,Cancelado,0
4803,2687,381703.34,2023-04-20,2027-01-30,21,2025-02-16,En Mora,0
4804,1929,725945.16,2022-05-15,2024-09-05,17,2024-12-20,Cancelado,63
4805,1838,603521.32,2020-08-30,2021-10-03,19,2024-08-05,Refinanciado,0
4806,2369,379811.4,2020-12-17,2022-05-07,4,2024-08-16,Activo,0
4807,1713,795986.24,2025-04-26,2025-05-01,8,2024-09-07,Activo,66
4808,1739,684761.27,2020-11-07,2025-08-24,28,2024-08-16,Activo,117
4809,1181,55145.48,2024-02-12,2025-11-25,16,2024-11-02,Refinanciado,0
4810,858,871877.88,2022-11-19,2025-12-16,11,2024-10-07,Activo,0
4811,285,427237.29,2023-01-22,2023-05-15,25,2024-11-10,Cancelado,150
4812,2399,663175.22,2022-05-25,2027-04-29,32,2024-11-09,Cancelado,0
4813,2131,426929.9,2025-03-23,2026-03-20,32,2025-05-14,Activo,120
4814,1648,887293.94,2020-11-15,2022-02-11,35,2025-02-07,Activo,0
4815,666,668293.67,2023-04-06,2027-01-01,28,2025-03-05,Activo,0
4816,1394,600416.9,2020-06-28,2025-12-14,21,2024-06-29,Activo,0
4817,2589,981251.51,2020-12-18,2026-02-10,17,2024-12-02,Cancelado,144
4818,2025,316608.49,2025-05-21,2027-04-06,16,2024-06-09,Activo,87
4819,2528,111991.58,2020-09-28,2022-05-20,23,2025-02-18,Cancelado,0
4820,2261,540209.91,2022-12-13,2024-03-28,21,2024-08-05,Activo,0
4821,930,452816.94,2023-03-03,2024-03-13,4,2025-01-21,Activo,0
4822,2408,481575.55,2022-10-13,2024-02-08,0,2025-03-28,Activo,123
4823,214,639099.6,2020-10-07,2027-03-13,18,2025-05-07,Cancelado,0
4824,304,634365.55,2020-08-09,2024-02-02,29,2024-08-17,Activo,0
4825,1404,422651.08,2022-08-01,2023-04-02,14,2025-01-01,En Mora,120
4826,200,869733.17,2024-05-16,2025-11-07,34,2024-10-07,Activo,0
4827,2286,668885.58,2024-01-18,2026-01-17,4,2024-09-15,Activo,0
4828,671,895416.1,2021-12-27,2022-07-01,5,2024-11-13,Activo,0
4829,1729,917496.21,2021-03-23,2021-10-18,24,2025-04-25,Activo,0
4830,1250,208946.47,2022-09-30,2023-07-27,10,2024-06-27,Activo,0
4831,879,696533.78,2020-09-13,2026-07-26,21,2024-12-12,Activo,0
4832,251,351636.27,2021-06-30,2023-06-10,33,2024-08-12,Activo,0
4833,2524,844607.6,2023-04-09,2024-04-08,13,2025-02-24,Activo,0
4834,498,746209.0,2021-08-31,2022-07-17,8,2024-07-04,Activo,25
4835,1988,238810.3,2022-01-22,2023-05-13,19,2025-04-22,Activo,34
4836,978,941794.23,2024-11-27,2026-09-02,15,2024-09-30,En Mora,0
4837,2749,699305.06,2022-04-30,2023-03-28,16,2024-12-27,Activo,0
4838,784,951201.45,2022-02-16,2024-10-11,16,2024-08-21,Activo,92
4839,2477,241815.61,2024-05-14,2025-01-22,33,2024-07-05,Cancelado,0
4840,539,876219.84,2023-08-23,2024-07-24,10,2024-07-05,Activo,13
4841,901,684669.18,2022-07-28,2025-12-15,34,2025-01-07,Activo,0
4842,1467,574672.26,2024-10-22,2026-06-15,33,2025-03-29,Activo,0
4843,210,829487.25,2024-01-15,2026-05-19,35,2024-11-06,Cancelado,0
4844,1734,651220.69,2020-10-09,2023-07-16,7,2024-07-27,Activo,0
4845,491,686120.15,2022-08-14,2025-11-19,18,2024-12-05,Activo,0
4846,2519,290987.06,2020-07-20,2020-11-03,32,2024-09-16,Activo,0
4847,1710,826201.0,2020-11-09,2026-03-09,22,2024-08-11,Activo,169
4848,1754,667787.57,2024-04-01,2026-11-20,1,2024-09-10,Cancelado,48
4849,2616,852169.72,2023-06-08,2023-06-11,7,2024-11-30,Cancelado,84
4850,1919,383950.62,2024-09-20,2027-05-04,28,2024-10-22,Activo,0
4851,2035,365124.62,2022-12-05,2024-02-23,6,2024-08-17,Activo,0
4852,2712,72707.82,2022-04-17,2025-10-25,28,2024-08-21,Activo,6
4853,1930,780175.06,2022-04-13,2023-06-04,30,2025-05-06,Cancelado,0
4854,1487,363798.67,2021-06-01,2024-08-03,29,2025-03-05,Activo,0
4855,2598,360851.69,2022-10-30,2024-03-03,34,2025-01-08,Cancelado,0
4856,2004,704250.29,2021-06-20,2026-01-17,24,2025-03-11,Activo,0
4857,1501,290225.53,2022-07-14,2024-10-10,3,2025-01-22,Cancelado,0
4858,198,913569.46,2021-04-30,2027-02-13,16,2024-11-04,Activo,0
4859,1968,561162.69,2021-11-18,2023-04-19,9,2025-03-20,Activo,0
4860,521,971003.37,2022-05-21,2025-09-23,0,2024-06-17,Activo,62
4861,1523,122835.4,2023-09-30,2027-02-21,17,2024-11-13,Refinanciado,0
4862,1535,369984.1,2020-09-10,2020-10-17,18,2024-07-15,Activo,4
4863,1714,412396.83,2024-07-12,2027-01-29,31,2024-09-06,Activo,0
4864,1349,743899.68,2024-09-23,2027-03-09,30,2024-06-22,Cancelado,0
4865,688,252314.15,2025-02-13,2026-12-21,32,2024-12-12,Cancelado,0
4866,467,406578.56,2020-11-14,2025-11-23,21,2025-02-12,Cancelado,0
4867,596,915110.42,2024-11-21,2026-07-07,0,2024-10-13,Activo,0
4868,139,158823.34,2024-01-21,2024-07-01,34,2025-05-07,Cancelado,0
4869,1015,758057.8,2021-03-01,2025-08-30,16,2024-09-07,En Mora,0
4870,242,717360.86,2020-10-11,2025-05-26,33,2025-02-19,Cancelado,138
4871,2364,173979.82,2024-10-12,2026-12-31,28,2025-03-26,Cancelado,0
4872,2715,704066.15,2023-02-12,2025-10-06,5,2025-05-14,Activo,0
4873,733,591294.6,2024-03-23,2024-06-29,0,2025-01-16,Activo,0
4874,135,323146.22,2024-06-13,2025-03-15,26,2024-12-08,Activo,0
4875,2627,345584.14,2023-08-23,2025-02-06,11,2024-10-03,Cancelado,0
4876,2487,841342.66,2025-01-07,2025-09-17,3,2024-10-26,Activo,163
4877,2125,269464.24,2021-06-20,2022-05-05,15,2025-05-22,Activo,0
4878,2448,537141.5,2023-11-19,2025-10-15,10,2024-10-22,En Mora,111
4879,2422,697092.25,2025-04-29,2027-04-06,19,2025-02-25,Activo,0
4880,1511,173406.61,2020-07-02,2025-07-24,25,2025-03-13,Cancelado,0
4881,1819,935736.18,2020-07-28,2026-02-23,27,2025-02-16,En Mora,106
4882,758,297602.6,2021-08-30,2024-04-19,7,2024-09-08,Activo,0
4883,2797,352893.18,2022-08-06,2025-09-20,1,2024-12-03,Refinanciado,55
4884,2812,682809.95,2021-05-27,2024-04-26,25,2025-02-15,Activo,0
4885,417,124282.06,2022-04-26,2023-07-25,26,2024-11-22,Activo,0
4886,207,646232.06,2022-12-26,2024-02-12,32,2025-05-09,Cancelado,0
4887,2389,920228.46,2022-02-16,2022-08-03,6,2024-11-15,En Mora,117
4888,1644,286636.03,2020-08-30,2027-02-03,35,2025-05-17,Activo,153
4889,2769,393812.34,2020-09-05,2020-10-02,20,2024-09-23,Activo,94
4890,311,270717.26,2021-12-03,2024-09-24,33,2024-07-24,Refinanciado,0
4891,1332,827830.31,2023-02-20,2023-02-22,22,2024-07-22,Activo,0
4892,2673,209227.43,2025-05-08,2027-03-20,33,2025-06-01,Activo,0
4893,1400,379296.82,2021-07-10,2023-11-14,6,2024-06-02,Cancelado,0
4894,1551,620970.73,2023-03-05,2027-04-07,25,2024-09-30,Activo,0
4895,83,434326.71,2022-09-13,2026-11-07,16,2025-01-22,Activo,0
4896,1601,112195.85,2025-05-03,2026-04-21,30,2024-12-29,Activo,0
4897,1476,950334.63,2020-06-23,2021-02-14,24,2024-06-16,Refinanciado,27
4898,1027,371005.42,2024-03-10,2025-10-02,14,2024-11-05,Activo,52
4899,1480,473368.65,2023-09-19,2026-05-30,1,2025-04-29,Activo,102
4900,2921,209168.07,2021-01-15,2023-04-26,10,2024-08-17,Cancelado,0
4901,2284,872082.73,2022-02-28,2024-10-01,31,2025-04-09,Activo,0
4902,2437,326857.35,2021-04-12,2027-02-17,29,2024-11-17,Activo,0
4903,2441,68831.89,2021-02-01,2025-07-12,16,2024-10-08,Activo,0
4904,1665,350582.45,2021-04-17,2022-02-21,23,2025-02-07,En Mora,2
4905,1783,984856.7,2021-09-01,2022-10-05,3,2025-05-25,Activo,35
4906,2795,189500.73,2024-04-12,2027-01-02,31,2025-02-04,Activo,170
4907,2078,79642.36,2022-01-31,2025-07-31,18,2024-08-28,Activo,0
4908,1607,599266.81,2024-07-07,2025-01-09,2,2024-12-04,Activo,0
4909,982,403083.22,2023-11-13,2025-11-20,3,2024-08-07,Refinanciado,0
4910,605,805226.53,2021-12-30,2026-04-11,24,2025-03-01,Activo,72
4911,2331,745293.38,2021-05-30,2025-01-25,8,2025-01-11,En Mora,0
4912,238,226148.08,2023-12-15,2024-01-27,20,2025-02-07,En Mora,0
4913,731,586400.69,2022-12-28,2023-05-12,22,2025-02-15,En Mora,0
4914,1343,80814.21,2021-06-22,2025-02-25,28,2025-01-12,Activo,0
4915,1995,467504.32,2023-11-27,2025-05-09,29,2024-12-24,Activo,36
4916,1361,728350.56,2023-06-05,2025-06-25,24,2025-02-27,Refinanciado,0
4917,2079,444210.85,2021-01-31,2026-04-27,28,2024-10-03,Activo,0
4918,978,162056.44,2025-01-05,2026-01-09,33,2024-10-23,Cancelado,64
4919,915,108456.91,2020-06-11,2025-10-23,13,2025-01-22,Activo,0
4920,1638,860976.48,2024-04-07,2024-06-17,21,2024-09-24,Activo,86
4921,1629,896760.61,2025-05-09,2026-01-29,15,2024-06-17,Activo,50
4922,2255,375937.86,2022-11-30,2026-03-15,10,2025-05-25,Activo,0
4923,1982,205963.71,2022-01-03,2024-11-21,13,2024-06-29,Refinanciado,0
4924,2951,979685.4,2021-05-28,2025-02-19,6,2025-01-29,Cancelado,97
4925,583,568570.61,2023-05-18,2026-03-08,4,2025-03-31,Cancelado,0
4926,460,502822.29,2025-03-09,2026-06-05,28,2024-09-14,En Mora,0
4927,136,754527.36,2021-03-23,2024-07-04,16,2024-10-19,Activo,50
4928,1977,210425.87,2022-01-06,2024-06-24,29,2025-01-07,Activo,0
4929,978,600990.24,2023-04-15,2025-06-22,24,2024-07-02,Cancelado,0
4930,284,895654.24,2024-12-10,2026-09-22,13,2024-10-26,Activo,80
4931,2898,71915.06,2024-07-30,2027-05-01,21,2025-03-24,Cancelado,125
4932,2399,689292.72,2021-04-04,2026-09-28,4,2024-06-22,En Mora,0
4933,17,573852.76,2021-05-26,2021-06-02,27,2025-02-03,En Mora,53
4934,1239,953260.75,2022-10-29,2023-02-12,11,2025-04-19,En Mora,0
4935,1423,295763.58,2022-03-11,2026-06-17,35,2025-02-15,Cancelado,0
4936,2462,865947.06,2022-01-25,2023-08-08,12,2024-08-23,Activo,0
4937,1268,343536.42,2021-09-17,2027-01-23,20,2024-11-17,Activo,0
4938,2054,458370.4,2020-11-11,2025-08-23,31,2025-01-04,Activo,0
4939,780,252623.19,2021-11-11,2024-02-24,20,2024-07-10,Activo,0
4940,2135,870411.46,2021-07-13,2022-09-01,8,2024-12-07,Cancelado,0
4941,2237,235639.18,2021-06-20,2027-03-06,1,2024-07-17,Activo,117
4942,1640,866062.34,2023-07-30,2026-02-01,2,2024-07-18,Cancelado,0
4943,420,482832.71,2022-07-10,2023-01-11,9,2024-09-22,Activo,77
4944,1827,843331.22,2023-08-07,2027-04-28,34,2025-03-14,Activo,0
4945,2296,301264.13,2024-10-04,2026-03-02,8,2024-06-11,Activo,92
4946,860,176093.63,2024-02-25,2027-02-27,31,2024-07-30,En Mora,0
4947,207,577213.2,2022-06-11,2026-03-22,20,2024-10-07,En Mora,0
4948,2472,533965.21,2022-12-10,2023-01-12,33,2024-09-17,Activo,0
4949,2597,388777.01,2024-10-01,2025-09-25,24,2024-11-29,En Mora,0
4950,2535,679680.35,2023-11-11,2026-01-27,31,2025-01-08,Activo,152
4951,2181,140385.69,2025-05-31,2026-08-31,21,2025-05-18,En Mora,0
4952,2041,640901.02,2023-05-08,2024-09-23,24,2024-11-02,En Mora,0
4953,115,251168.29,2021-11-06,2022-04-14,0,2024-09-01,En Mora,0
4954,2425,172506.83,2024-06-23,2025-06-20,35,2025-04-18,Activo,0
4955,211,914127.77,2022-02-16,2025-03-30,20,2024-12-26,Activo,0
4956,132,486805.97,2024-11-05,2025-05-17,15,2025-01-01,Cancelado,133
4957,1398,775246.03,2023-03-03,2027-04-26,31,2024-06-05,Activo,0
4958,154,134661.08,2023-06-21,2026-04-06,20,2025-04-05,Cancelado,0
4959,920,104591.63,2022-02-10,2023-08-01,27,2024-11-26,Activo,0
4960,1447,520109.6,2023-11-09,2025-10-02,18,2025-05-05,Cancelado,0
4961,952,349773.59,2022-09-23,2023-02-09,13,2025-01-30,Activo,0
4962,2854,54661.93,2023-04-27,2026-12-18,22,2024-10-10,Activo,115
4963,1390,224129.91,2023-10-29,2026-02-23,23,2025-04-07,Cancelado,0
4964,1718,257836.74,2021-01-30,2024-08-12,19,2025-02-28,Activo,0
4965,147,324081.04,2023-12-12,2024-09-02,31,2025-05-05,Activo,0
4966,1818,883658.8,2023-04-12,2026-10-23,9,2025-05-11,Activo,80
4967,715,449572.4,2021-06-02,2023-05-26,0,2024-12-26,Cancelado,0
4968,1597,695460.77,2022-11-04,2026-10-12,30,2024-12-06,Activo,136
4969,2279,67476.29,2022-04-25,2025-05-30,14,2024-07-29,Cancelado,0
4970,2499,823229.39,2021-08-26,2023-08-28,30,2025-05-28,En Mora,0
4971,1524,278312.5,2022-06-10,2026-12-08,27,2024-08-20,Activo,0
4972,907,343587.36,2023-10-12,2026-10-24,9,2025-03-07,Activo,0
4973,1647,92993.61,2024-10-15,2026-10-29,5,2025-04-30,Activo,0
4974,1725,439208.26,2024-08-04,2025-10-04,14,2024-11-16,En Mora,0
4975,2031,859947.93,2021-09-01,2025-08-27,26,2025-04-10,Activo,0
4976,2155,409797.55,2021-05-31,2023-12-17,9,2025-03-25,Activo,0
4977,2141,913175.01,2023-11-26,2026-08-27,20,2025-02-05,En Mora,0
4978,1660,874075.22,2024-02-17,2026-08-12,18,2024-09-10,Activo,0
4979,829,108862.9,2025-05-10,2025-10-26,3,2024-07-01,Activo,0
4980,2188,340008.35,2023-07-23,2025-09-21,21,2024-06-07,Refinanciado,0
4981,1338,914896.44,2023-09-23,2024-10-26,14,2024-07-12,Cancelado,116
4982,11,78318.5,2020-09-10,2024-06-21,5,2024-06-08,Activo,0
4983,2496,777517.87,2024-03-21,2025-07-30,10,2024-11-13,Cancelado,0
4984,2975,911106.58,2021-09-03,2022-07-18,29,2024-10-15,Cancelado,46
4985,2443,781966.83,2025-01-15,2026-12-18,23,2024-06-14,Activo,0
4986,1529,756623.6,2024-11-23,2026-07-05,21,2025-03-25,Activo,159
4987,378,851187.99,2021-12-29,2024-07-28,29,2024-07-07,En Mora,0
4988,361,682500.08,2023-10-28,2024-06-11,3,2025-02-01,Cancelado,0
4989,2731,451941.38,2021-09-03,2024-08-18,5,2024-09-26,Cancelado,0
4990,1572,109617.77,2025-01-21,2026-09-29,25,2024-06-10,Activo,0
4991,642,798569.07,2024-10-24,2024-10-27,18,2024-10-13,Activo,0
4992,573,909990.96,2024-12-31,2025-04-28,1,2024-07-05,Activo,0
4993,1956,536007.14,2022-09-13,2023-10-24,3,2024-07-10,Activo,0
4994,1585,555884.95,2024-03-04,2027-04-28,4,2025-05-02,Activo,0
4995,923,433122.63,2021-03-06,2022-03-19,34,2025-02-21,En Mora,88
4996,2444,864038.48,2022-01-19,2023-04-19,28,2025-01-03,Activo,0
4997,2234,64063.14,2022-10-01,2025-11-10,15,2024-11-05,Activo,0
4998,1542,643321.12,2024-12-29,2027-04-26,11,2025-05-14,Cancelado,0
4999,1815,912042.44,2021-03-06,2025-07-25,20,2024-06-09,Activo,0
5000,2419,148061.21,2022-08-17,2025-07-20,8,2024-11-09,Activo,0
5001,1890,961206.31,2024-07-04,2027-01-09,10,2024-06-16,Activo,112
5002,1900,969294.26,2022-12-03,2026-11-15,7,2025-03-23,Activo,169
5003,1228,933299.52,2024-11-25,2024-12-27,25,2024-11-23,En Mora,168
5004,2656,489418.79,2022-12-11,2023-01-27,31,2025-03-02,Cancelado,0
5005,2330,413821.5,2023-03-18,2025-06-02,3,2025-03-23,Activo,0
5006,1440,720650.35,2024-05-17,2026-02-06,33,2024-11-22,Cancelado,0
5007,1057,352755.71,2020-10-21,2021-06-03,27,2024-08-31,Activo,0
5008,2130,114926.95,2024-04-09,2025-08-11,24,2025-02-07,Activo,108
5009,1507,906351.06,2023-06-12,2023-11-27,34,2025-04-18,Activo,0
5010,2196,653113.26,2022-02-22,2022-04-12,18,2025-02-08,Cancelado,0
5011,1631,246796.77,2024-03-04,2026-09-30,34,2024-07-12,Activo,0
5012,965,67488.13,2022-07-18,2025-08-29,28,2025-03-29,Activo,0
5013,992,737340.17,2024-01-18,2026-09-12,13,2025-05-17,En Mora,0
5014,2996,860159.93,2021-07-31,2024-12-25,20,2025-02-13,Activo,0
5015,495,435365.2,2024-07-12,2026-06-03,35,2025-03-18,En Mora,0
5016,1194,126853.3,2021-01-04,2021-09-19,13,2024-11-17,Activo,0
5017,2771,666190.18,2025-02-26,2025-03-16,14,2025-03-30,Activo,0
5018,703,332082.6,2021-11-09,2025-03-20,29,2024-11-20,En Mora,0
5019,1031,186749.39,2023-03-01,2025-02-22,11,2024-09-23,Activo,0
5020,1404,534876.73,2024-02-23,2026-11-15,4,2025-03-13,Cancelado,0
5021,826,507751.54,2024-03-13,2024-04-08,26,2024-10-19,Activo,5
5022,2482,540931.89,2023-12-17,2026-04-29,14,2024-06-14,Activo,0
5023,1058,832735.71,2023-10-31,2024-08-19,25,2025-02-17,Activo,0
5024,563,510318.59,2023-07-07,2025-07-01,8,2024-06-24,Cancelado,0
5025,2186,905513.55,2020-09-25,2025-04-08,34,2024-08-06,Activo,0
5026,367,849720.09,2024-12-22,2027-03-10,12,2024-09-06,Cancelado,0
5027,2154,668560.15,2023-08-13,2027-01-16,32,2024-06-25,En Mora,0
5028,794,104009.26,2024-10-29,2024-11-06,33,2024-07-16,Cancelado,145
5029,636,871697.17,2023-04-29,2025-02-08,3,2025-04-28,Cancelado,0
5030,1706,910293.43,2021-11-05,2024-10-24,12,2024-06-07,Activo,76
5031,987,406294.78,2025-01-16,2025-04-14,9,2024-09-13,En Mora,130
5032,958,549844.17,2024-06-02,2026-02-17,0,2024-12-13,Activo,0
5033,855,316969.64,2020-10-17,2026-03-31,10,2024-06-03,Cancelado,0
5034,2126,63980.52,2022-07-16,2025-09-30,8,2025-01-11,Activo,0
5035,1570,505478.51,2020-12-25,2025-03-05,22,2024-11-30,Cancelado,0
5036,2257,172891.02,2022-12-23,2026-06-21,12,2025-05-06,En Mora,163
5037,1435,224158.47,2022-12-28,2024-03-05,4,2024-09-07,En Mora,67
5038,8,506675.27,2023-06-23,2023-09-01,24,2024-12-20,Activo,69
5039,737,873686.42,2023-02-12,2025-03-07,9,2024-11-05,Cancelado,0
5040,2275,852401.04,2021-10-16,2024-12-04,4,2024-06-16,Activo,0
5041,2223,966815.0,2021-02-08,2026-12-19,21,2024-06-13,Refinanciado,79
5042,81,508546.59,2024-08-09,2026-01-02,24,2024-10-07,Activo,0
5043,1159,574408.46,2023-08-11,2026-11-02,19,2024-12-05,En Mora,0
5044,238,831010.42,2023-11-17,2027-03-04,27,2025-04-26,Activo,83
5045,1496,714689.74,2020-06-01,2025-02-05,20,2025-01-26,En Mora,0
5046,1050,223681.0,2021-12-14,2024-06-28,10,2025-05-04,Activo,85
5047,187,428266.01,2024-09-28,2027-03-07,28,2024-08-15,En Mora,0
5048,1906,932701.33,2021-05-26,2022-04-12,4,2025-02-14,Activo,43
5049,630,188820.79,2020-09-04,2025-11-16,4,2025-06-01,Refinanciado,0
5050,1733,248888.56,2024-02-25,2024-03-26,32,2024-12-31,Activo,0
5051,815,430627.04,2024-04-19,2025-08-17,35,2024-12-29,Cancelado,83
5052,614,942880.43,2023-07-18,2023-10-03,7,2024-09-08,Activo,170
5053,2940,158127.23,2024-12-11,2025-06-27,5,2025-03-08,Activo,0
5054,1187,689295.25,2023-08-29,2024-08-12,14,2025-02-12,En Mora,0
5055,2226,175516.4,2024-09-16,2025-07-07,14,2024-09-27,En Mora,155
5056,985,548275.98,2021-05-17,2022-01-03,8,2024-12-02,En Mora,0
5057,2328,559735.34,2021-07-15,2023-04-13,4,2025-02-08,Activo,0
5058,798,90494.8,2025-04-20,2025-08-09,25,2025-05-25,Refinanciado,0
5059,1078,956411.9,2021-03-02,2021-12-27,22,2024-11-19,En Mora,0
5060,67,816291.5,2024-03-27,2025-10-03,15,2025-02-02,Activo,0
5061,544,337711.49,2021-02-12,2026-06-15,34,2025-04-03,Activo,0
5062,1787,174093.08,2021-07-24,2021-07-31,9,2025-03-12,Activo,0
5063,520,378345.38,2023-03-31,2025-12-09,26,2024-11-28,Activo,3
5064,2547,899562.72,2024-11-11,2026-05-12,15,2024-06-17,Activo,131
5065,946,176049.42,2023-07-06,2023-11-20,20,2025-02-16,Cancelado,64
5066,1455,381851.24,2025-05-03,2025-10-28,11,2025-03-31,Activo,0
5067,2775,519589.2,2021-05-22,2023-05-28,8,2024-07-06,En Mora,0
5068,1059,81240.1,2025-04-19,2026-07-10,15,2025-03-29,Activo,0
5069,2237,304632.03,2024-10-01,2026-05-11,8,2025-04-30,Activo,0
5070,1113,615852.2,2024-10-20,2026-05-16,28,2024-11-06,Activo,161
5071,947,357766.35,2021-04-25,2026-02-18,22,2025-02-06,Cancelado,112
5072,136,876999.17,2021-04-08,2023-02-21,23,2025-01-04,Activo,0
5073,2594,939927.15,2023-10-06,2026-09-09,21,2024-07-05,Activo,82
5074,793,469465.72,2023-02-02,2025-12-16,30,2024-12-19,Activo,0
5075,1137,555419.45,2023-11-17,2025-03-14,9,2024-11-22,Activo,0
5076,1363,649267.85,2021-07-18,2022-10-18,26,2025-01-29,Cancelado,0
5077,555,681308.22,2021-05-30,2022-07-18,33,2024-07-16,Cancelado,44
5078,2942,110095.05,2022-09-10,2024-11-16,23,2024-09-09,Activo,0
5079,946,100995.46,2020-09-22,2026-09-07,20,2024-07-27,Activo,0
5080,2573,872308.29,2024-10-27,2026-06-19,14,2025-05-20,Cancelado,0
5081,2222,258878.44,2024-12-04,2025-07-11,16,2025-02-05,Activo,152
5082,2685,604900.23,2024-01-17,2026-05-15,18,2025-03-14,Cancelado,0
5083,2255,643438.22,2021-10-05,2025-06-04,24,2024-09-08,Activo,0
5084,1367,206241.06,2025-04-01,2026-11-14,21,2025-04-27,Activo,0
5085,949,773516.8,2021-08-08,2023-01-18,13,2025-02-04,Activo,0
5086,104,872648.34,2025-03-16,2025-04-21,27,2025-01-25,Cancelado,18
5087,1047,321108.8,2025-03-25,2025-05-02,11,2024-12-09,Activo,0
5088,1861,883948.17,2020-11-13,2026-12-13,26,2025-02-18,Activo,0
5089,2338,126985.31,2024-09-05,2025-11-21,23,2025-01-09,Activo,0
5090,2615,810440.73,2022-01-09,2025-08-29,21,2024-06-20,Activo,0
5091,964,658105.6,2023-09-15,2024-07-09,35,2025-03-26,Activo,49
5092,838,603955.25,2023-04-17,2023-06-04,22,2025-04-16,Activo,148
5093,2459,268626.11,2024-08-10,2025-08-03,7,2025-01-09,Refinanciado,0
5094,1583,393749.71,2021-12-17,2026-09-07,27,2024-11-19,Activo,0
5095,882,914789.17,2020-09-05,2023-04-26,28,2024-10-14,Activo,0
5096,2934,492454.03,2024-10-12,2025-04-12,14,2025-01-20,Cancelado,0
5097,424,614661.08,2021-03-06,2023-01-26,7,2025-05-31,Cancelado,0
5098,2203,939058.96,2020-09-26,2022-12-07,27,2024-10-03,En Mora,0
5099,2199,493164.02,2023-07-28,2025-11-04,32,2024-07-16,En Mora,0
5100,212,418855.78,2025-04-17,2026-09-07,10,2024-11-02,Cancelado,0
5101,1216,898542.01,2023-04-24,2026-02-21,24,2025-01-05,Activo,0
5102,881,915343.56,2023-09-18,2024-11-24,33,2024-12-12,En Mora,0
5103,755,386906.35,2020-06-26,2026-01-16,21,2024-08-20,Activo,0
5104,1122,612390.2,2021-10-01,2026-12-15,1,2024-07-24,Activo,120
5105,2589,965541.38,2021-10-18,2026-01-27,15,2025-02-06,Activo,0
5106,701,102697.16,2024-09-25,2024-12-24,10,2024-09-08,En Mora,0
5107,2220,87812.3,2022-07-24,2027-01-24,13,2024-11-05,Cancelado,0
5108,371,540751.48,2023-08-15,2026-06-08,31,2025-02-23,En Mora,0
5109,1733,326678.14,2020-08-23,2023-10-28,21,2025-02-18,Activo,0
5110,1164,602757.39,2024-12-26,2026-01-23,4,2025-04-19,Activo,161
5111,913,738080.59,2025-02-02,2025-04-12,35,2024-07-10,En Mora,0
5112,1829,115620.62,2024-05-01,2025-07-18,22,2024-10-21,En Mora,132
5113,802,888249.1,2025-05-16,2025-08-26,18,2025-02-16,Activo,0
5114,2304,313042.65,2022-05-16,2026-01-27,28,2024-06-06,Activo,0
5115,990,412280.11,2023-04-08,2027-01-18,22,2024-07-09,En Mora,139
5116,676,370184.91,2022-08-06,2027-02-02,8,2024-06-26,Activo,0
5117,2912,847843.12,2024-08-26,2027-03-31,17,2025-01-09,Activo,0
5118,416,212119.59,2021-05-08,2022-10-27,30,2025-03-02,Cancelado,134
5119,2377,77239.56,2023-07-28,2024-11-20,16,2024-07-06,Activo,77
5120,2966,973211.53,2020-11-01,2022-12-19,17,2024-12-18,Activo,0
5121,1163,981600.85,2022-12-13,2026-02-09,26,2024-06-28,Refinanciado,0
5122,962,294808.19,2024-05-05,2025-10-04,20,2024-08-05,Cancelado,0
5123,2872,58885.0,2023-08-08,2026-06-15,0,2024-07-11,Activo,0
5124,1621,663621.25,2023-04-24,2024-03-13,31,2025-05-13,Activo,178
5125,1536,666040.12,2022-04-20,2027-04-08,13,2024-06-12,Activo,75
5126,249,943338.88,2024-10-17,2026-04-27,13,2025-05-08,Activo,97
5127,1887,333546.99,2021-01-12,2025-05-05,32,2024-10-28,Cancelado,171
5128,2793,230028.97,2023-06-21,2025-06-26,35,2024-09-14,Activo,0
5129,2356,635563.23,2023-03-28,2023-10-07,11,2025-02-27,En Mora,0
5130,573,585487.51,2023-11-26,2025-01-24,24,2025-04-05,Cancelado,0
5131,1809,731849.95,2024-10-05,2025-09-28,14,2025-01-20,Activo,0
5132,798,890871.03,2024-03-19,2026-11-15,19,2024-11-08,Activo,0
5133,1001,581757.93,2024-01-22,2024-08-02,33,2025-02-10,Cancelado,0
5134,761,192571.5,2022-08-04,2025-11-02,13,2025-03-29,En Mora,0
5135,293,618222.5,2022-02-18,2025-04-04,29,2024-09-16,Activo,50
5136,2458,405396.49,2024-12-04,2025-11-07,12,2025-02-14,Activo,0
5137,198,480098.28,2022-05-17,2024-08-27,13,2025-04-18,Cancelado,0
5138,80,961510.17,2022-04-24,2024-05-21,28,2024-08-19,Activo,0
5139,1409,577199.7,2020-08-20,2022-01-06,25,2025-04-10,Activo,0
5140,137,192164.8,2023-01-21,2024-08-01,2,2024-06-07,Activo,63
5141,213,471000.68,2023-11-23,2025-03-05,24,2024-10-20,Refinanciado,0
5142,1863,267008.98,2020-09-02,2022-03-18,26,2024-07-23,Activo,11
5143,619,178708.37,2022-10-28,2022-11-11,15,2024-09-26,Activo,0
5144,960,726622.41,2025-01-05,2025-09-23,10,2024-06-23,Activo,0
5145,2214,647140.62,2024-01-15,2024-09-05,28,2025-02-06,Refinanciado,0
5146,2478,522899.42,2024-09-14,2025-01-01,23,2025-05-18,Activo,0
5147,2169,452076.38,2022-03-31,2027-01-05,28,2024-11-13,En Mora,0
5148,2379,356106.84,2023-12-03,2027-03-23,33,2025-02-19,Activo,0
5149,1723,133608.28,2022-08-22,2024-01-20,10,2024-12-15,Cancelado,0
5150,1162,334306.17,2022-10-02,2023-05-18,19,2024-07-27,Cancelado,0
5151,1890,846474.89,2022-07-03,2023-02-12,19,2025-05-14,Activo,112
5152,2041,794491.62,2021-12-18,2026-02-15,8,2024-07-11,Activo,0
5153,1554,973701.84,2025-02-02,2027-03-23,22,2024-07-05,Activo,123
5154,1100,673263.76,2021-04-26,2024-09-07,35,2024-10-12,Activo,0
5155,2668,575957.77,2022-04-07,2025-10-10,26,2024-09-26,Cancelado,0
5156,1689,331242.26,2023-04-27,2024-10-08,23,2024-06-21,Activo,0
5157,37,123017.23,2022-03-30,2024-09-22,24,2025-01-05,En Mora,0
5158,845,637117.42,2023-10-27,2025-06-07,24,2024-12-01,Activo,0
5159,1682,513754.08,2024-07-29,2026-05-12,32,2024-10-08,Activo,0
5160,2845,771120.79,2022-08-16,2024-08-17,30,2024-12-06,Activo,0
5161,1644,441265.03,2025-06-01,2025-08-24,9,2024-09-09,Activo,0
5162,2334,986273.79,2023-05-22,2026-10-16,14,2025-02-15,Activo,0
5163,1264,427731.45,2025-03-22,2025-07-22,0,2024-09-07,Activo,0
5164,2935,366418.05,2023-01-29,2024-08-19,15,2024-07-04,Activo,0
5165,2268,877437.06,2024-05-19,2026-01-16,20,2024-11-19,Cancelado,0
5166,2044,425731.1,2021-10-29,2022-05-14,1,2025-05-27,Cancelado,0
5167,216,877352.45,2024-08-14,2026-08-25,2,2024-11-06,Cancelado,172
5168,681,75986.57,2023-08-24,2025-04-24,14,2025-02-03,Refinanciado,0
5169,2341,707963.65,2020-06-22,2022-10-30,31,2024-11-21,Cancelado,14
5170,1813,118260.23,2022-03-27,2026-06-21,26,2025-02-16,Activo,0
5171,1508,190820.84,2023-10-01,2024-10-06,35,2024-07-29,Activo,0
5172,2091,715071.27,2023-07-25,2025-08-24,34,2024-12-22,Activo,130
5173,1117,325237.17,2022-11-15,2023-03-23,23,2025-03-06,Activo,26
5174,1293,249911.73,2021-04-07,2026-07-06,7,2025-04-30,Refinanciado,0
5175,1645,811449.83,2021-04-24,2024-06-30,6,2025-05-20,Activo,0
5176,2741,948934.52,2020-09-24,2021-07-04,3,2024-12-18,En Mora,0
5177,1239,270761.62,2022-02-14,2027-05-20,29,2025-05-19,Activo,0
5178,959,351336.16,2022-03-20,2025-03-17,9,2025-01-19,Refinanciado,0
5179,2162,728369.64,2022-12-14,2023-01-15,24,2024-12-11,En Mora,105
5180,2969,824528.23,2022-04-04,2022-07-27,31,2024-10-18,Activo,109
5181,1149,999204.19,2023-07-06,2024-05-20,31,2024-10-24,Activo,27
5182,2285,309702.19,2024-03-29,2024-10-23,31,2024-09-26,Cancelado,0
5183,2701,578787.66,2022-02-07,2025-11-22,9,2024-11-01,Cancelado,0
5184,1829,177317.99,2022-05-24,2027-05-30,8,2024-10-26,Cancelado,0
5185,158,364298.1,2021-01-28,2023-12-08,24,2025-03-10,En Mora,0
5186,908,92720.14,2024-12-23,2025-06-16,24,2024-12-15,Activo,0
5187,1529,250296.62,2023-12-10,2025-06-24,15,2025-04-14,Activo,0
5188,2901,531217.73,2021-02-10,2025-03-10,15,2024-08-07,Cancelado,0
5189,1141,205571.17,2020-09-19,2026-01-17,29,2024-06-27,Activo,32
5190,2934,894914.14,2021-10-18,2026-10-09,4,2025-01-16,Activo,85
5191,1560,724793.56,2022-03-12,2024-10-05,6,2024-10-26,Activo,14
5192,2108,76349.2,2023-01-22,2023-07-31,12,2025-02-26,En Mora,142
5193,2449,882866.48,2024-04-17,2025-03-11,7,2025-03-14,En Mora,48
5194,1898,978454.94,2020-06-29,2023-02-10,32,2025-05-27,Activo,0
5195,828,526768.49,2022-08-20,2024-05-11,9,2024-06-24,Activo,0
5196,1801,348880.14,2024-08-26,2024-11-20,19,2024-12-23,Activo,0
5197,1204,300291.23,2022-01-28,2026-10-07,31,2024-07-10,Cancelado,0
5198,2524,133048.52,2025-02-17,2026-02-12,28,2024-10-05,Refinanciado,117
5199,2703,517028.91,2020-10-14,2023-03-31,0,2024-09-17,Activo,0
5200,845,97633.02,2022-02-21,2023-11-22,26,2024-10-17,Activo,0
5201,2972,528645.33,2021-01-28,2025-11-27,19,2025-05-06,En Mora,0
5202,1269,289921.02,2025-04-16,2026-05-16,13,2024-09-27,Activo,0
5203,638,502610.36,2022-03-30,2023-10-18,14,2024-06-05,Activo,0
5204,649,447464.92,2024-11-01,2026-12-10,5,2024-09-07,Activo,175
5205,2261,339858.54,2023-11-17,2025-12-30,1,2025-05-30,En Mora,0
5206,1630,476206.33,2023-02-15,2023-10-25,28,2025-02-22,Activo,0
5207,990,500332.19,2021-01-06,2025-05-18,31,2025-04-27,Refinanciado,0
5208,804,842007.17,2021-10-30,2025-10-13,4,2024-07-11,Activo,0
5209,128,682494.18,2025-02-12,2025-06-07,21,2025-03-28,Activo,0
5210,952,461498.77,2022-04-07,2022-12-06,27,2024-11-18,Activo,0
5211,2265,909979.84,2023-03-28,2023-11-16,31,2024-06-14,En Mora,0
5212,2759,767953.74,2022-07-22,2024-12-27,28,2025-04-20,Cancelado,0
5213,20,121931.05,2021-05-29,2024-04-02,2,2024-11-14,Activo,0
5214,1782,196058.54,2022-01-29,2024-04-11,30,2025-02-14,Activo,0
5215,675,127584.49,2020-11-10,2022-10-30,12,2025-04-16,Activo,47
5216,2762,352920.19,2021-07-09,2027-04-28,5,2025-04-12,Activo,0
5217,739,463864.29,2024-08-27,2027-03-10,20,2025-04-30,En Mora,11
5218,557,529033.63,2022-01-25,2025-07-13,13,2025-01-01,En Mora,132
5219,2245,858841.59,2020-11-18,2026-07-04,24,2025-04-23,Activo,0
5220,2984,67058.47,2024-02-17,2027-03-08,6,2024-11-02,Refinanciado,119
5221,2726,456873.99,2024-01-10,2025-06-06,21,2024-10-03,En Mora,0
5222,504,440448.45,2022-08-07,2026-04-03,31,2025-03-21,Activo,0
5223,1271,950102.14,2023-02-26,2027-05-21,31,2024-09-20,Activo,0
5224,738,278985.07,2022-03-10,2025-03-26,29,2025-04-12,Activo,0
5225,792,166285.52,2024-08-21,2026-12-26,16,2024-07-24,Activo,0
5226,1371,185147.2,2021-01-28,2024-09-01,20,2024-09-03,Activo,0
5227,197,544135.59,2023-04-16,2027-05-12,25,2024-07-14,En Mora,0
5228,1131,421358.61,2021-02-13,2024-07-13,2,2025-04-29,Activo,64
5229,2829,766434.93,2022-05-20,2022-12-14,16,2025-05-24,Activo,0
5230,744,357023.25,2022-04-06,2026-07-27,5,2025-05-20,Cancelado,0
5231,1637,171563.66,2024-04-26,2026-03-21,20,2024-06-19,Cancelado,19
5232,1184,417532.0,2024-11-08,2027-02-22,12,2024-09-19,Cancelado,0
5233,2470,888883.84,2024-08-08,2025-10-12,8,2025-03-21,Refinanciado,0
5234,1631,435250.23,2021-04-19,2026-04-06,4,2024-08-12,Activo,0
5235,1952,841946.34,2023-04-03,2027-02-15,6,2025-04-25,Activo,0
5236,2039,402953.58,2020-06-03,2021-03-18,30,2025-05-18,Cancelado,0
5237,1337,317316.34,2023-10-23,2027-04-09,3,2024-07-05,Cancelado,174
5238,2480,786119.59,2024-08-18,2025-04-25,12,2024-06-20,Activo,0
5239,926,248772.8,2022-10-22,2024-09-21,14,2025-05-28,Activo,86
5240,235,270239.17,2021-10-03,2026-10-31,12,2024-07-31,Activo,96
5241,2375,97322.2,2022-08-31,2026-06-05,25,2025-03-21,Cancelado,0
5242,2982,228453.43,2022-05-19,2022-08-15,18,2025-01-21,En Mora,0
5243,479,409874.62,2024-12-16,2026-07-30,0,2024-07-21,Cancelado,148
5244,2476,429594.06,2022-08-28,2023-03-20,12,2024-08-31,Activo,0
5245,666,449596.68,2023-05-24,2025-09-14,24,2024-08-25,Activo,68
5246,1124,505708.3,2022-08-22,2025-07-01,19,2024-07-25,Activo,0
5247,2906,593315.08,2023-08-19,2026-11-29,22,2025-02-12,Activo,12
5248,1388,229957.57,2021-03-12,2021-09-23,23,2024-09-02,Refinanciado,0
5249,642,633246.97,2020-10-24,2021-06-22,29,2024-12-14,Activo,53
5250,2859,369726.86,2024-08-20,2025-04-12,33,2024-07-31,Activo,0
5251,1517,747310.2,2025-01-06,2026-11-14,9,2024-12-23,Cancelado,0
5252,575,579344.23,2021-08-22,2025-04-01,0,2025-01-11,Activo,0
5253,1722,576555.2,2023-11-05,2026-11-04,11,2025-04-21,Cancelado,0
5254,1019,701212.64,2023-08-10,2024-12-08,28,2025-05-08,Activo,0
5255,1328,366368.04,2021-05-10,2024-10-05,10,2024-09-14,Cancelado,0
5256,2851,457771.29,2022-06-05,2025-04-08,16,2025-01-08,Cancelado,87
5257,400,603752.98,2020-08-10,2025-01-18,19,2025-04-20,Activo,0
5258,595,450477.84,2022-08-16,2025-06-13,5,2024-12-24,Activo,0
5259,1457,472044.6,2025-03-04,2025-11-16,19,2024-06-29,Activo,0
5260,1596,308862.72,2020-11-04,2025-12-27,9,2025-01-01,Activo,138
5261,117,323015.77,2025-03-14,2026-06-19,9,2025-01-25,Activo,0
5262,383,714009.54,2023-09-02,2026-04-02,30,2025-02-02,Cancelado,0
5263,859,54067.08,2022-06-08,2023-11-07,25,2024-12-04,Activo,0
5264,2130,140525.9,2024-06-24,2025-03-30,16,2024-11-23,Activo,22
5265,1851,951369.4,2022-06-12,2026-11-24,13,2025-01-13,Activo,0
5266,832,227667.18,2021-01-13,2022-08-09,4,2024-07-30,En Mora,0
5267,873,447214.85,2024-11-03,2025-07-18,2,2025-02-12,Cancelado,175
5268,2701,857200.88,2025-03-15,2026-08-02,19,2025-03-09,Activo,0
5269,2782,50097.25,2025-04-11,2026-01-20,14,2025-04-27,Activo,73
5270,2118,928920.23,2024-03-26,2026-08-10,2,2024-07-21,Activo,0
5271,387,100814.19,2023-07-14,2025-09-18,2,2025-05-30,Activo,0
5272,2007,212325.6,2024-07-08,2025-11-07,22,2024-08-22,Activo,0
5273,2572,77648.37,2021-01-02,2023-09-30,8,2025-03-29,Activo,104
5274,297,543544.04,2021-01-22,2025-07-13,10,2025-05-11,Cancelado,0
5275,2665,945939.59,2024-12-09,2026-06-05,12,2025-02-10,Activo,0
5276,719,847084.78,2023-05-03,2025-09-26,7,2025-05-20,Cancelado,0
5277,1599,657761.12,2023-08-12,2025-07-03,21,2024-12-04,Activo,0
5278,2226,226214.21,2021-12-18,2022-05-11,26,2024-09-29,Cancelado,0
5279,1967,876117.24,2021-07-04,2022-05-13,25,2024-07-09,Cancelado,157
5280,1183,767036.62,2020-07-04,2023-06-11,22,2024-08-23,Refinanciado,0
5281,11,303505.38,2022-07-26,2025-07-25,30,2025-02-16,Cancelado,0
5282,785,814834.71,2021-09-11,2026-12-15,28,2024-10-02,Activo,0
5283,411,883293.77,2022-03-30,2023-01-27,0,2024-10-17,Activo,0
5284,2940,713314.71,2022-06-18,2025-05-25,9,2024-08-02,En Mora,157
5285,2655,145364.94,2023-11-20,2026-05-31,3,2025-05-12,Cancelado,0
5286,2203,985034.5,2023-04-09,2024-02-12,30,2025-02-20,Activo,153
5287,1230,122200.94,2023-06-13,2025-12-05,3,2024-08-20,Cancelado,77
5288,599,671750.29,2022-03-17,2024-05-01,28,2024-11-19,En Mora,66
5289,824,154998.99,2020-08-21,2022-04-16,8,2024-09-01,Activo,0
5290,2398,910142.69,2025-01-08,2026-03-28,14,2024-07-22,Activo,144
5291,1122,382478.8,2022-04-24,2023-08-14,2,2025-05-06,Activo,83
5292,2991,535927.87,2025-03-19,2026-08-24,14,2024-07-18,Activo,0
5293,19,219823.51,2024-09-07,2027-01-03,10,2025-04-05,En Mora,0
5294,313,569234.08,2021-06-10,2022-11-26,5,2025-03-17,Activo,0
5295,2975,941897.91,2025-02-28,2026-09-21,6,2025-02-25,Activo,84
5296,2576,906551.42,2021-10-04,2023-12-24,3,2024-07-14,En Mora,0
5297,2605,110701.12,2023-04-13,2025-07-20,20,2025-05-03,Cancelado,0
5298,2493,409345.58,2023-01-06,2027-03-27,0,2024-10-10,Activo,0
5299,1946,304059.79,2021-08-12,2025-05-26,22,2025-05-08,Activo,0
5300,231,507293.4,2025-04-13,2026-05-13,12,2024-07-12,Cancelado,0
5301,2673,842042.7,2021-01-16,2025-05-16,27,2025-05-12,Activo,45
5302,2937,751909.2,2023-06-02,2023-07-01,28,2024-10-09,Activo,0
5303,2407,376779.28,2022-12-12,2026-08-08,17,2025-06-01,Cancelado,116
5304,44,413532.54,2021-04-02,2026-11-19,22,2024-12-08,Activo,0
5305,2925,671542.24,2024-04-08,2026-08-24,27,2025-01-15,Activo,68
5306,2271,234513.91,2022-04-14,2024-01-03,8,2024-07-13,Activo,0
5307,2950,147591.62,2022-12-30,2025-02-28,5,2024-11-01,Activo,0
5308,1289,280459.04,2021-07-28,2026-01-15,15,2024-07-23,En Mora,124
5309,2319,167830.81,2021-04-10,2021-08-20,0,2024-10-19,Activo,11
5310,2260,384385.03,2021-09-10,2022-12-10,21,2025-05-22,Activo,0
5311,1520,940687.49,2022-08-03,2024-09-23,22,2025-02-26,Cancelado,0
5312,1411,164284.5,2024-06-29,2026-04-10,20,2024-10-14,En Mora,0
5313,2295,827406.04,2022-02-20,2024-05-13,30,2025-03-27,En Mora,95
5314,2996,557915.63,2024-04-20,2024-08-01,27,2024-07-10,Activo,0
5315,821,651257.92,2024-03-24,2025-11-03,26,2024-06-10,Activo,0
5316,2120,211578.25,2023-01-17,2024-03-14,12,2025-03-20,Activo,0
5317,2343,193804.65,2022-02-26,2024-03-02,31,2025-02-24,Activo,0
5318,171,204606.49,2024-11-08,2025-04-08,6,2024-11-10,Activo,0
5319,246,683709.73,2023-01-05,2023-08-12,32,2024-11-22,En Mora,0
5320,1165,760398.85,2022-10-23,2025-02-22,12,2024-09-12,Cancelado,0
5321,1640,924232.7,2023-09-20,2027-02-14,31,2025-03-17,Activo,0
5322,617,428282.74,2024-01-07,2027-01-08,6,2024-06-10,Activo,21
5323,240,488870.91,2023-12-10,2027-02-21,11,2024-10-11,Activo,0
5324,1957,496115.27,2020-08-02,2026-10-14,14,2024-08-05,Activo,0
5325,2359,306403.01,2022-11-14,2024-03-17,20,2025-01-11,Activo,0
5326,1440,361821.02,2024-02-01,2026-06-13,11,2025-05-24,Activo,0
5327,398,854479.22,2025-05-29,2026-08-12,12,2024-10-31,Cancelado,163
5328,1857,376536.08,2021-08-23,2022-06-09,1,2024-10-12,Activo,0
5329,923,875641.3,2021-06-01,2021-09-12,28,2025-01-26,Activo,0
5330,792,340004.33,2022-01-26,2022-05-04,28,2025-03-20,Cancelado,0
5331,1907,372889.0,2022-12-02,2024-06-12,35,2024-12-08,Activo,140
5332,1905,582266.83,2020-07-06,2024-06-26,6,2024-08-29,Cancelado,0
5333,2070,147970.5,2025-01-14,2027-01-07,29,2024-10-21,Activo,0
5334,813,925959.15,2024-01-01,2025-11-30,22,2024-12-03,Activo,173
5335,904,829379.85,2024-10-14,2024-12-22,27,2025-05-24,Activo,0
5336,1731,686978.64,2021-04-28,2022-05-14,22,2024-09-30,En Mora,0
5337,832,988718.76,2020-07-13,2026-02-03,35,2025-02-20,Activo,164
5338,1395,65199.39,2022-03-25,2023-01-02,28,2025-03-29,Activo,0
5339,1967,440507.3,2023-03-03,2023-07-31,3,2025-05-15,Activo,0
5340,1045,865425.91,2024-04-25,2026-09-02,19,2024-08-23,Activo,0
5341,2555,461366.42,2022-11-25,2026-05-29,4,2024-08-18,Activo,0
5342,2208,54979.27,2025-04-18,2027-01-21,10,2024-12-04,En Mora,0
5343,744,199866.41,2022-11-25,2023-10-29,1,2025-04-25,Activo,0
5344,813,462368.79,2023-09-25,2026-05-14,23,2025-01-16,Activo,0
5345,1580,684550.47,2025-02-05,2027-01-27,32,2025-05-14,Activo,0
5346,1376,204521.55,2020-09-18,2022-06-21,21,2025-03-20,Activo,0
5347,2228,475640.91,2024-03-07,2025-01-23,5,2024-07-10,En Mora,36
5348,1651,62149.11,2022-08-14,2022-12-11,23,2024-07-13,Activo,132
5349,2261,503625.5,2021-04-16,2026-02-28,28,2024-08-30,Activo,0
5350,530,901128.25,2022-07-01,2024-10-27,31,2025-03-22,Cancelado,0
5351,1419,616929.63,2022-08-09,2027-01-10,29,2024-10-01,Activo,27
5352,2075,468622.85,2025-04-20,2026-04-20,2,2025-01-02,Cancelado,0
5353,939,204146.37,2023-06-06,2024-09-02,24,2025-02-15,Activo,0
5354,2918,242297.64,2024-06-23,2027-03-05,27,2024-06-24,Activo,0
5355,2486,122684.45,2024-12-18,2026-04-24,14,2025-01-23,Activo,107
5356,285,755290.49,2023-12-24,2026-03-20,16,2024-06-21,Activo,0
5357,2709,123278.51,2023-03-29,2026-11-01,1,2025-03-20,En Mora,0
5358,1821,414751.39,2020-07-01,2025-03-14,26,2024-11-30,Refinanciado,0
5359,649,762352.46,2021-11-19,2024-08-02,35,2024-06-02,Activo,0
5360,189,727181.56,2023-01-31,2025-06-13,13,2024-10-03,Activo,0
5361,1726,598655.56,2024-07-21,2025-07-10,31,2024-09-24,Activo,0
5362,1223,592742.35,2022-07-24,2026-10-23,11,2024-10-13,Activo,0
5363,1126,135811.68,2025-03-23,2025-10-06,22,2024-07-11,En Mora,0
5364,479,216169.51,2024-12-07,2026-01-25,15,2024-07-16,Activo,5
5365,2651,558007.23,2022-05-02,2025-06-20,1,2025-05-27,Activo,0
5366,2044,380676.31,2025-05-15,2025-10-09,6,2025-03-28,Activo,0
5367,2026,67990.25,2021-06-30,2025-01-08,20,2024-12-09,Activo,34
5368,517,808258.4,2022-05-21,2023-10-18,30,2025-03-02,Activo,0
5369,1889,671122.6,2022-11-03,2027-01-02,22,2025-02-07,Activo,143
5370,1551,359496.19,2021-08-06,2022-03-05,24,2024-06-27,En Mora,0
5371,1541,143294.94,2024-07-29,2024-08-03,34,2024-11-11,Activo,0
5372,2964,611640.72,2020-11-21,2024-07-23,34,2025-02-14,Activo,0
5373,2278,381122.09,2022-10-26,2026-12-23,6,2024-10-28,Activo,0
5374,2917,292619.87,2025-01-06,2027-02-13,4,2025-01-23,En Mora,0
5375,1138,735395.79,2022-10-05,2025-07-07,31,2025-05-26,Activo,0
5376,1540,361742.56,2022-03-10,2026-05-06,4,2025-03-11,Activo,0
5377,1749,179246.07,2023-12-22,2024-06-28,24,2024-10-25,Cancelado,87
5378,2807,507571.06,2023-02-15,2023-08-27,30,2024-12-01,Activo,63
5379,34,837042.5,2020-08-21,2022-01-18,19,2024-08-05,Refinanciado,18
5380,296,857175.84,2020-09-18,2022-09-23,21,2025-02-23,Refinanciado,0
5381,2501,856876.01,2022-07-25,2026-07-13,12,2025-04-25,En Mora,0
5382,1430,449873.85,2021-03-28,2022-08-20,1,2024-08-03,En Mora,0
5383,1151,801387.5,2024-09-17,2025-10-06,21,2024-12-31,En Mora,30
5384,2190,857719.23,2025-05-19,2025-08-14,8,2024-10-08,Activo,0
5385,1988,486561.3,2022-01-09,2022-06-26,1,2024-11-25,Activo,0
5386,648,352802.42,2023-08-09,2027-03-23,31,2024-09-24,Cancelado,0
5387,2176,716866.32,2021-05-17,2022-10-06,7,2024-11-04,Cancelado,0
5388,2883,909245.81,2024-12-06,2025-10-30,15,2025-05-25,Cancelado,0
5389,1710,973544.86,2023-12-23,2027-05-04,32,2024-08-07,Cancelado,0
5390,2973,325713.57,2020-07-17,2021-07-18,10,2024-11-20,Activo,0
5391,2778,958362.5,2025-01-03,2025-11-21,31,2025-05-30,En Mora,0
5392,1548,524318.13,2024-04-14,2024-11-27,7,2025-02-05,En Mora,0
5393,463,340732.97,2023-06-15,2026-10-06,31,2025-04-06,Cancelado,95
5394,2612,988978.2,2021-11-12,2022-09-24,20,2024-09-12,Activo,0
5395,1210,883917.58,2022-03-04,2022-09-04,24,2024-06-17,En Mora,0
5396,514,707795.76,2021-11-20,2025-12-07,19,2024-10-26,Activo,134
5397,1,900195.12,2023-05-24,2023-09-26,0,2024-11-20,Activo,58
5398,1263,697413.48,2023-11-12,2027-01-18,20,2024-07-12,Activo,0
5399,1079,468383.61,2023-06-05,2025-02-11,6,2024-06-05,Refinanciado,42
5400,1472,950647.08,2023-12-08,2027-01-24,24,2025-05-26,En Mora,0
5401,338,965085.29,2023-02-26,2024-10-20,8,2025-01-28,Activo,126
5402,2956,348466.34,2020-10-30,2026-07-31,21,2024-10-01,Activo,0
5403,2866,386675.57,2024-10-29,2025-02-24,1,2024-08-23,En Mora,0
5404,1128,413584.42,2023-05-07,2026-09-05,18,2025-02-27,Cancelado,0
5405,2393,831038.65,2022-06-16,2027-03-11,5,2025-03-10,Activo,0
5406,977,801588.37,2023-06-23,2025-08-07,4,2025-05-16,Refinanciado,0
5407,883,983959.35,2024-08-26,2026-02-05,9,2025-04-19,Activo,0
5408,2246,491952.99,2023-10-09,2024-10-03,0,2024-11-07,Refinanciado,0
5409,1038,749928.74,2024-05-05,2026-04-13,25,2025-02-05,En Mora,50
5410,1704,863884.45,2020-10-29,2023-05-14,25,2025-03-28,Activo,0
5411,872,260168.92,2020-10-23,2024-10-25,17,2024-10-30,Activo,115
5412,2590,639527.66,2025-03-19,2025-07-27,20,2024-11-07,Activo,151
5413,457,570322.29,2024-12-12,2026-12-22,11,2024-08-14,Activo,0
5414,1550,755685.65,2021-10-05,2025-09-26,13,2024-10-06,En Mora,0
5415,2798,710656.58,2020-08-16,2023-02-22,31,2024-10-01,Activo,0
5416,366,822152.98,2023-10-29,2026-02-21,34,2024-07-29,Refinanciado,0
5417,2449,345587.93,2024-03-27,2026-03-10,16,2024-10-15,Cancelado,0
5418,2622,255538.57,2023-12-16,2026-02-17,9,2024-12-11,Cancelado,0
5419,2530,814938.79,2025-01-09,2026-11-15,34,2024-09-29,En Mora,0
5420,2158,392535.26,2023-06-21,2025-06-08,15,2025-02-26,Activo,28
5421,2454,323194.88,2022-12-26,2024-11-30,5,2025-04-04,Activo,0
5422,2357,369977.6,2024-03-30,2026-10-22,3,2024-10-10,Activo,0
5423,160,113036.29,2022-09-09,2022-11-06,8,2024-09-27,En Mora,0
5424,844,784487.13,2023-03-09,2027-05-25,28,2024-11-24,Cancelado,3
5425,2103,729401.68,2023-01-01,2026-06-30,6,2025-03-16,Activo,0
5426,2809,575057.83,2021-05-02,2022-08-03,15,2024-10-18,Activo,119
5427,2000,730280.73,2021-05-01,2024-01-25,5,2024-11-29,En Mora,0
5428,2304,404476.51,2024-02-08,2024-07-14,2,2024-12-15,Activo,0
5429,2582,330600.62,2022-11-10,2023-03-09,13,2024-06-19,Activo,62
5430,2470,869185.94,2020-07-10,2023-04-03,13,2024-11-01,Activo,0
5431,2994,451331.84,2020-10-19,2026-05-04,8,2024-07-13,Cancelado,0
5432,1639,236116.56,2021-04-16,2023-06-30,35,2025-03-01,Cancelado,0
5433,2861,761591.72,2025-05-19,2026-04-24,22,2024-10-15,Activo,0
5434,2935,369078.26,2020-06-15,2020-09-04,14,2025-03-28,Refinanciado,0
5435,2312,251258.74,2021-03-20,2021-08-21,6,2024-08-14,Cancelado,0
5436,2796,75853.56,2024-08-28,2025-03-14,19,2024-11-09,En Mora,0
5437,2881,972071.67,2023-07-14,2024-07-29,18,2025-03-31,Activo,0
5438,233,493924.91,2022-09-26,2026-02-09,5,2025-01-18,Activo,0
5439,2728,203669.98,2020-09-14,2021-08-23,0,2024-10-12,Activo,0
5440,233,769920.6,2020-09-21,2021-09-01,6,2024-06-13,Activo,0
5441,558,893268.57,2023-05-18,2027-05-03,34,2024-09-29,Activo,0
5442,2961,551569.59,2024-03-11,2025-06-05,24,2025-01-25,Activo,0
5443,2729,76941.49,2020-11-09,2021-05-02,22,2024-08-11,Refinanciado,42
5444,1950,396885.81,2022-08-23,2023-02-02,24,2024-07-24,Activo,0
5445,1460,280946.55,2021-01-14,2024-01-11,10,2024-11-20,Activo,0
5446,335,654577.6,2024-04-10,2026-03-16,33,2024-08-22,Activo,0
5447,2452,542914.91,2020-12-19,2021-06-01,30,2024-06-10,En Mora,0
5448,256,387950.0,2024-08-02,2025-05-12,11,2025-05-15,Activo,0
5449,1090,666079.88,2024-08-15,2025-03-03,8,2024-08-14,Activo,0
5450,2989,605207.82,2022-01-27,2024-12-29,12,2024-11-15,Activo,129
5451,772,911165.62,2023-07-11,2024-04-15,19,2025-04-09,Activo,0
5452,946,616962.8,2021-05-21,2026-06-24,20,2024-07-22,Activo,28
5453,1112,532326.29,2024-11-17,2026-11-15,21,2024-08-28,Activo,0
5454,311,832486.58,2021-05-26,2022-04-15,0,2025-02-16,Activo,114
5455,1595,242298.69,2024-04-10,2025-12-19,16,2025-05-30,Activo,0
5456,2730,281386.39,2023-07-19,2026-06-13,3,2024-10-30,En Mora,0
5457,1282,794394.48,2021-10-20,2022-08-01,5,2025-01-16,Activo,0
5458,1582,470232.72,2021-04-03,2021-09-15,18,2025-04-19,Activo,0
5459,2177,438774.07,2021-12-20,2022-06-04,29,2025-01-05,Activo,26
5460,2829,892724.06,2022-04-11,2022-07-06,22,2025-04-06,Activo,0
5461,2374,629603.58,2024-12-11,2025-03-07,31,2025-02-24,Cancelado,0
5462,790,812763.68,2022-06-03,2023-01-03,28,2024-12-07,Activo,0
5463,2065,819346.93,2021-02-13,2026-12-10,7,2025-05-03,Refinanciado,82
5464,2747,164025.33,2022-06-29,2022-12-28,20,2024-11-27,Activo,0
5465,342,671017.28,2025-02-03,2027-03-08,16,2025-05-30,Activo,0
5466,1003,954890.52,2020-10-22,2023-09-13,16,2025-03-24,Cancelado,23
5467,838,506025.74,2021-03-13,2023-02-14,20,2025-01-04,Refinanciado,120
5468,628,745573.3,2020-12-03,2021-09-24,14,2025-01-24,Activo,0
5469,2819,588396.25,2021-11-10,2026-02-04,26,2025-04-07,Activo,88
5470,2926,244603.68,2021-06-04,2025-04-26,24,2025-03-27,Activo,179
5471,1273,235433.96,2024-10-31,2026-04-04,32,2024-07-11,Activo,0
5472,710,462141.51,2021-05-07,2024-09-11,1,2025-04-01,Refinanciado,141
5473,2897,508841.05,2024-08-09,2025-06-29,15,2024-08-25,Activo,0
5474,739,527975.82,2021-09-11,2026-04-07,35,2025-05-07,Activo,28
5475,2225,957250.72,2023-03-19,2025-03-28,7,2025-03-07,En Mora,121
5476,1779,145241.82,2021-01-13,2023-02-03,15,2024-08-18,Activo,0
5477,946,411500.4,2021-04-28,2023-01-23,6,2025-03-28,Activo,0
5478,2405,538820.06,2024-04-28,2025-08-16,4,2024-11-08,Activo,162
5479,495,964957.1,2025-05-01,2025-10-20,22,2025-04-16,Activo,0
5480,35,529099.08,2021-01-25,2024-10-02,7,2025-05-04,Refinanciado,0
5481,1431,786511.93,2021-05-20,2022-01-13,2,2025-01-06,Activo,44
5482,1992,761814.2,2024-06-24,2025-01-29,34,2025-02-13,Cancelado,0
5483,818,588121.85,2024-02-20,2025-03-29,35,2024-11-23,Activo,0
5484,10,174167.95,2021-06-11,2022-04-02,35,2024-09-05,Cancelado,0
5485,986,257820.77,2023-06-12,2027-02-17,14,2024-12-18,Activo,0
5486,1738,278133.25,2024-10-06,2026-08-28,29,2024-09-09,Refinanciado,0
5487,2579,86726.67,2023-11-01,2024-04-04,14,2025-01-24,En Mora,0
5488,1559,410257.11,2024-11-27,2025-10-03,28,2024-08-14,Activo,0
5489,2143,629988.04,2021-08-10,2024-06-10,3,2025-04-06,Activo,0
5490,2624,187052.98,2022-09-29,2025-08-29,33,2025-01-17,Cancelado,49
5491,450,216284.21,2023-07-06,2024-05-05,22,2024-12-31,En Mora,0
5492,1244,721637.01,2020-06-14,2023-05-18,34,2024-06-08,Activo,0
5493,2144,210790.72,2022-06-17,2022-11-04,27,2024-10-06,En Mora,0
5494,865,178568.8,2020-10-21,2024-12-19,30,2024-11-08,Activo,0
5495,1801,978949.79,2023-06-08,2026-12-14,32,2025-05-27,Cancelado,0
5496,2717,63998.52,2022-04-26,2026-04-16,17,2024-06-01,En Mora,34
5497,207,359137.76,2020-11-08,2021-10-28,4,2024-06-26,Activo,0
5498,1810,83189.83,2024-01-20,2025-08-28,8,2024-10-03,Activo,36
5499,850,846145.78,2025-02-21,2027-04-15,19,2024-11-14,Activo,115
5500,246,604358.93,2023-05-15,2023-06-26,8,2024-10-09,Cancelado,0
5501,1735,95554.26,2021-08-31,2022-07-30,17,2024-08-14,Activo,0
5502,1998,634594.05,2022-12-01,2027-01-20,14,2025-03-27,Cancelado,0
5503,2932,166941.57,2025-05-30,2027-01-01,14,2024-07-31,Activo,0
5504,2131,520945.98,2022-01-02,2025-06-25,13,2024-08-17,Activo,0
5505,317,685942.27,2020-11-08,2024-10-06,34,2024-06-29,Cancelado,0
5506,2693,191081.68,2021-11-11,2026-12-07,35,2024-09-01,Activo,0
5507,2418,522197.89,2021-02-03,2021-07-15,19,2025-01-10,Activo,0
5508,2797,484540.38,2020-11-30,2023-06-20,10,2025-05-01,Activo,0
5509,1720,919962.95,2023-08-30,2025-03-15,16,2024-11-29,Activo,0
5510,2678,995916.32,2021-05-03,2024-11-25,24,2024-10-14,Activo,45
5511,2228,671750.72,2022-09-12,2026-02-23,28,2024-09-27,Activo,0
5512,1807,862116.2,2023-06-05,2024-12-20,22,2024-10-16,En Mora,0
5513,2650,664537.86,2023-02-10,2025-08-12,8,2024-06-28,En Mora,0
5514,600,882471.94,2022-04-28,2022-06-07,24,2025-05-16,Activo,85
5515,1107,461608.45,2024-06-02,2025-10-06,22,2024-12-06,Activo,0
5516,1556,627590.36,2021-03-07,2027-03-06,1,2024-06-27,Cancelado,0
5517,841,852911.05,2023-08-12,2024-06-15,0,2024-06-07,Cancelado,0
5518,348,922181.43,2021-10-10,2027-05-05,5,2024-12-07,Activo,0
5519,1296,73448.6,2021-02-23,2022-01-19,14,2024-08-06,Activo,0
5520,331,148755.06,2024-12-26,2027-02-02,6,2025-01-16,Activo,0
5521,610,934613.46,2023-11-22,2027-01-06,1,2025-03-14,Activo,0
5522,1945,590083.33,2024-06-30,2027-01-21,29,2025-03-01,Activo,15
5523,744,990682.49,2024-01-05,2026-10-20,28,2024-08-17,Activo,0
5524,569,803001.39,2024-12-04,2025-03-03,11,2024-11-21,Activo,0
5525,1685,827233.17,2024-01-04,2025-12-07,33,2024-07-25,En Mora,30
5526,2437,416816.38,2023-06-16,2026-10-28,29,2024-12-07,Activo,0
5527,971,294664.32,2020-06-07,2025-06-01,35,2024-10-02,Activo,0
5528,747,618346.22,2021-10-01,2024-01-05,34,2024-07-19,Activo,0
5529,2185,885080.49,2024-10-22,2025-06-03,1,2024-10-28,Activo,173
5530,1765,739413.58,2025-04-30,2027-05-24,2,2024-06-13,Cancelado,0
5531,1385,498566.38,2021-05-15,2025-06-14,11,2025-05-16,Activo,0
5532,2330,765540.45,2020-08-10,2021-03-08,3,2024-06-02,Activo,0
5533,1226,705877.74,2024-09-21,2025-08-25,6,2024-08-11,En Mora,0
5534,1019,917398.85,2022-04-30,2026-10-18,19,2024-07-05,En Mora,0
5535,2792,300379.36,2020-09-10,2020-11-09,18,2025-04-01,Activo,81
5536,2579,163345.89,2020-08-03,2024-01-10,7,2024-11-16,Activo,0
5537,16,496548.6,2022-07-20,2025-08-15,2,2025-04-12,En Mora,0
5538,568,393026.77,2020-09-09,2024-08-19,26,2025-04-08,Refinanciado,0
5539,2025,976118.09,2024-09-11,2026-09-21,14,2024-06-20,Refinanciado,54
5540,1614,57128.98,2024-10-02,2026-12-01,7,2025-03-16,Refinanciado,69
5541,2078,936713.91,2022-05-02,2022-11-14,17,2024-06-02,Activo,0
5542,1543,957325.26,2023-04-05,2023-04-08,28,2024-08-14,Activo,0
5543,1932,98410.46,2021-01-29,2023-03-19,35,2024-11-12,Activo,67
5544,2712,895091.36,2023-04-27,2024-06-13,2,2024-12-11,Activo,125
5545,2923,497239.9,2022-06-10,2022-08-11,8,2025-01-18,Activo,0
5546,2070,777843.2,2022-07-14,2022-12-15,9,2025-02-27,Activo,0
5547,1455,125292.75,2022-10-19,2026-01-01,19,2024-08-21,Activo,143
5548,1703,957445.31,2020-07-25,2022-07-06,1,2024-12-07,Activo,0
5549,2708,627171.05,2023-10-20,2027-01-12,0,2025-04-06,En Mora,72
5550,1434,903759.59,2022-04-06,2022-12-24,26,2024-07-22,Activo,0
5551,325,689314.94,2022-07-30,2025-02-28,3,2025-01-19,Activo,0
5552,1322,559969.78,2022-01-09,2025-03-30,31,2025-04-12,Activo,0
5553,2229,213870.9,2020-07-10,2021-05-15,17,2024-09-09,Activo,0
5554,122,219056.42,2023-11-09,2026-05-17,13,2024-08-30,Cancelado,52
5555,2172,498941.78,2023-05-04,2024-05-02,14,2024-11-11,Refinanciado,0
5556,1477,876920.1,2020-10-02,2024-06-14,3,2025-01-14,Activo,0
5557,266,159457.74,2023-07-16,2025-12-01,18,2024-11-30,Activo,112
5558,28,998465.89,2024-08-12,2026-04-11,23,2024-09-26,Activo,50
5559,1283,882116.64,2021-11-16,2023-11-25,29,2024-08-21,Refinanciado,0
5560,2125,422930.83,2023-11-02,2027-01-23,12,2025-04-26,Activo,0
5561,432,290462.41,2021-01-05,2024-02-05,10,2024-08-27,Cancelado,0
5562,879,925896.29,2020-12-13,2023-04-01,27,2024-07-18,En Mora,0
5563,2942,167051.04,2021-12-09,2025-02-22,10,2025-02-15,Cancelado,0
5564,1059,379925.44,2022-01-05,2026-03-02,0,2024-11-10,Refinanciado,0
5565,436,129716.73,2020-07-14,2022-11-06,3,2024-12-20,Activo,0
5566,1086,955789.17,2024-11-03,2024-11-24,33,2025-01-08,Activo,0
5567,2100,636741.8,2024-08-26,2025-04-11,11,2024-10-05,Cancelado,0
5568,2164,369370.66,2021-09-06,2023-05-18,23,2024-10-28,Cancelado,0
5569,2095,311709.01,2022-04-22,2027-01-14,31,2024-06-02,En Mora,0
5570,2486,471889.58,2023-02-13,2024-10-28,18,2024-06-03,Cancelado,0
5571,101,136809.55,2024-10-15,2027-03-17,28,2024-12-23,En Mora,0
5572,1303,894881.48,2021-07-27,2027-04-28,28,2024-08-31,Refinanciado,0
5573,2155,535393.36,2021-04-08,2024-06-03,18,2025-02-16,Activo,0
5574,983,738843.22,2021-08-24,2024-08-15,19,2024-06-02,Activo,0
5575,2407,272058.55,2023-04-24,2025-01-30,2,2025-04-21,En Mora,82
5576,887,528561.8,2021-04-09,2023-07-07,4,2024-09-16,Activo,0
5577,800,250531.83,2022-03-15,2026-07-06,22,2025-03-01,Activo,0
5578,1026,825289.88,2021-05-24,2021-06-04,4,2024-06-05,Cancelado,62
5579,1516,786511.26,2020-08-16,2025-11-27,29,2024-11-19,Activo,0
5580,1904,190792.21,2022-03-28,2022-09-23,31,2024-12-16,Activo,0
5581,1914,120781.56,2021-11-20,2024-03-24,23,2024-11-28,Activo,0
5582,1296,832986.9,2022-07-01,2024-01-23,34,2024-08-21,Activo,0
5583,1168,154165.51,2021-08-02,2022-04-29,31,2024-11-19,En Mora,0
5584,435,571059.78,2024-11-28,2025-02-10,21,2024-09-23,Activo,0
5585,1475,557762.93,2023-12-21,2024-09-12,20,2025-04-05,Cancelado,0
5586,2652,242796.86,2024-08-08,2025-05-23,27,2025-05-18,Activo,0
5587,2614,611788.64,2024-03-11,2026-05-02,33,2025-02-27,Activo,0
5588,916,527617.45,2025-05-29,2026-10-09,15,2024-10-08,Activo,0
5589,2276,533729.76,2021-07-12,2022-08-16,10,2024-12-17,Activo,0
5590,545,391714.98,2021-10-27,2022-02-16,32,2024-06-13,Cancelado,17
5591,1238,846507.13,2023-05-12,2026-03-23,18,2024-06-12,Activo,52
5592,648,130152.03,2022-04-15,2023-09-25,27,2025-06-01,Activo,0
5593,2296,466691.9,2021-03-23,2021-10-12,28,2025-03-08,Activo,174
5594,1432,296825.54,2025-05-03,2027-03-30,2,2024-06-18,Cancelado,0
5595,1077,856011.59,2020-08-17,2022-11-28,17,2025-01-13,En Mora,0
5596,1600,263826.46,2021-09-15,2022-02-15,17,2024-09-03,Cancelado,0
5597,2362,778673.58,2024-03-16,2025-01-22,11,2024-07-02,Activo,0
5598,37,630939.56,2021-09-27,2025-08-31,17,2025-02-10,Activo,0
5599,724,881050.74,2021-07-12,2027-03-22,31,2024-12-30,Activo,0
5600,1548,614104.25,2024-12-06,2026-08-10,35,2025-05-29,Cancelado,37
5601,980,578660.15,2021-08-16,2024-02-09,18,2025-05-25,En Mora,0
5602,84,811073.44,2023-03-31,2025-04-04,3,2024-09-02,Activo,0
5603,2948,584362.14,2021-07-25,2027-03-16,10,2025-02-19,Activo,0
5604,1118,852314.96,2023-05-21,2026-04-18,2,2025-02-10,Activo,0
5605,1366,96852.13,2023-10-09,2025-01-26,26,2024-11-13,Activo,0
5606,719,520392.36,2020-06-26,2026-07-11,15,2024-10-24,En Mora,0
5607,550,822056.94,2021-07-17,2024-11-22,17,2025-03-31,Activo,159
5608,1372,855946.89,2021-10-16,2022-07-05,29,2025-04-23,Activo,0
5609,2763,842352.61,2023-07-27,2023-08-10,23,2024-10-12,Activo,0
5610,587,624162.25,2025-02-15,2026-08-08,5,2024-08-25,Cancelado,0
5611,1865,994272.78,2023-11-30,2026-11-03,33,2025-01-24,Cancelado,0
5612,152,222316.99,2024-07-05,2024-10-25,11,2025-03-26,Activo,0
5613,1062,215734.7,2023-09-14,2023-09-27,22,2024-12-14,Activo,0
5614,2213,81181.54,2022-01-27,2025-08-07,35,2025-02-28,Activo,0
5615,2986,989870.32,2023-07-26,2023-08-06,14,2025-02-07,Activo,179
5616,1568,380619.48,2023-06-30,2026-05-29,15,2025-05-24,Activo,160
5617,212,773951.47,2023-07-16,2025-05-10,13,2024-08-08,Activo,0
5618,2574,106724.8,2024-10-17,2025-12-15,14,2024-12-25,Cancelado,55
5619,742,333753.7,2021-09-19,2027-02-02,11,2025-04-19,Activo,0
5620,2180,642654.97,2023-08-23,2023-10-08,34,2024-09-11,Activo,0
5621,96,548541.09,2023-05-30,2024-02-16,24,2024-11-12,Activo,0
5622,1527,247360.83,2020-11-13,2021-11-14,13,2025-05-03,Activo,0
5623,522,488513.27,2022-05-12,2024-05-15,1,2025-01-16,Activo,22
5624,2422,153342.89,2022-12-05,2024-12-31,17,2024-12-05,Activo,0
5625,1040,565568.3,2020-09-09,2026-03-22,34,2025-06-01,Activo,74
5626,1703,142094.37,2021-08-28,2026-09-15,8,2024-06-27,Cancelado,104
5627,2656,654138.68,2022-08-29,2026-07-30,10,2025-02-09,Activo,0
5628,18,197589.7,2024-01-18,2026-08-21,25,2025-03-07,En Mora,0
5629,1720,569731.6,2021-02-06,2023-12-19,2,2024-10-18,Cancelado,0
5630,978,172664.65,2022-04-21,2025-07-20,4,2025-01-02,Activo,0
5631,879,430674.91,2024-06-13,2025-08-27,31,2024-08-04,Activo,0
5632,594,384239.97,2025-04-22,2027-04-26,9,2025-04-01,Activo,0
5633,643,768590.16,2022-12-18,2023-07-27,5,2024-11-12,Activo,22
5634,2177,659103.56,2021-06-01,2025-11-10,10,2024-11-16,Activo,65
5635,801,940234.38,2024-09-13,2026-02-01,16,2024-09-29,Activo,0
5636,455,925815.12,2021-12-30,2022-02-25,1,2025-03-04,Activo,0
5637,1610,738746.23,2023-01-14,2023-05-13,23,2025-01-01,Activo,0
5638,876,782056.45,2022-04-23,2022-11-12,4,2024-10-31,Cancelado,21
5639,2619,643666.8,2023-10-08,2026-04-26,20,2024-09-27,Cancelado,0
5640,1096,707080.07,2023-10-29,2024-12-21,5,2025-01-02,Activo,74
5641,1014,636361.25,2024-02-02,2025-08-15,3,2024-07-01,Activo,149
5642,1111,346176.78,2024-02-16,2026-08-27,8,2024-08-04,Activo,0
5643,2449,383155.1,2025-05-30,2027-01-09,4,2025-03-10,Activo,120
5644,462,595997.14,2025-04-02,2026-11-29,3,2024-07-15,Activo,0
5645,2137,734168.08,2024-10-09,2026-03-10,8,2025-05-01,En Mora,0
5646,2871,435813.09,2022-06-27,2026-06-27,17,2025-03-05,Activo,0
5647,2054,185534.41,2023-12-27,2024-05-24,15,2024-08-25,Activo,0
5648,945,486446.31,2022-05-25,2026-10-05,1,2024-06-08,En Mora,0
5649,84,965028.43,2022-08-11,2025-11-01,28,2025-01-08,Activo,14
5650,1440,253382.52,2025-02-23,2026-06-04,35,2025-05-12,Activo,0
5651,2669,666615.63,2020-09-12,2021-01-18,11,2024-10-24,Activo,0
5652,1136,983414.71,2021-04-03,2024-12-27,33,2024-09-21,En Mora,150
5653,2220,407425.83,2021-04-25,2027-02-24,34,2025-03-10,Cancelado,112
5654,699,893489.43,2021-04-14,2021-11-05,5,2024-06-30,Activo,0
5655,1821,870808.28,2025-03-12,2026-06-03,35,2024-07-12,Activo,0
5656,2321,372092.71,2023-06-20,2025-06-04,19,2024-12-24,Activo,0
5657,530,143591.46,2023-09-04,2025-07-08,15,2024-10-07,Activo,0
5658,319,219612.2,2025-04-29,2026-11-12,7,2024-08-11,Activo,0
5659,1099,397461.72,2021-12-17,2022-02-10,21,2025-03-06,Cancelado,0
5660,2477,961177.59,2021-04-02,2025-09-13,4,2024-06-05,En Mora,0
5661,2895,310727.64,2024-01-08,2024-11-16,4,2024-06-23,Activo,163
5662,249,930521.51,2022-10-03,2023-09-08,10,2025-03-03,En Mora,12
5663,387,222296.45,2021-09-11,2027-05-30,18,2025-01-30,Activo,140
5664,1958,971321.8,2021-06-19,2024-09-17,16,2024-11-03,Cancelado,125
5665,1891,328924.31,2024-08-18,2025-10-26,17,2025-03-21,Activo,0
5666,363,651437.65,2024-10-01,2027-03-23,8,2024-09-04,Cancelado,0
5667,2116,116206.66,2024-04-16,2024-04-30,16,2024-10-21,En Mora,0
5668,2486,334680.96,2022-09-04,2024-03-03,32,2025-05-03,Activo,0
5669,1556,250174.89,2022-11-02,2024-12-21,19,2025-03-10,Activo,0
5670,1807,53245.84,2022-04-23,2024-09-03,17,2024-11-14,Activo,0
5671,296,198931.3,2021-07-14,2024-11-28,23,2025-02-07,Activo,0
5672,2695,613448.47,2024-02-04,2024-05-31,12,2025-05-05,Activo,69
5673,1992,420424.16,2023-03-30,2026-05-02,27,2025-05-29,Activo,0
5674,2081,736442.43,2020-06-10,2025-03-03,2,2024-11-11,Activo,0
5675,1398,687520.87,2021-02-21,2025-09-09,35,2024-11-01,Activo,32
5676,32,809334.53,2024-12-12,2027-02-17,10,2024-08-15,Activo,0
5677,555,873673.77,2025-05-23,2025-06-09,20,2025-01-17,Cancelado,110
5678,305,828834.23,2020-08-25,2021-08-06,1,2025-02-25,Cancelado,123
5679,793,475657.8,2025-03-01,2027-01-14,5,2024-12-11,Cancelado,0
5680,1132,343291.34,2022-09-06,2022-10-04,4,2025-02-17,Activo,0
5681,96,527187.34,2020-09-23,2022-06-11,31,2024-08-01,En Mora,1
5682,1090,558372.08,2021-10-24,2022-08-03,10,2025-01-22,Activo,16
5683,2569,347515.79,2024-01-29,2026-08-23,16,2025-03-26,En Mora,17
5684,230,563006.22,2023-02-08,2025-08-03,13,2025-01-14,Activo,0
5685,2781,150490.67,2023-09-17,2025-03-06,1,2025-02-22,Activo,38
5686,358,269489.71,2025-03-03,2026-06-09,17,2024-06-01,En Mora,0
5687,402,758745.68,2025-03-29,2025-11-02,32,2025-03-08,Cancelado,73
5688,790,223690.62,2023-09-06,2027-05-27,29,2025-02-10,Activo,0
5689,99,182085.96,2023-04-20,2025-06-24,14,2024-06-30,Activo,111
5690,271,322976.03,2024-12-01,2026-11-15,28,2024-10-08,Activo,0
5691,1799,402496.66,2023-08-24,2024-02-15,25,2024-08-27,Cancelado,0
5692,362,362121.25,2025-05-16,2026-02-20,0,2025-01-05,Activo,0
5693,1188,405875.12,2021-01-04,2021-09-04,16,2025-01-02,Refinanciado,0
5694,2576,182916.73,2020-11-27,2023-06-08,1,2025-05-29,Refinanciado,0
5695,540,207125.4,2021-08-30,2022-12-29,14,2024-11-14,Cancelado,0
5696,1866,274043.23,2021-07-19,2022-05-18,21,2024-10-04,Cancelado,0
5697,2643,431892.42,2021-05-25,2022-03-31,19,2024-07-06,Refinanciado,0
5698,833,369104.15,2021-09-11,2021-10-17,28,2024-08-27,Activo,0
5699,2445,801768.18,2023-08-24,2024-01-28,24,2024-09-21,Activo,33
5700,1060,549242.02,2023-09-13,2026-07-19,23,2024-06-11,Cancelado,0
5701,2543,596915.98,2023-10-11,2024-08-02,33,2024-09-26,Activo,0
5702,314,582563.29,2020-07-05,2022-03-16,20,2024-12-10,Activo,0
5703,2538,428836.31,2020-07-10,2022-02-15,1,2025-05-07,Activo,11
5704,1300,981459.13,2023-01-24,2027-05-16,15,2025-05-01,Activo,0
5705,233,85462.34,2022-08-22,2024-01-28,20,2024-09-12,Activo,0
5706,1640,255045.89,2022-11-29,2025-05-05,7,2025-02-10,Activo,167
5707,1030,320421.96,2023-02-23,2024-09-27,13,2024-07-06,Activo,0
5708,2712,887233.16,2022-12-17,2023-09-04,21,2024-11-08,En Mora,0
5709,244,922925.68,2022-04-14,2026-07-29,17,2025-02-10,Cancelado,0
5710,2289,853798.63,2020-11-30,2022-08-19,4,2024-11-14,Activo,176
5711,2606,446103.43,2025-03-03,2026-08-02,29,2025-03-21,Activo,0
5712,2123,918892.7,2024-12-30,2026-11-29,30,2024-08-22,Activo,0
5713,2331,143582.69,2024-03-28,2025-10-18,8,2025-05-02,Refinanciado,133
5714,1559,669812.97,2025-01-06,2025-11-01,30,2024-10-03,Activo,0
5715,87,940362.59,2024-02-24,2024-11-16,30,2024-12-13,Activo,143
5716,881,767154.85,2023-01-10,2025-08-27,8,2024-08-07,Activo,31
5717,2978,313973.81,2022-07-03,2026-03-24,5,2024-09-16,Activo,0
5718,1173,731630.53,2023-07-14,2026-05-24,25,2025-05-08,Activo,0
5719,160,330025.2,2024-05-06,2026-09-14,9,2025-05-23,Cancelado,0
5720,2494,156003.01,2021-06-19,2027-05-13,5,2024-10-21,En Mora,0
5721,2130,731360.46,2023-06-23,2026-05-02,32,2025-01-12,Activo,0
5722,2230,220265.31,2022-05-04,2024-09-01,29,2024-07-26,Activo,96
5723,2918,155511.69,2024-04-09,2024-10-06,23,2024-12-17,Activo,0
5724,1550,574172.05,2023-07-17,2024-10-24,27,2025-05-06,En Mora,0
5725,478,639594.0,2024-06-22,2025-03-09,28,2025-04-14,Activo,168
5726,2231,98503.47,2024-08-02,2027-04-24,14,2025-01-11,En Mora,0
5727,1580,54245.44,2022-02-22,2022-10-22,7,2025-02-03,Activo,0
5728,2222,887966.81,2025-01-08,2026-10-02,22,2025-05-27,En Mora,0
5729,2062,159489.93,2024-08-07,2025-07-25,8,2024-12-28,Activo,0
5730,1961,604703.15,2024-03-02,2025-02-27,10,2024-10-28,En Mora,48
5731,2121,955868.94,2021-10-25,2025-08-23,5,2024-07-16,Activo,0
5732,2562,536314.61,2020-09-05,2025-12-05,11,2025-04-01,Activo,51
5733,1746,182808.11,2024-12-15,2026-12-31,33,2024-06-06,Cancelado,0
5734,602,423810.28,2023-12-11,2025-12-05,20,2024-06-07,Activo,22
5735,2391,642840.04,2021-05-24,2023-10-20,31,2024-09-28,Activo,0
5736,1420,774697.66,2020-09-20,2024-12-15,35,2025-05-25,Cancelado,0
5737,1919,626591.09,2020-06-27,2026-01-30,24,2024-06-28,Activo,0
5738,333,82599.95,2024-02-06,2026-03-20,34,2025-04-07,En Mora,0
5739,355,185947.72,2022-02-04,2025-11-15,33,2025-01-10,Activo,154
5740,847,403211.6,2024-08-03,2025-05-20,18,2024-06-30,Activo,139
5741,163,720428.0,2023-05-21,2024-05-16,16,2025-05-06,Activo,171
5742,116,605111.58,2025-03-02,2027-01-30,15,2024-12-19,Cancelado,0
5743,1103,92460.23,2022-06-18,2023-02-05,15,2024-07-06,Activo,11
5744,1471,807041.61,2021-01-25,2025-06-01,3,2025-02-04,Activo,117
5745,1907,624868.21,2022-10-08,2025-07-03,29,2025-01-29,Activo,24
5746,1047,892792.53,2022-10-27,2026-12-07,33,2025-03-30,Activo,0
5747,2839,446770.44,2023-05-20,2024-07-31,4,2025-02-13,Cancelado,15
5748,543,515691.69,2021-07-20,2025-07-18,32,2025-02-22,Activo,0
5749,414,435273.23,2024-08-25,2027-03-13,8,2025-05-20,Refinanciado,9
5750,682,736331.8,2020-11-06,2023-11-09,16,2024-08-13,Activo,48
5751,642,764524.31,2024-06-26,2027-01-31,11,2025-04-13,Activo,86
5752,1433,737080.27,2021-02-12,2022-05-12,23,2025-04-24,Activo,17
5753,669,327019.33,2023-01-12,2026-01-13,11,2025-01-16,Cancelado,0
5754,2070,654229.96,2022-07-15,2025-09-21,14,2024-07-08,Activo,141
5755,969,371601.76,2025-01-30,2025-11-30,15,2024-12-06,Cancelado,0
5756,1705,842490.39,2024-04-22,2026-12-11,22,2025-02-11,Activo,0
5757,1181,102360.35,2021-06-05,2022-01-07,17,2024-09-09,En Mora,0
5758,2378,85834.72,2025-04-29,2027-02-23,21,2024-11-28,En Mora,8
5759,1046,146623.0,2023-12-30,2025-11-13,30,2025-01-24,Activo,1
5760,1496,242245.03,2023-11-05,2025-01-15,14,2025-03-07,Activo,157
5761,1288,85753.59,2022-10-03,2027-03-27,20,2025-01-01,En Mora,0
5762,2950,118035.85,2023-04-22,2025-12-08,7,2024-07-25,Activo,0
5763,1799,340753.67,2022-12-16,2023-01-20,35,2025-05-07,Activo,0
5764,724,144801.15,2020-09-22,2026-09-20,5,2024-12-11,Activo,0
5765,1160,811970.09,2020-07-17,2025-08-30,16,2025-01-20,Activo,0
5766,252,101174.02,2023-10-11,2026-10-02,35,2024-07-12,Activo,101
5767,205,912532.97,2022-10-09,2027-05-23,27,2024-11-16,Activo,169
5768,1880,877297.57,2024-01-15,2026-04-28,22,2024-07-06,Activo,0
5769,2880,247965.15,2020-06-16,2023-09-13,30,2025-05-04,Activo,24
5770,791,117950.7,2023-06-02,2025-02-27,10,2024-12-21,Activo,0
5771,1085,150258.29,2023-11-15,2026-11-29,19,2024-12-05,Activo,0
5772,465,581133.82,2024-01-25,2024-03-07,31,2024-11-22,Activo,0
5773,1842,620869.95,2024-03-03,2027-04-24,16,2024-11-14,Cancelado,12
5774,1326,349803.65,2023-04-14,2025-12-31,5,2024-12-17,Cancelado,0
5775,1496,331991.98,2021-12-22,2022-04-22,0,2025-04-26,Refinanciado,0
5776,394,554926.21,2023-05-10,2027-02-28,3,2025-05-20,Activo,132
5777,1631,340346.64,2024-09-22,2026-03-26,30,2025-01-07,Activo,0
5778,2029,937603.52,2022-03-16,2022-04-06,10,2024-08-18,En Mora,92
5779,2708,413500.19,2021-04-10,2023-02-10,16,2025-04-06,En Mora,41
5780,912,258823.06,2021-03-20,2024-07-16,6,2025-01-21,Activo,0
5781,1283,188666.6,2022-10-14,2023-09-04,34,2024-06-24,En Mora,0
5782,2578,650122.78,2021-04-05,2021-11-18,1,2024-08-30,Activo,0
5783,1211,360328.54,2022-03-31,2023-03-29,9,2024-10-29,Refinanciado,156
5784,1236,229355.09,2023-12-07,2025-08-24,11,2025-05-25,Cancelado,0
5785,1059,312024.75,2021-07-28,2022-08-09,16,2024-09-25,Activo,0
5786,1171,342487.49,2024-01-09,2024-05-12,25,2024-07-10,Activo,19
5787,1273,644541.8,2022-10-26,2026-10-08,4,2025-04-14,Activo,0
5788,57,215947.43,2020-12-26,2021-10-16,4,2025-04-16,Activo,0
5789,1893,746163.58,2025-01-26,2026-08-19,26,2024-07-31,Activo,0
5790,2570,339638.15,2024-02-09,2027-02-26,4,2024-11-14,Cancelado,0
5791,1749,513894.11,2025-04-18,2026-03-18,7,2024-06-25,Cancelado,0
5792,361,672097.06,2023-02-01,2026-08-07,30,2024-10-10,En Mora,139
5793,2282,566439.1,2025-02-14,2026-02-08,32,2024-09-10,Cancelado,171
5794,1949,679121.86,2023-10-11,2024-04-09,20,2024-07-23,Activo,0
5795,223,356465.73,2021-08-29,2023-05-14,34,2024-06-20,En Mora,0
5796,1640,965277.42,2020-08-19,2022-08-01,20,2024-06-19,En Mora,27
5797,327,486040.24,2021-12-10,2024-03-06,14,2024-09-02,Cancelado,0
5798,1122,355836.93,2021-10-19,2024-04-04,35,2024-11-09,Activo,0
5799,1250,331574.26,2021-08-25,2024-08-22,1,2024-07-09,Cancelado,0
5800,1758,90560.22,2024-09-16,2025-11-20,29,2024-08-10,Cancelado,0
5801,836,700565.58,2021-12-24,2023-01-14,27,2025-04-12,Activo,90
5802,2537,299389.51,2023-08-09,2025-07-23,16,2024-06-30,Activo,0
5803,2526,960983.7,2024-09-06,2026-06-26,19,2024-11-07,Cancelado,0
5804,985,249922.51,2024-05-30,2026-02-11,28,2025-02-08,Activo,0
5805,1358,553016.63,2021-07-25,2023-04-07,4,2024-10-07,Activo,0
5806,792,748697.16,2023-01-14,2025-07-10,24,2024-06-23,Activo,42
5807,1887,876609.53,2022-05-24,2023-12-12,9,2024-10-19,En Mora,112
5808,2560,198637.85,2022-09-01,2022-10-13,18,2025-02-15,Cancelado,0
5809,382,986131.46,2020-11-02,2021-03-20,0,2024-10-28,En Mora,0
5810,1447,911411.54,2021-02-18,2022-06-01,33,2024-09-21,Activo,17
5811,1372,964707.28,2022-08-26,2025-07-04,13,2025-03-03,Refinanciado,123
5812,1875,860037.22,2023-09-12,2026-09-29,24,2024-08-28,Activo,0
5813,2500,883785.77,2023-02-04,2025-08-29,25,2024-06-11,Refinanciado,58
5814,2009,618887.47,2022-06-02,2025-10-26,20,2024-12-18,Cancelado,0
5815,1143,853044.56,2021-08-21,2022-12-23,15,2024-12-06,Activo,101
5816,214,557312.69,2024-05-01,2026-10-29,9,2024-08-14,Activo,0
5817,565,561306.31,2025-01-17,2026-10-22,31,2025-03-08,Activo,98
5818,732,584451.09,2020-11-28,2024-08-30,19,2025-02-28,Activo,0
5819,439,996502.03,2024-01-21,2025-06-12,8,2025-03-24,Cancelado,0
5820,2803,149175.1,2021-06-26,2025-03-28,33,2024-07-31,Activo,0
5821,1589,815329.48,2020-10-23,2024-02-26,30,2025-04-15,Activo,0
5822,629,309646.9,2024-05-11,2026-08-01,18,2024-10-09,En Mora,0
5823,903,393165.73,2022-06-15,2022-11-23,30,2025-01-17,Activo,0
5824,1471,126506.59,2023-10-31,2026-06-05,29,2024-07-22,En Mora,90
5825,395,383995.09,2022-08-10,2024-01-28,23,2024-09-07,En Mora,101
5826,247,991224.56,2024-04-13,2024-09-21,32,2025-02-20,Activo,63
5827,2953,427215.8,2021-09-18,2025-03-19,17,2025-03-25,Cancelado,142
5828,2296,686203.52,2021-09-22,2027-03-13,20,2024-06-16,En Mora,0
5829,1637,164677.53,2023-04-17,2025-07-19,30,2025-03-30,En Mora,2
5830,2647,926372.35,2021-05-25,2022-02-06,3,2024-12-05,Activo,122
5831,2913,836358.11,2021-05-24,2022-11-05,25,2024-10-15,Activo,0
5832,1473,416979.59,2022-03-01,2027-03-12,32,2024-06-25,Activo,0
5833,2132,381040.17,2024-08-21,2026-02-04,32,2024-10-25,Activo,0
5834,2821,460653.65,2024-02-12,2024-05-03,19,2025-04-14,Cancelado,170
5835,1245,431195.27,2024-10-27,2025-03-12,7,2024-08-10,Activo,0
5836,2099,295148.26,2022-01-08,2024-01-24,35,2024-10-17,Activo,0
5837,2598,991303.96,2022-10-19,2023-12-31,7,2024-06-01,Activo,0
5838,2819,820019.13,2021-04-01,2022-12-11,30,2024-07-14,Activo,0
5839,981,304527.1,2020-10-24,2021-01-09,21,2024-12-27,Activo,95
5840,1211,982638.56,2023-03-19,2026-09-13,18,2024-12-22,Activo,115
5841,1549,64753.63,2021-07-03,2027-04-28,19,2025-04-04,En Mora,0
5842,2513,466002.75,2023-10-11,2025-11-28,22,2025-06-01,Activo,0
5843,419,591010.94,2021-09-23,2023-06-25,23,2024-10-19,Activo,0
5844,2135,85707.29,2024-09-20,2025-01-03,23,2025-02-27,Activo,0
5845,259,202985.33,2022-11-09,2024-08-16,35,2025-01-19,Activo,0
5846,2359,295224.53,2024-05-21,2024-12-06,8,2025-04-18,En Mora,35
5847,2221,734215.7,2021-06-06,2024-10-24,15,2024-10-29,Cancelado,0
5848,1520,942756.35,2020-12-06,2023-04-22,26,2025-03-25,Activo,0
5849,1269,643308.33,2025-02-11,2026-08-24,12,2025-05-08,En Mora,0
5850,940,584528.51,2022-04-18,2025-04-22,1,2024-12-14,Cancelado,0
5851,2553,559921.16,2024-12-03,2024-12-31,11,2025-01-15,Activo,0
5852,2377,383168.47,2023-04-10,2024-02-06,32,2025-03-18,Activo,119
5853,196,836328.63,2022-07-26,2025-08-22,22,2025-04-24,Activo,0
5854,62,563729.07,2020-07-23,2021-09-16,13,2025-02-27,En Mora,11
5855,562,268598.02,2021-02-25,2024-02-26,29,2025-05-07,Activo,117
5856,2945,179989.65,2024-03-05,2026-11-12,33,2024-09-28,Activo,94
5857,2892,986236.89,2020-07-29,2023-01-21,8,2024-08-21,Activo,0
5858,40,66599.55,2021-03-30,2024-05-27,14,2024-09-22,En Mora,0
5859,1768,936768.03,2020-08-27,2023-10-23,23,2025-01-11,Activo,0
5860,2776,257388.14,2021-11-14,2023-07-17,24,2025-03-19,Cancelado,0
5861,2038,674672.06,2020-06-19,2022-04-18,35,2025-05-24,Activo,0
5862,2505,336455.9,2025-04-20,2026-06-15,31,2024-06-15,Cancelado,0
5863,2926,866819.89,2020-08-28,2024-08-16,20,2025-05-10,Activo,0
5864,1876,566273.06,2022-10-15,2026-04-03,5,2024-12-05,Cancelado,22
5865,788,184004.87,2024-08-13,2025-12-13,24,2025-01-02,Cancelado,0
5866,1877,306343.25,2022-05-06,2025-06-30,1,2024-08-25,Activo,0
5867,2,354302.64,2024-02-14,2026-08-03,30,2024-07-10,Activo,0
5868,1493,891626.25,2021-03-31,2024-08-08,29,2024-08-27,En Mora,0
5869,1130,778401.5,2020-09-10,2023-06-05,14,2024-08-05,Activo,0
5870,2264,838107.95,2022-03-01,2023-07-14,17,2024-10-30,Cancelado,0
5871,777,99639.58,2022-03-24,2026-09-19,31,2025-01-02,Activo,0
5872,2727,599843.1,2024-01-04,2026-02-25,13,2025-01-15,Activo,172
5873,1783,999218.08,2023-07-31,2025-03-09,17,2024-10-07,Activo,73
5874,414,795939.66,2025-01-27,2026-12-06,34,2024-08-19,Activo,61
5875,210,164672.3,2023-07-07,2025-04-15,21,2024-12-01,Activo,86
5876,1964,694877.26,2024-12-28,2026-02-18,13,2025-05-27,En Mora,99
5877,2091,758057.63,2023-04-07,2025-12-22,13,2025-02-19,En Mora,0
5878,2186,538535.94,2022-05-29,2027-01-25,33,2025-01-25,Cancelado,0
5879,1645,124815.49,2021-08-30,2023-02-21,21,2024-07-08,Activo,0
5880,1584,82951.92,2022-10-10,2024-06-12,15,2024-09-23,Cancelado,71
5881,2686,940919.21,2024-07-07,2025-02-05,15,2024-07-02,Activo,59
5882,2517,294638.27,2020-09-24,2022-09-05,15,2025-02-08,Activo,0
5883,726,410019.72,2023-06-27,2025-03-16,17,2024-12-30,Activo,149
5884,1413,805513.66,2021-05-03,2026-09-03,22,2025-03-02,Cancelado,0
5885,1222,704797.71,2023-07-19,2025-06-13,17,2025-01-12,En Mora,0
5886,2250,970137.42,2020-09-17,2022-09-20,21,2024-07-04,Activo,0
5887,2240,138197.24,2021-11-23,2024-10-15,29,2024-12-22,Activo,0
5888,107,721573.6,2022-11-16,2025-06-19,17,2024-06-07,Activo,0
5889,327,128117.41,2021-10-22,2022-09-19,17,2024-06-14,Activo,0
5890,2798,50157.22,2024-04-11,2026-05-10,0,2024-09-30,Activo,0
5891,644,164218.71,2024-03-12,2025-10-30,14,2024-12-06,Activo,0
5892,357,635889.56,2025-01-09,2025-10-02,4,2025-03-25,Activo,63
5893,2643,692383.11,2024-09-15,2026-06-22,26,2024-12-06,En Mora,0
5894,2549,466422.88,2025-01-09,2026-03-20,16,2024-09-27,Activo,0
5895,1308,93767.17,2022-10-09,2022-10-23,31,2024-07-20,Activo,32
5896,2516,652356.42,2024-02-27,2026-04-10,25,2024-07-12,Activo,0
5897,508,131526.6,2023-01-30,2025-08-18,1,2024-09-22,Activo,0
5898,2154,184640.02,2022-11-29,2025-11-02,27,2025-01-16,En Mora,0
5899,1090,536946.9,2024-04-14,2024-08-06,22,2025-05-08,En Mora,0
5900,195,373354.61,2023-05-26,2025-02-19,19,2025-01-06,Activo,61
5901,1212,491516.23,2023-04-02,2024-08-23,35,2025-02-19,Activo,0
5902,47,653323.06,2022-05-31,2026-07-12,21,2025-03-28,Cancelado,0
5903,1386,202006.68,2021-06-01,2024-10-21,10,2024-11-14,Cancelado,0
5904,2585,898432.4,2023-04-27,2026-12-13,27,2024-09-10,Activo,109
5905,1602,581506.06,2023-09-26,2025-01-05,21,2024-06-09,En Mora,0
5906,1511,70988.61,2024-04-14,2025-02-09,16,2024-06-14,Cancelado,94
5907,847,647030.2,2024-06-18,2027-01-21,30,2024-07-15,Activo,0
5908,1603,490019.99,2020-09-20,2025-03-01,10,2024-09-29,Cancelado,0
5909,709,716557.16,2023-11-19,2024-03-10,35,2024-08-15,Activo,8
5910,808,794831.94,2022-03-03,2023-10-22,13,2024-06-26,Activo,0
5911,2660,941902.61,2024-10-17,2026-04-21,34,2025-05-07,Activo,0
5912,115,998428.5,2020-09-23,2025-10-21,22,2025-03-02,Activo,0
5913,2728,572136.14,2021-09-11,2023-06-27,28,2024-08-09,Cancelado,45
5914,631,583432.94,2021-11-27,2025-08-14,22,2024-06-12,Activo,0
5915,2267,71322.99,2022-04-18,2026-07-11,35,2024-08-10,Activo,0
5916,197,871911.95,2021-11-02,2023-10-23,15,2024-07-19,Activo,0
5917,401,77282.09,2023-08-10,2026-09-03,19,2024-06-13,Refinanciado,66
5918,2797,651031.57,2025-02-02,2025-06-07,24,2025-01-08,Activo,0
5919,2729,143648.13,2021-02-09,2021-03-09,18,2024-07-10,Activo,0
5920,2040,321546.67,2021-12-29,2023-01-18,25,2024-09-23,Activo,0
5921,76,183313.08,2022-04-22,2025-09-15,31,2025-04-07,Cancelado,25
5922,1450,180524.57,2022-11-13,2023-12-06,20,2025-05-13,Activo,151
5923,287,120870.93,2024-08-02,2027-03-09,8,2025-03-26,Activo,0
5924,1569,351987.88,2023-11-16,2026-09-25,18,2025-03-31,Activo,0
5925,1323,452468.78,2025-05-02,2026-11-16,20,2024-10-06,Activo,120
5926,861,491249.53,2023-04-13,2026-05-26,17,2025-05-11,Activo,57
5927,742,467722.64,2022-12-04,2027-01-06,5,2024-11-19,Cancelado,157
5928,1731,547507.43,2023-05-14,2026-12-16,34,2025-05-26,Cancelado,0
5929,2342,866797.58,2024-02-25,2026-12-12,13,2025-01-30,Refinanciado,0
5930,809,650206.78,2025-03-13,2026-04-24,8,2025-03-02,Activo,0
5931,2934,66421.39,2025-03-11,2026-09-24,34,2025-03-23,Activo,0
5932,1960,214304.66,2023-03-02,2026-06-13,1,2024-06-28,Activo,128
5933,414,381502.33,2022-01-16,2023-12-17,5,2024-09-03,Activo,0
5934,431,951591.52,2021-03-31,2021-11-02,34,2024-06-29,Cancelado,117
5935,1814,124175.43,2021-01-05,2024-03-04,24,2025-04-15,Refinanciado,0
5936,1254,724613.3,2023-01-10,2024-02-16,8,2024-12-20,Cancelado,0
5937,1919,81438.48,2021-05-14,2021-10-25,30,2024-11-06,Activo,0
5938,2219,394410.31,2021-03-11,2022-04-03,6,2025-04-05,En Mora,0
5939,1341,781641.33,2024-07-30,2025-11-30,27,2025-01-30,Activo,62
5940,544,376732.87,2021-09-08,2024-04-05,1,2024-08-01,Cancelado,0
5941,1515,458767.96,2023-01-30,2024-12-22,0,2025-04-07,Activo,46
5942,1412,910039.3,2023-10-01,2025-11-04,23,2025-03-24,Activo,0
5943,72,112860.64,2025-02-20,2027-04-24,34,2024-06-08,Activo,0
5944,1023,551279.21,2023-12-11,2024-06-02,6,2024-12-27,Cancelado,0
5945,532,397925.68,2021-12-18,2026-01-18,28,2024-06-24,Activo,14
5946,2287,965621.09,2024-06-26,2025-08-07,0,2024-11-07,Activo,91
5947,2759,804005.34,2024-12-09,2026-04-23,29,2024-06-26,Refinanciado,43
5948,577,165972.94,2023-12-20,2026-03-09,31,2024-11-05,Activo,0
5949,1113,931039.27,2020-08-20,2026-09-28,9,2025-01-23,Activo,0
5950,1946,250652.63,2024-03-15,2026-02-18,33,2024-10-12,Activo,0
5951,713,130576.76,2020-06-26,2021-03-15,10,2024-12-31,Activo,3
5952,1559,564513.62,2025-01-07,2026-02-19,26,2024-06-12,Activo,0
5953,642,749799.99,2021-10-26,2023-04-27,9,2024-08-01,Activo,39
5954,2638,730248.35,2025-04-24,2025-09-14,21,2025-02-04,Activo,0
5955,2238,557353.27,2024-09-08,2026-08-18,23,2024-08-21,Activo,0
5956,812,518100.6,2024-01-04,2025-06-01,7,2024-12-24,Activo,107
5957,1015,971066.7,2022-05-22,2026-10-26,5,2024-10-26,Activo,0
5958,2673,829530.9,2023-01-14,2024-02-29,3,2024-11-02,Cancelado,0
5959,1363,713708.04,2023-09-28,2024-05-10,4,2024-11-18,Cancelado,55
5960,2022,235450.89,2022-02-13,2026-05-08,5,2024-10-19,En Mora,0
5961,2677,828782.16,2023-02-27,2025-05-12,31,2024-08-13,Cancelado,0
5962,1541,762291.71,2022-03-24,2026-10-18,19,2024-11-11,En Mora,45
5963,2937,992425.27,2023-03-27,2023-09-14,35,2024-09-29,Cancelado,154
5964,1862,176345.35,2023-06-19,2025-06-05,13,2024-09-12,En Mora,50
5965,784,729530.63,2020-09-23,2026-05-22,18,2024-08-12,Activo,0
5966,671,980129.03,2025-05-25,2026-03-08,10,2024-12-12,Cancelado,81
5967,2770,489463.38,2021-11-22,2025-07-04,0,2024-09-28,Activo,0
5968,2574,746739.92,2020-11-10,2022-06-20,34,2024-08-19,Activo,50
5969,2585,976602.12,2020-10-18,2027-04-07,18,2024-06-26,En Mora,0
5970,847,570110.65,2021-12-05,2025-01-16,32,2024-08-07,Cancelado,0
5971,1242,714089.51,2023-07-10,2023-08-05,31,2024-06-19,Activo,121
5972,1278,69080.57,2024-09-27,2025-08-28,35,2024-11-14,Activo,126
5973,1385,543681.85,2023-10-04,2024-06-12,23,2024-10-18,Activo,0
5974,1765,293010.39,2021-04-23,2023-05-01,6,2024-07-23,Cancelado,0
5975,2962,174682.41,2024-10-18,2027-01-28,6,2025-05-20,En Mora,137
5976,178,723168.18,2024-11-11,2026-03-30,4,2025-04-16,Activo,0
5977,276,87135.01,2024-07-06,2026-12-02,13,2024-07-13,En Mora,0
5978,2360,909621.89,2023-05-31,2025-01-27,25,2024-12-07,Activo,0
5979,1666,541884.98,2021-05-04,2025-09-14,0,2025-01-24,Activo,0
5980,791,665818.61,2024-03-19,2026-04-30,12,2024-07-13,En Mora,0
5981,1677,290763.06,2022-10-04,2027-04-03,22,2024-11-08,Activo,170
5982,1425,223083.37,2021-05-09,2021-11-14,19,2024-11-25,Activo,0
5983,1241,281565.94,2025-03-22,2026-06-29,6,2025-05-04,Activo,0
5984,2746,270678.34,2022-03-11,2025-11-24,5,2024-11-22,Cancelado,0
5985,27,871276.55,2023-06-01,2027-01-29,8,2025-04-16,Activo,0
5986,2961,797972.43,2020-07-06,2026-07-23,27,2025-04-02,Activo,0
5987,2470,860099.71,2023-03-31,2026-05-08,9,2024-09-11,Activo,124
5988,2549,748128.44,2022-05-24,2025-05-29,34,2025-01-05,Activo,0
5989,2956,661372.84,2021-12-27,2023-08-01,6,2025-02-21,Cancelado,145
5990,2373,551480.96,2025-03-23,2025-05-08,24,2024-08-27,Refinanciado,0
5991,1348,302207.74,2020-11-30,2026-10-03,29,2025-03-14,Activo,0
5992,1591,720094.81,2025-04-18,2026-05-20,25,2024-10-10,Cancelado,0
5993,1727,179755.18,2021-01-11,2021-01-27,11,2025-05-11,En Mora,0
5994,285,535508.47,2022-03-24,2023-11-26,12,2025-03-03,Activo,0
5995,1113,235511.03,2024-02-11,2026-08-22,3,2025-01-15,Refinanciado,0
5996,1069,529521.34,2024-10-22,2024-11-26,0,2025-01-09,Activo,0
5997,2546,329212.04,2021-01-04,2021-07-24,5,2024-09-09,Activo,0
5998,912,100805.69,2022-01-30,2022-07-01,1,2025-05-17,Cancelado,32
5999,1815,528523.56,2022-07-04,2026-08-16,26,2025-01-27,Activo,0
6000,2193,222738.7,2025-04-02,2025-11-06,17,2025-05-09,Cancelado,0
6001,2996,203097.28,2025-05-13,2026-09-08,28,2024-12-21,Activo,0
6002,82,415147.6,2022-12-18,2024-09-22,32,2024-07-02,Activo,100
6003,980,393697.8,2021-05-30,2024-11-04,2,2024-06-08,Activo,0
6004,1191,873609.97,2022-05-13,2027-02-21,19,2024-09-08,Activo,0
6005,1773,586405.17,2025-05-12,2026-07-03,3,2024-08-04,En Mora,0
6006,1826,861839.06,2024-03-16,2024-08-26,17,2025-04-04,Activo,0
6007,2536,189493.87,2024-08-12,2026-01-29,7,2024-07-04,En Mora,0
6008,1774,389444.76,2024-07-20,2025-07-08,21,2025-01-05,Activo,0
6009,1334,577563.14,2023-06-26,2023-07-03,21,2024-11-29,Cancelado,0
6010,2008,195471.67,2024-08-12,2025-12-27,18,2024-09-05,Cancelado,0
6011,82,171654.21,2022-07-21,2025-06-29,27,2024-07-13,Activo,45
6012,94,678331.52,2024-05-12,2026-07-20,1,2024-09-19,Refinanciado,30
6013,1345,671142.27,2021-06-19,2025-04-01,8,2024-07-28,Activo,0
6014,343,272450.73,2022-12-02,2027-04-22,34,2024-11-21,Activo,0
6015,2845,265767.38,2020-09-12,2023-12-19,21,2024-08-14,Activo,0
6016,2409,758173.49,2023-10-01,2024-06-04,25,2025-01-02,Activo,5
6017,1855,161138.45,2023-06-07,2026-08-26,33,2025-05-15,Activo,0
6018,1090,927100.32,2024-05-31,2027-05-11,6,2024-12-26,Cancelado,0
6019,624,946551.59,2021-06-10,2024-04-23,29,2025-01-22,Cancelado,0
6020,868,877442.71,2022-09-23,2026-11-09,24,2024-10-26,Activo,0
6021,2477,250143.43,2024-09-11,2025-12-01,8,2025-06-01,En Mora,0
6022,171,65961.66,2024-01-21,2024-12-11,26,2024-10-07,Activo,0
6023,1783,939856.3,2021-09-10,2024-03-23,0,2024-09-21,Activo,0
6024,578,376773.24,2021-07-31,2025-05-12,32,2024-09-10,En Mora,0
6025,68,344889.75,2023-01-26,2023-07-21,7,2024-12-16,Activo,27
6026,1516,298593.7,2024-06-03,2025-04-17,31,2025-03-08,En Mora,0
6027,1058,282309.36,2023-05-22,2023-10-04,18,2024-11-27,Activo,0
6028,1,747825.63,2023-11-28,2024-12-25,35,2024-06-09,En Mora,0
6029,2199,912498.95,2022-10-01,2023-11-11,21,2024-11-16,Cancelado,0
6030,902,796753.55,2024-01-06,2024-11-13,25,2025-03-04,Activo,0
6031,1808,690402.57,2021-12-03,2022-06-30,2,2024-11-06,Activo,0
6032,2306,323369.68,2023-10-22,2023-11-12,8,2024-06-11,Activo,54
6033,750,569615.3,2020-11-26,2021-05-08,34,2024-09-14,Activo,0
6034,2676,275118.81,2022-02-20,2026-04-01,6,2025-02-09,Activo,46
6035,795,155931.75,2023-08-08,2025-07-11,14,2024-07-07,Activo,0
6036,2067,164278.31,2023-12-22,2027-04-03,3,2025-04-27,Cancelado,86
6037,1820,623580.65,2021-03-04,2022-03-29,27,2024-08-14,Activo,0
6038,2083,86555.68,2023-10-18,2027-05-10,8,2024-08-20,Activo,72
6039,371,974591.77,2023-01-30,2026-02-16,34,2024-07-20,Activo,0
6040,2539,995693.14,2023-12-12,2026-09-03,24,2024-08-07,Activo,28
6041,2865,191953.46,2022-07-06,2023-06-14,8,2025-03-14,Refinanciado,0
6042,2055,455937.29,2021-10-18,2022-12-01,32,2025-02-02,Cancelado,0
6043,2597,779672.22,2021-05-06,2022-08-23,16,2025-03-14,Activo,20
6044,371,957313.49,2025-02-02,2026-03-16,11,2024-06-28,En Mora,0
6045,1689,896755.12,2021-05-31,2024-02-10,8,2025-01-15,En Mora,0
6046,757,292017.42,2023-06-28,2026-08-13,4,2025-05-10,En Mora,67
6047,1139,130937.09,2022-03-20,2027-03-20,25,2024-06-08,Activo,0
6048,1361,324292.89,2025-01-25,2026-08-27,18,2025-01-19,Cancelado,0
6049,2622,465375.57,2021-11-08,2023-09-18,34,2024-12-07,Cancelado,74
6050,2729,391941.4,2024-04-09,2025-04-22,1,2025-01-12,Activo,87
6051,1166,785175.67,2022-12-08,2025-11-23,6,2024-09-17,Activo,0
6052,1509,294898.49,2022-05-10,2027-02-27,8,2024-11-28,Activo,90
6053,1462,865705.26,2023-12-09,2026-07-05,21,2024-10-31,Activo,0
6054,2136,264352.71,2022-12-24,2027-03-04,32,2025-05-30,Cancelado,93
6055,463,393284.44,2023-08-06,2026-10-18,15,2025-01-13,En Mora,0
6056,481,475418.61,2020-06-01,2026-12-18,23,2025-04-12,Activo,0
6057,823,326657.24,2024-07-07,2026-07-09,7,2024-12-31,Activo,0
6058,524,778053.63,2024-02-10,2024-08-01,29,2024-10-05,Activo,19
6059,2259,439069.85,2022-09-21,2026-05-16,25,2024-11-29,Activo,0
6060,244,892674.48,2024-05-21,2025-05-07,34,2025-03-14,Activo,87
6061,239,965409.23,2022-06-29,2022-12-18,16,2024-12-03,Cancelado,0
6062,1221,866816.79,2021-10-21,2024-02-28,9,2024-07-21,Cancelado,81
6063,769,546493.91,2023-08-02,2026-10-16,16,2024-07-14,Cancelado,0
6064,235,534317.98,2022-12-05,2026-09-08,6,2025-05-02,En Mora,28
6065,2235,255079.01,2020-09-20,2022-04-27,1,2025-01-21,Cancelado,29
6066,2761,612663.78,2022-12-05,2024-08-15,10,2025-03-05,En Mora,0
6067,497,955089.44,2023-04-25,2023-04-28,2,2024-08-11,Cancelado,0
6068,1520,126576.2,2020-06-30,2026-02-28,19,2025-01-08,En Mora,104
6069,1904,764834.54,2022-11-14,2023-03-26,12,2024-07-24,Cancelado,107
6070,2235,876062.58,2023-06-23,2024-05-02,22,2024-09-05,Activo,0
6071,1635,987368.31,2020-10-26,2022-05-09,16,2024-08-19,Cancelado,0
6072,936,368019.83,2022-10-23,2025-12-20,28,2025-01-30,Activo,0
6073,1269,387795.44,2021-07-09,2022-08-25,31,2025-05-15,Activo,47
6074,2361,268286.48,2024-09-26,2024-12-06,34,2025-01-19,Activo,0
6075,819,799610.44,2023-10-29,2026-02-28,34,2024-11-13,Activo,0
6076,22,183037.62,2024-04-16,2027-04-30,33,2024-11-24,Activo,47
6077,2116,304378.61,2020-12-14,2024-03-14,20,2025-05-23,En Mora,0
6078,2440,330499.24,2020-12-19,2023-03-10,15,2024-11-23,Activo,0
6079,1089,406184.09,2021-07-30,2023-09-17,22,2024-08-07,En Mora,72
6080,1828,450581.66,2023-12-14,2024-05-20,10,2024-10-16,Refinanciado,34
6081,1991,581073.72,2022-03-26,2023-09-04,13,2024-09-01,Cancelado,66
6082,729,950954.66,2023-04-05,2025-07-17,2,2025-04-18,Activo,0
6083,2589,284915.76,2020-09-19,2024-10-07,6,2025-04-02,En Mora,0
6084,2616,790259.56,2022-02-18,2022-08-20,10,2024-07-08,Activo,0
6085,1874,692570.77,2021-05-05,2025-02-20,32,2025-04-13,Activo,158
6086,2948,160247.72,2025-03-24,2026-02-01,18,2024-08-20,Activo,0
6087,212,819857.91,2020-10-30,2021-02-03,22,2024-06-27,Refinanciado,0
6088,1774,136081.19,2023-02-26,2023-09-25,22,2025-02-17,En Mora,40
6089,200,751979.92,2021-07-19,2025-07-11,28,2025-05-22,En Mora,0
6090,987,729997.41,2023-10-16,2025-03-26,5,2024-10-05,Activo,35
6091,178,704931.77,2023-07-28,2027-01-25,4,2024-11-03,Activo,0
6092,1447,312857.73,2023-02-07,2026-06-20,31,2024-07-26,Refinanciado,0
6093,931,594698.64,2021-01-16,2021-08-21,25,2024-07-13,Activo,0
6094,2037,773498.9,2020-10-21,2022-11-08,13,2025-03-08,Activo,0
6095,1486,655712.35,2024-09-16,2026-10-19,17,2024-08-05,Activo,0
6096,2092,814090.43,2021-08-18,2024-09-10,20,2024-07-06,Activo,125
6097,1455,703488.25,2022-06-21,2024-11-01,24,2025-02-22,Activo,0
6098,168,310727.39,2023-10-15,2023-12-14,19,2024-11-12,Activo,146
6099,2335,195403.72,2025-01-24,2025-07-06,23,2024-10-27,Refinanciado,145
6100,2757,650380.04,2022-11-02,2025-11-09,2,2024-06-02,En Mora,0
6101,2385,771770.46,2025-02-26,2026-11-06,21,2024-12-07,En Mora,0
6102,586,185206.8,2024-05-17,2025-11-18,7,2025-02-24,En Mora,174
6103,1916,216079.43,2022-08-17,2026-05-04,28,2024-12-19,Cancelado,0
6104,2231,61465.88,2024-05-09,2025-01-26,6,2024-12-07,Cancelado,0
6105,16,555161.72,2020-09-06,2026-10-12,5,2025-05-20,Activo,0
6106,1604,565176.5,2021-01-09,2025-05-16,5,2024-11-19,Activo,66
6107,2935,525072.0,2024-01-04,2026-05-23,11,2025-01-21,Refinanciado,0
6108,837,350209.52,2025-01-25,2026-06-08,21,2024-11-05,En Mora,0
6109,2158,456420.67,2020-11-04,2026-09-25,25,2024-09-26,Activo,0
6110,1577,777924.93,2022-02-28,2024-12-12,24,2024-09-16,Activo,0
6111,306,222707.04,2021-07-18,2024-06-08,18,2024-08-19,Refinanciado,0
6112,2054,241470.49,2024-12-12,2027-02-14,35,2025-02-03,Refinanciado,0
6113,2891,683629.35,2021-06-03,2025-06-02,34,2024-07-08,Activo,5
6114,1717,873555.83,2023-02-19,2025-09-08,12,2024-07-25,Cancelado,0
6115,361,373373.79,2025-02-04,2027-03-11,24,2024-07-29,Activo,0
6116,1209,936107.11,2020-06-24,2022-07-04,31,2025-02-09,Activo,56
6117,1859,104792.27,2022-06-28,2026-01-25,29,2025-03-17,Activo,0
6118,2704,162593.35,2023-07-24,2025-04-28,20,2024-06-21,Cancelado,0
6119,1972,486961.64,2025-05-15,2027-05-29,7,2024-07-22,En Mora,0
6120,1124,737310.97,2022-04-28,2023-05-29,6,2025-05-27,Activo,54
6121,1114,402295.12,2023-06-11,2026-11-24,2,2025-02-08,Activo,0
6122,984,577009.93,2020-07-16,2020-08-13,2,2025-05-02,Activo,168
6123,1270,77142.15,2024-02-03,2025-12-14,17,2024-08-20,Activo,108
6124,2772,488742.6,2024-09-16,2026-01-03,8,2025-01-14,Activo,0
6125,2163,280446.76,2021-05-24,2022-01-02,23,2025-05-15,En Mora,0
6126,2324,540550.4,2023-11-26,2025-04-09,6,2024-10-30,Activo,89
6127,2128,549541.55,2023-03-08,2026-06-27,32,2024-09-12,Cancelado,0
6128,179,765500.98,2020-09-21,2027-03-21,24,2024-10-15,Activo,0
6129,561,562849.55,2022-02-07,2025-09-06,33,2025-03-24,Cancelado,28
6130,2557,633555.71,2023-05-24,2025-10-18,20,2024-10-24,En Mora,0
6131,2308,553164.25,2021-04-21,2024-10-11,17,2024-12-23,Activo,0
6132,1810,990858.56,2022-07-15,2023-03-18,32,2025-03-09,Activo,0
6133,292,802038.39,2020-06-26,2023-09-09,27,2024-11-12,Activo,0
6134,2933,767862.78,2023-07-28,2023-10-22,24,2025-01-03,Cancelado,0
6135,291,645896.49,2025-04-27,2025-05-25,13,2024-08-02,Activo,0
6136,542,551952.16,2020-11-18,2026-05-31,19,2025-01-10,Activo,0
6137,1910,377519.28,2023-05-02,2025-10-02,19,2024-08-31,Refinanciado,0
6138,2812,794769.53,2023-11-13,2023-12-12,6,2024-11-02,Cancelado,0
6139,594,230128.71,2021-10-17,2024-08-29,3,2025-03-28,Activo,0
6140,1429,84721.45,2021-03-04,2025-11-24,30,2024-06-23,En Mora,0
6141,948,713263.44,2020-08-29,2021-11-19,29,2025-01-25,Activo,0
6142,2528,187609.11,2025-01-09,2026-09-03,20,2024-06-12,Activo,0
6143,1349,908634.78,2022-06-28,2025-06-26,0,2025-01-17,Activo,0
6144,381,782147.32,2020-11-24,2023-06-16,2,2025-02-11,Activo,0
6145,1705,622132.16,2022-06-29,2025-10-11,12,2025-05-17,En Mora,0
6146,310,348228.42,2020-10-07,2021-04-01,6,2025-01-31,Activo,0
6147,1694,656045.24,2020-07-31,2026-07-21,5,2024-06-21,Activo,130
6148,1499,503013.86,2024-01-02,2026-11-25,5,2024-11-11,En Mora,0
6149,2895,326591.04,2021-04-29,2024-12-15,33,2025-03-16,Activo,35
6150,2473,947825.03,2025-03-22,2027-04-19,31,2024-11-11,En Mora,0
6151,1166,203794.94,2024-11-25,2026-06-28,15,2024-10-03,Activo,0
6152,661,765714.56,2023-08-30,2027-01-03,7,2025-02-15,Activo,0
6153,2274,810036.64,2024-04-28,2026-04-13,20,2024-09-21,Activo,0
6154,1498,954204.88,2020-08-02,2022-05-19,10,2025-05-26,Activo,0
6155,2073,571945.61,2022-09-28,2025-01-07,22,2024-09-16,Activo,27
6156,2143,558131.4,2022-09-27,2025-05-27,5,2024-08-01,Activo,123
6157,2556,924274.75,2022-04-12,2026-04-03,14,2025-03-27,Activo,0
6158,565,811038.6,2024-05-08,2024-07-08,10,2024-07-30,Activo,151
6159,1606,775454.66,2021-08-16,2026-07-03,26,2024-06-07,Activo,0
6160,1200,799680.2,2025-01-18,2026-01-07,14,2025-03-27,Activo,0
6161,644,518522.04,2021-05-28,2022-10-29,3,2024-10-27,En Mora,78
6162,1432,89347.69,2022-09-17,2022-11-04,13,2024-10-14,Activo,0
6163,2538,238351.64,2024-06-21,2025-02-15,9,2024-11-26,Activo,0
6164,1951,660842.48,2020-08-06,2021-08-02,28,2024-08-18,Activo,0
6165,459,426357.62,2021-10-21,2026-09-27,11,2024-10-06,En Mora,0
6166,2949,626431.74,2021-04-14,2026-01-14,19,2025-01-26,En Mora,0
6167,338,574094.01,2020-06-11,2024-02-05,1,2024-10-06,Activo,0
6168,1355,466727.29,2021-05-29,2023-06-07,19,2024-07-06,Cancelado,0
6169,2014,272991.62,2025-04-05,2026-09-07,11,2024-11-27,Refinanciado,0
6170,345,733011.9,2024-01-06,2024-08-27,29,2025-02-22,Activo,0
6171,576,913592.87,2021-06-11,2025-09-19,17,2024-12-14,Activo,0
6172,1571,781465.53,2021-05-15,2022-10-25,9,2024-07-12,Activo,0
6173,1548,164036.32,2021-09-13,2025-07-14,6,2025-05-05,Cancelado,0
6174,943,561052.25,2024-06-26,2027-01-19,4,2024-07-06,Activo,0
6175,346,843597.87,2023-02-05,2026-04-07,28,2024-11-19,Activo,0
6176,325,611432.69,2022-05-09,2026-10-22,34,2025-03-30,Cancelado,134
6177,2515,467590.7,2023-03-12,2027-03-08,11,2025-01-17,Activo,0
6178,2139,320319.03,2022-05-30,2026-05-24,9,2024-09-22,En Mora,106
6179,294,363871.21,2022-03-01,2025-12-08,1,2024-11-28,Cancelado,36
6180,524,280048.99,2024-05-08,2025-08-24,2,2025-01-23,Cancelado,132
6181,2898,235940.13,2021-01-19,2021-05-01,13,2024-12-07,Activo,52
6182,259,609421.89,2025-01-17,2025-03-26,19,2025-05-04,Activo,76
6183,1111,533915.56,2024-05-13,2025-09-07,3,2025-03-23,En Mora,0
6184,1518,748091.43,2023-12-08,2025-02-18,25,2025-01-29,Activo,81
6185,2234,342533.06,2025-02-09,2027-05-27,14,2025-05-16,Activo,0
6186,2392,487782.88,2024-10-12,2026-11-06,8,2025-02-03,Activo,0
6187,821,696351.71,2023-08-05,2026-09-28,2,2025-01-09,Cancelado,0
6188,1893,965072.1,2024-08-27,2024-11-20,1,2024-09-30,Cancelado,0
6189,2789,381426.88,2024-03-02,2025-02-13,29,2025-01-07,Cancelado,0
6190,1540,333298.43,2025-01-29,2025-02-26,16,2024-12-21,Refinanciado,16
6191,569,476823.95,2024-02-21,2024-07-25,2,2024-08-22,Activo,0
6192,2998,737680.27,2024-05-23,2025-01-12,8,2025-02-17,Activo,0
6193,509,963472.78,2025-05-17,2025-05-30,7,2024-12-18,Activo,0
6194,1564,559709.51,2021-01-27,2022-11-24,8,2024-07-01,En Mora,0
6195,2064,821818.23,2020-09-02,2022-04-10,16,2025-05-19,Cancelado,0
6196,525,491179.82,2023-08-10,2025-09-24,23,2024-07-02,Activo,0
6197,2248,87864.27,2022-11-05,2027-01-24,7,2025-03-25,Activo,0
6198,1208,899500.74,2023-05-03,2026-09-20,13,2024-10-08,En Mora,0
6199,309,325384.19,2023-04-04,2025-04-30,15,2024-10-23,En Mora,0
6200,1840,181732.36,2024-04-09,2026-02-28,17,2024-07-15,Activo,70
6201,1384,996353.42,2025-05-30,2026-07-07,23,2024-10-24,Refinanciado,0
6202,2307,380029.05,2022-03-25,2027-03-20,26,2024-10-08,Activo,0
6203,1943,179711.36,2022-07-03,2025-10-01,27,2024-11-28,Activo,0
6204,1181,345965.07,2022-01-07,2025-06-02,6,2024-08-03,Activo,0
6205,2473,538145.75,2021-12-28,2025-11-05,33,2024-12-14,En Mora,0
6206,2827,133559.23,2022-05-25,2024-03-24,26,2025-01-14,Refinanciado,0
6207,1045,384989.79,2022-07-22,2024-12-26,33,2024-09-14,Cancelado,0
6208,2687,685413.6,2023-04-23,2026-11-11,18,2024-09-22,En Mora,0
6209,2968,920135.4,2024-03-15,2027-02-07,5,2024-10-20,Activo,0
6210,1012,427565.8,2020-12-30,2027-04-07,29,2024-11-22,Activo,0
6211,350,586336.03,2021-02-11,2022-08-01,27,2024-10-25,Refinanciado,118
6212,961,654259.09,2025-01-21,2026-11-02,11,2024-11-06,Activo,0
6213,438,117215.81,2020-06-15,2022-08-25,14,2024-06-03,Activo,3
6214,456,375113.79,2023-01-23,2027-04-19,14,2025-01-01,En Mora,0
6215,2672,700041.31,2025-05-03,2026-07-07,35,2025-03-27,Activo,0
6216,1570,748878.03,2023-03-07,2027-03-07,2,2024-07-23,Activo,0
6217,1104,388154.5,2021-08-09,2023-09-21,0,2024-09-08,Activo,0
6218,1476,56399.44,2024-11-06,2025-02-08,6,2025-04-27,Cancelado,0
6219,1619,56522.32,2023-10-12,2027-05-20,8,2024-11-24,Refinanciado,158
6220,1513,561214.02,2025-05-10,2027-05-13,0,2025-04-30,Activo,161
6221,643,573911.6,2020-09-13,2025-08-11,4,2025-02-09,Cancelado,129
6222,392,577933.46,2024-09-06,2027-04-21,35,2024-11-18,Activo,0
6223,2622,735665.41,2020-12-09,2024-09-17,9,2024-09-13,En Mora,0
6224,2081,925205.93,2025-01-26,2026-09-30,1,2024-07-04,Activo,0
6225,921,990661.7,2022-07-11,2024-03-12,22,2025-05-10,Cancelado,0
6226,1624,716013.42,2024-05-02,2027-02-20,28,2024-07-02,Cancelado,0
6227,1946,538298.78,2024-01-25,2025-12-06,18,2025-05-31,Activo,176
6228,2458,183945.06,2024-05-07,2025-04-26,19,2024-11-08,Cancelado,0
6229,1115,414966.42,2022-09-17,2024-01-07,11,2024-07-17,Activo,0
6230,413,593833.83,2022-11-21,2026-12-03,10,2025-01-14,Cancelado,0
6231,2347,999818.06,2024-08-07,2026-07-02,34,2024-07-25,Activo,0
6232,1789,170632.54,2024-07-09,2025-01-18,6,2025-03-17,Cancelado,0
6233,2121,803422.65,2022-02-06,2025-01-09,22,2024-12-06,Activo,0
6234,261,998993.19,2022-02-17,2022-12-17,16,2024-12-28,Activo,0
6235,2738,815026.72,2023-09-12,2027-02-02,1,2024-12-22,Cancelado,34
6236,2014,778786.95,2020-07-25,2026-10-17,4,2024-12-13,Cancelado,0
6237,1336,295747.08,2023-05-23,2024-06-11,20,2025-05-01,Cancelado,0
6238,959,53194.38,2025-01-02,2026-06-04,12,2025-01-16,Cancelado,0
6239,1849,264687.73,2022-06-16,2023-04-19,10,2024-08-18,Activo,48
6240,2039,800310.11,2022-08-01,2024-05-06,23,2025-03-10,Refinanciado,111
6241,2780,151917.14,2024-03-04,2026-02-02,32,2025-05-26,Cancelado,0
6242,2733,331312.46,2023-11-13,2026-12-25,26,2025-03-01,Activo,12
6243,1189,584380.01,2024-10-04,2026-08-26,34,2025-04-03,En Mora,0
6244,2888,600819.79,2023-06-02,2024-07-16,17,2024-11-24,Refinanciado,78
6245,335,565839.26,2024-12-10,2024-12-20,20,2024-11-08,Cancelado,114
6246,2780,981839.32,2023-06-27,2023-10-16,3,2024-07-25,Activo,30
6247,804,61671.32,2023-09-22,2025-05-01,31,2024-06-21,En Mora,0
6248,2438,513218.58,2020-07-20,2021-03-06,10,2025-03-17,Cancelado,0
6249,2808,529199.59,2023-10-30,2024-08-15,2,2025-02-01,Activo,0
6250,2931,328656.03,2021-11-20,2027-04-16,20,2025-01-09,Refinanciado,0
6251,972,548817.71,2022-03-26,2024-10-14,13,2025-04-06,Activo,0
6252,1095,689615.85,2023-02-20,2026-07-31,5,2025-05-11,Activo,0
6253,941,689118.11,2023-05-15,2025-10-17,28,2024-11-05,Activo,0
6254,903,133464.13,2024-03-15,2026-09-18,30,2024-10-29,Activo,82
6255,1269,812336.98,2024-02-04,2026-09-10,27,2024-06-15,Activo,99
6256,24,934174.34,2022-05-17,2026-09-30,35,2024-07-28,En Mora,68
6257,557,167431.27,2020-09-28,2025-03-13,27,2024-11-14,Activo,0
6258,2749,445808.27,2024-05-11,2025-07-12,18,2024-07-19,En Mora,0
6259,2451,536162.72,2020-12-11,2021-08-29,2,2025-02-16,Activo,0
6260,1397,178080.6,2023-12-18,2026-06-11,11,2024-09-26,Cancelado,0
6261,2489,528214.85,2024-08-12,2025-03-28,35,2024-11-18,Refinanciado,63
6262,1877,246515.89,2023-11-17,2026-12-14,23,2025-01-03,Activo,0
6263,1758,938592.91,2021-10-01,2022-01-12,11,2024-08-13,Cancelado,0
6264,882,476046.82,2020-06-28,2022-07-03,23,2025-02-15,Cancelado,9
6265,2974,995156.19,2023-04-21,2025-04-23,0,2025-04-10,En Mora,0
6266,1879,94185.59,2023-04-12,2023-12-04,27,2024-07-06,Activo,0
6267,1243,171201.71,2024-12-28,2025-03-17,15,2024-11-25,Activo,0
6268,2533,471050.26,2021-08-24,2024-07-06,20,2024-06-29,Cancelado,0
6269,1242,880641.32,2022-12-08,2026-06-14,29,2024-07-15,Activo,165
6270,2079,577464.5,2022-05-28,2025-07-26,33,2024-07-03,Activo,98
6271,2370,745726.06,2023-05-01,2023-08-05,25,2024-08-08,Activo,0
6272,1274,452385.0,2021-02-15,2024-03-07,34,2025-04-23,Activo,0
6273,566,88486.43,2020-10-31,2024-11-05,30,2025-03-03,En Mora,0
6274,2058,665421.93,2023-07-27,2025-12-07,15,2025-05-30,En Mora,164
6275,678,652301.38,2021-02-28,2024-04-24,28,2024-11-21,Activo,0
6276,851,117856.63,2023-12-19,2027-05-06,28,2024-07-09,Activo,154
6277,2975,212337.4,2023-10-10,2026-08-09,8,2025-04-22,Activo,0
6278,285,502348.01,2020-09-10,2025-06-17,13,2024-06-14,Activo,112
6279,2201,474305.71,2020-11-18,2026-02-01,7,2024-10-13,En Mora,78
6280,1553,764796.63,2021-01-11,2024-04-05,1,2025-03-01,Activo,109
6281,371,418042.48,2024-04-29,2025-09-28,10,2025-04-22,Activo,115
6282,2349,680135.23,2023-11-04,2025-06-02,1,2024-11-08,Cancelado,0
6283,1841,719202.36,2023-03-07,2025-12-12,17,2025-01-09,Cancelado,47
6284,1879,662753.67,2022-04-04,2025-05-15,4,2024-06-08,Activo,0
6285,2194,616319.29,2023-09-09,2025-04-11,6,2025-04-23,Activo,107
6286,1611,815399.31,2021-03-02,2025-02-06,22,2024-09-24,Activo,0
6287,2750,674251.62,2020-10-30,2021-10-16,18,2024-09-21,Activo,0
6288,141,842475.13,2024-07-18,2025-07-04,18,2024-09-11,Cancelado,16
6289,2132,654851.25,2024-03-04,2027-05-19,18,2025-01-21,Activo,0
6290,1130,201024.37,2024-09-25,2027-05-24,27,2025-01-31,Activo,72
6291,1628,343973.14,2023-06-30,2025-12-06,10,2024-06-13,Activo,0
6292,1379,363837.57,2021-02-16,2022-07-26,10,2025-02-17,Cancelado,0
6293,2069,139219.7,2022-05-28,2026-12-04,8,2024-07-20,Cancelado,0
6294,1245,707691.32,2025-03-22,2025-11-07,13,2024-07-18,Activo,82
6295,1111,615355.59,2020-08-13,2024-04-15,33,2025-03-20,En Mora,0
6296,1716,610267.18,2025-02-03,2025-02-23,28,2024-07-23,Activo,173
6297,453,504591.44,2022-05-05,2022-09-26,20,2024-06-01,Cancelado,0
6298,342,565968.4,2021-03-09,2026-12-12,4,2025-01-14,Activo,0
6299,393,57682.93,2021-01-21,2025-06-21,32,2024-07-20,Activo,0
6300,1376,141435.67,2025-02-03,2026-01-28,8,2024-11-24,Cancelado,0
6301,1270,699185.32,2020-09-25,2023-02-12,2,2025-01-20,Cancelado,0
6302,1710,298393.47,2021-08-25,2026-11-17,13,2025-02-02,Activo,0
6303,971,152515.96,2024-10-27,2025-02-17,17,2025-05-22,Activo,0
6304,1607,362222.5,2025-01-14,2025-09-10,11,2024-09-11,Cancelado,87
6305,2206,291758.42,2024-03-11,2026-02-12,22,2024-11-08,Cancelado,6
6306,2859,77903.84,2020-12-02,2023-02-02,13,2024-10-17,Cancelado,0
6307,699,440029.91,2022-02-08,2027-05-01,15,2024-06-21,Activo,0
6308,166,75677.74,2023-04-27,2026-07-28,19,2024-08-03,Cancelado,0
6309,2082,50371.31,2020-10-19,2023-06-26,19,2024-08-16,Activo,0
6310,255,802850.06,2024-09-27,2025-02-09,14,2025-03-31,Activo,0
6311,302,349223.05,2020-10-25,2024-09-01,24,2025-01-08,Activo,0
6312,2268,589207.07,2021-11-29,2025-10-22,16,2025-01-04,Activo,0
6313,935,332863.23,2020-06-06,2024-06-12,11,2024-09-09,En Mora,178
6314,2557,933522.51,2022-12-27,2023-06-15,6,2024-12-27,Activo,0
6315,1506,742722.17,2020-11-13,2022-03-20,7,2024-08-28,Activo,0
6316,1257,400711.74,2023-06-16,2024-08-14,23,2024-12-11,Activo,0
6317,953,250095.57,2023-07-17,2024-08-02,24,2024-08-11,Refinanciado,0
6318,2263,180916.06,2021-01-06,2025-12-21,20,2024-07-27,Activo,0
6319,245,774297.75,2022-03-29,2025-11-07,32,2025-01-12,Activo,0
6320,2068,480384.92,2021-10-31,2024-11-17,9,2025-05-15,En Mora,0
6321,210,270365.21,2023-06-10,2027-02-10,21,2025-03-17,Cancelado,0
6322,426,923644.77,2020-09-03,2024-04-03,18,2025-05-10,En Mora,0
6323,981,420591.58,2023-09-06,2024-08-10,28,2024-07-04,Refinanciado,0
6324,2120,566318.08,2021-11-22,2024-05-11,2,2025-04-24,Activo,80
6325,178,864909.23,2021-05-16,2025-10-16,3,2024-09-21,Activo,0
6326,1547,841706.31,2021-09-04,2022-11-14,30,2025-02-28,Cancelado,42
6327,1899,656055.95,2020-08-10,2024-11-07,5,2025-05-01,En Mora,0
6328,2035,894192.59,2022-02-14,2027-01-14,27,2024-10-29,Activo,0
6329,299,954493.25,2021-05-25,2023-11-15,9,2025-03-17,Activo,0
6330,2314,938358.43,2022-07-22,2024-07-07,11,2024-08-12,Refinanciado,0
6331,2568,381556.97,2021-03-10,2022-03-23,1,2024-07-20,Cancelado,151
6332,275,427312.54,2024-05-02,2025-07-25,2,2024-09-25,Activo,0
6333,1729,278478.67,2021-03-25,2021-12-25,0,2025-05-16,Activo,0
6334,1847,844988.35,2024-07-26,2025-09-05,34,2025-01-08,Cancelado,21
6335,2996,165733.38,2022-05-31,2022-11-30,23,2025-01-03,Activo,0
6336,1795,387329.2,2023-04-10,2026-10-04,33,2024-10-29,Activo,0
6337,53,59246.54,2025-01-11,2026-11-15,19,2024-06-30,Activo,37
6338,2860,614913.93,2023-05-21,2025-12-11,15,2024-08-01,Activo,0
6339,1846,675465.09,2025-04-11,2025-08-26,29,2025-01-13,Cancelado,104
6340,1424,286538.13,2025-02-27,2025-06-17,24,2024-07-30,Cancelado,0
6341,1438,749894.12,2022-02-16,2022-08-05,4,2024-09-20,Activo,0
6342,1628,412459.95,2024-06-05,2027-02-26,28,2025-03-08,Activo,150
6343,1948,346125.52,2025-04-14,2027-02-06,27,2025-02-21,Cancelado,102
6344,489,958357.15,2021-01-12,2023-07-07,22,2024-08-13,Activo,56
6345,2550,609257.84,2022-12-14,2023-08-14,31,2025-05-08,En Mora,0
6346,2355,289703.43,2021-10-08,2027-03-07,17,2025-03-06,Activo,0
6347,417,984080.04,2020-06-29,2020-09-17,34,2024-07-15,Activo,85
6348,2557,418172.16,2023-04-17,2024-05-08,23,2024-10-29,Activo,0
6349,921,665438.3,2020-11-16,2026-09-14,27,2024-12-07,Cancelado,112
6350,1554,737661.22,2024-06-22,2025-02-28,35,2024-10-03,Cancelado,40
6351,2686,451181.03,2021-02-20,2023-09-12,20,2025-03-01,Activo,62
6352,666,559120.95,2022-04-08,2023-03-19,4,2024-10-25,Activo,0
6353,6,277792.83,2022-06-15,2026-09-01,25,2024-11-29,Activo,0
6354,2470,492530.67,2023-06-07,2025-11-11,22,2024-12-08,Activo,17
6355,1475,345260.08,2020-10-29,2021-06-23,32,2024-06-01,Cancelado,166
6356,2438,570085.04,2022-11-20,2024-05-12,25,2024-12-09,Activo,95
6357,2382,686395.82,2023-02-26,2027-03-21,21,2025-01-23,Activo,85
6358,1472,633304.94,2024-09-27,2026-10-29,19,2024-08-30,Activo,0
6359,338,787880.92,2021-05-02,2026-10-02,1,2024-10-04,Activo,0
6360,2896,89453.53,2020-06-10,2026-10-14,17,2024-07-26,Cancelado,98
6361,269,124666.92,2021-01-18,2025-07-27,4,2025-05-17,En Mora,0
6362,2113,245048.4,2025-03-04,2025-04-23,31,2024-12-25,Activo,0
6363,2726,986512.41,2020-07-09,2024-09-19,10,2024-11-18,Activo,34
6364,1088,810254.65,2021-02-05,2022-10-01,20,2025-05-24,En Mora,11
6365,1294,927914.97,2021-01-12,2021-12-07,21,2025-02-24,Cancelado,0
6366,657,308485.83,2022-01-24,2026-01-02,2,2024-11-18,Cancelado,0
6367,1401,595163.67,2021-08-26,2023-12-14,8,2024-10-01,Activo,71
6368,1869,577140.56,2022-04-21,2025-05-14,1,2024-07-26,Activo,149
6369,2829,591043.0,2021-09-10,2023-08-10,27,2024-06-28,Activo,0
6370,2377,731688.59,2023-02-22,2025-11-24,33,2024-07-29,Activo,37
6371,2566,424281.03,2024-05-06,2027-01-04,9,2025-04-02,Activo,0
6372,1657,693349.84,2023-08-27,2025-12-09,18,2025-01-27,Refinanciado,0
6373,862,799015.19,2023-11-08,2026-04-26,28,2025-02-09,En Mora,119
6374,2469,324619.57,2020-10-10,2026-08-30,1,2025-05-05,En Mora,0
6375,1337,948456.04,2022-08-26,2027-02-26,5,2025-03-09,Activo,0
6376,2357,542145.61,2021-05-25,2025-01-15,6,2024-07-17,Activo,0
6377,2862,746124.57,2022-08-31,2024-02-10,35,2024-11-02,En Mora,0
6378,2894,742478.66,2024-11-25,2027-03-18,7,2024-08-29,Cancelado,0
6379,1668,586981.15,2020-12-17,2026-12-20,18,2024-06-13,Cancelado,0
6380,1826,356549.51,2023-02-08,2025-09-29,9,2025-03-25,En Mora,91
6381,1213,683592.49,2023-08-21,2024-08-26,32,2024-06-07,Activo,0
6382,2769,132920.63,2022-08-07,2026-01-22,26,2024-11-07,En Mora,22
6383,1066,982363.62,2021-03-02,2022-03-04,28,2025-05-21,Activo,0
6384,2638,224797.4,2024-12-03,2025-01-20,18,2024-07-27,En Mora,0
6385,320,311654.88,2023-01-30,2024-02-26,17,2024-12-29,Cancelado,122
6386,1681,956717.18,2021-05-25,2022-05-04,22,2024-07-15,En Mora,0
6387,445,227214.31,2022-07-12,2023-03-29,0,2025-05-08,Activo,0
6388,1398,211588.06,2021-02-28,2025-02-09,2,2024-12-09,En Mora,35
6389,286,814309.18,2024-04-10,2024-04-11,9,2024-07-13,En Mora,58
6390,2219,288723.76,2021-09-07,2022-11-11,6,2024-07-19,Activo,0
6391,2311,139990.26,2020-10-21,2026-06-24,25,2025-04-20,Cancelado,0
6392,2990,265310.88,2023-12-14,2026-12-12,15,2024-11-12,Activo,36
6393,1828,893954.91,2025-05-07,2027-04-08,31,2025-02-07,Activo,0
6394,2190,316303.23,2020-06-19,2021-11-07,11,2025-04-27,Cancelado,0
6395,1464,710307.49,2022-08-14,2027-01-11,7,2025-01-31,En Mora,0
6396,2676,425382.27,2025-03-23,2027-02-20,7,2024-06-10,Refinanciado,0
6397,593,299012.83,2023-05-29,2026-01-30,10,2024-07-05,Activo,59
6398,416,186845.04,2021-04-13,2023-07-22,32,2024-12-13,Activo,0
6399,2073,973582.14,2024-06-07,2026-07-15,24,2025-02-03,Activo,0
6400,2675,545059.77,2023-10-10,2025-05-31,16,2024-12-15,Refinanciado,0
6401,94,159017.24,2024-11-22,2025-03-23,30,2024-06-30,Cancelado,0
6402,2353,238873.28,2024-06-07,2024-12-25,18,2024-10-02,Activo,0
6403,2233,436932.22,2025-02-14,2025-12-03,14,2024-06-26,Activo,110
6404,2331,566962.0,2023-08-29,2024-11-06,34,2024-08-16,Activo,45
6405,1179,222706.96,2023-04-14,2024-07-01,1,2025-05-08,En Mora,109
6406,686,313841.94,2022-08-08,2027-05-19,33,2025-03-03,Activo,0
6407,863,794521.01,2023-01-23,2025-05-06,24,2024-12-11,Activo,0
6408,685,446607.52,2024-12-21,2027-04-20,3,2024-07-08,Activo,0
6409,2714,51332.25,2022-08-12,2026-03-24,15,2025-03-12,Cancelado,144
6410,1038,101243.27,2022-02-06,2022-08-16,31,2024-08-04,Activo,0
6411,2938,467362.02,2022-05-14,2023-12-06,14,2024-10-04,Cancelado,95
6412,2864,107111.85,2020-09-19,2024-06-04,13,2025-04-27,Activo,20
6413,341,215209.19,2021-04-28,2026-04-18,14,2024-06-15,Activo,79
6414,604,741482.62,2024-07-09,2027-05-08,6,2025-05-18,Activo,0
6415,1807,506364.63,2024-07-19,2027-05-14,6,2024-07-03,Activo,0
6416,734,508338.84,2021-07-28,2025-12-30,7,2024-06-08,Activo,14
6417,1497,618307.19,2023-05-20,2025-05-18,18,2024-11-08,Activo,0
6418,2867,799092.73,2024-07-01,2024-11-03,17,2024-11-29,Activo,81
6419,2955,200656.65,2024-11-25,2027-01-16,16,2025-05-30,Cancelado,172
6420,1132,214395.21,2021-10-02,2021-11-14,17,2025-02-26,Activo,0
6421,1355,165333.66,2020-10-15,2025-08-22,18,2024-08-06,En Mora,0
6422,540,939987.81,2023-07-22,2023-08-21,12,2025-03-18,Activo,33
6423,2487,598425.71,2022-03-29,2023-04-27,10,2025-04-05,Refinanciado,16
6424,1733,138008.4,2023-02-08,2024-02-25,6,2024-10-21,Refinanciado,0
6425,1736,259613.28,2024-09-09,2026-05-19,26,2025-01-20,Cancelado,85
6426,2714,739310.55,2022-05-06,2023-09-04,4,2024-08-01,Activo,0
6427,2432,77542.09,2024-03-23,2025-01-17,7,2025-05-14,Activo,0
6428,2630,739372.78,2022-06-16,2027-04-25,9,2025-01-08,Activo,0
6429,2208,915891.2,2022-08-28,2025-10-01,25,2024-10-16,Activo,0
6430,2480,103562.68,2022-11-04,2023-07-20,14,2024-07-01,Activo,173
6431,1420,227099.42,2022-12-29,2027-03-04,15,2024-08-19,Activo,123
6432,1990,52259.67,2022-02-06,2025-07-03,28,2025-01-20,Refinanciado,0
6433,615,153578.99,2023-04-21,2025-04-08,27,2024-06-22,Activo,95
6434,488,636141.94,2021-09-16,2024-08-11,9,2024-07-19,Activo,0
6435,1213,92576.91,2022-10-05,2026-06-04,3,2024-06-26,En Mora,0
6436,1442,454543.32,2025-02-22,2025-07-08,13,2024-10-31,Activo,111
6437,2391,528231.68,2021-12-27,2025-03-17,32,2024-10-20,Activo,0
6438,1385,911297.64,2024-06-15,2025-03-11,17,2024-09-18,Activo,0
6439,2157,500575.84,2025-03-19,2026-11-17,11,2024-07-07,Cancelado,110
6440,849,185418.24,2023-04-06,2023-12-16,9,2025-01-03,Cancelado,0
6441,301,324827.6,2025-02-09,2027-03-25,20,2025-01-14,Activo,0
6442,1392,688585.6,2025-02-13,2026-09-05,32,2024-11-23,Cancelado,0
6443,1340,156510.02,2021-01-17,2026-05-18,13,2025-03-22,Cancelado,174
6444,705,270155.63,2024-06-25,2025-09-25,8,2024-12-08,Activo,164
6445,269,995988.27,2023-07-30,2024-08-04,25,2025-03-16,Activo,0
6446,1525,55257.84,2020-08-07,2025-08-24,14,2024-08-25,Cancelado,91
6447,478,194574.15,2025-02-11,2027-03-25,20,2025-02-14,Activo,23
6448,176,851501.55,2022-03-02,2025-03-01,21,2024-07-17,Cancelado,0
6449,239,146312.92,2021-06-10,2024-04-12,4,2025-05-19,Activo,0
6450,2941,81958.96,2023-07-24,2025-02-23,15,2024-12-02,Activo,0
6451,1969,165246.69,2023-04-07,2026-05-11,34,2025-04-28,En Mora,0
6452,610,708917.33,2022-05-01,2026-10-12,4,2024-12-30,Cancelado,0
6453,2907,993455.01,2024-01-19,2026-05-07,25,2024-08-08,Activo,0
6454,1788,611103.79,2022-11-27,2024-10-25,25,2024-08-06,En Mora,178
6455,492,168100.46,2023-05-16,2024-07-29,4,2024-08-31,Activo,0
6456,2147,224589.83,2022-05-11,2027-02-05,35,2024-08-07,Refinanciado,16
6457,329,560797.91,2022-10-15,2026-02-04,23,2025-02-26,Activo,0
6458,445,729875.28,2020-12-02,2022-09-26,14,2024-11-19,Cancelado,0
6459,1690,679766.57,2024-09-09,2025-01-16,29,2025-05-21,En Mora,106
6460,998,595990.17,2022-12-24,2025-10-24,4,2025-02-26,Activo,0
6461,2343,986956.29,2023-08-29,2025-07-15,21,2025-03-29,Activo,130
6462,442,238132.25,2023-01-07,2026-09-07,32,2025-05-12,Activo,142
6463,795,214258.79,2021-06-22,2022-06-06,4,2024-06-01,En Mora,72
6464,1832,866108.15,2024-03-17,2026-01-19,31,2024-08-31,Activo,0
6465,891,326280.64,2021-12-10,2024-09-11,22,2024-10-14,Cancelado,159
6466,2079,365900.06,2022-04-08,2024-05-01,9,2025-05-24,Activo,0
6467,1155,571234.73,2022-05-13,2027-02-28,35,2025-02-15,Activo,139
6468,1752,412211.06,2022-03-29,2027-03-23,16,2025-03-14,Activo,0
6469,2486,323258.41,2024-12-19,2026-12-20,26,2024-09-11,Activo,0
6470,1350,921316.5,2023-03-10,2026-08-28,7,2024-12-14,En Mora,13
6471,2334,172810.5,2020-06-13,2027-04-24,5,2024-08-27,Activo,0
6472,291,434075.29,2022-07-07,2023-10-25,6,2025-01-16,Cancelado,57
6473,368,52818.71,2024-08-29,2025-11-03,25,2025-05-29,Activo,0
6474,486,817080.98,2020-09-19,2022-12-31,16,2024-12-10,Activo,0
6475,2603,209997.9,2024-11-14,2027-05-13,22,2024-06-06,Activo,0
6476,168,784340.5,2024-09-01,2026-02-14,26,2025-01-27,Activo,0
6477,1885,191172.96,2023-01-27,2023-10-09,18,2024-09-17,En Mora,0
6478,1791,445901.91,2023-01-17,2024-10-19,26,2024-06-17,Cancelado,0
6479,2819,741775.69,2023-08-11,2027-05-22,24,2024-07-21,Activo,0
6480,78,307268.36,2024-01-30,2025-10-24,24,2024-12-17,Activo,0
6481,2899,348221.27,2022-03-14,2026-09-10,20,2024-08-14,Activo,0
6482,1109,683956.37,2021-11-07,2025-06-23,24,2025-02-19,Activo,0
6483,892,228315.93,2021-01-15,2021-09-27,6,2024-07-23,Activo,94
6484,661,954195.16,2020-12-07,2022-03-24,34,2025-04-16,Activo,97
6485,1225,229348.3,2021-09-21,2026-02-01,5,2024-10-07,Activo,173
6486,589,762495.69,2022-01-23,2024-08-24,14,2025-04-24,Activo,0
6487,2810,812468.93,2021-03-05,2025-06-20,23,2024-07-08,Cancelado,0
6488,565,405651.92,2025-02-08,2026-09-14,3,2024-12-23,Activo,0
6489,2860,198427.18,2020-09-21,2024-01-08,6,2025-01-21,Activo,118
6490,302,207608.34,2021-09-25,2021-12-20,29,2025-05-21,En Mora,0
6491,2341,986177.85,2021-07-01,2021-10-15,16,2024-09-29,Activo,0
6492,294,739139.44,2025-02-23,2025-05-05,29,2024-06-02,Activo,44
6493,109,477545.06,2021-06-15,2024-11-24,8,2025-04-15,En Mora,8
6494,2413,294482.3,2021-07-19,2023-09-12,18,2024-12-05,Cancelado,9
6495,2648,67964.62,2021-07-31,2024-08-04,12,2025-02-16,Activo,0
6496,2726,686940.66,2025-04-25,2026-04-25,18,2024-09-10,Activo,0
6497,1518,959070.53,2025-01-14,2025-05-03,5,2025-05-10,Activo,0
6498,2141,151501.05,2020-08-06,2027-01-03,11,2024-07-04,Activo,0
6499,1709,766766.68,2022-12-30,2025-06-03,14,2024-11-13,Cancelado,0
6500,428,195575.04,2020-10-17,2022-03-23,2,2025-05-11,Cancelado,0
6501,638,802499.92,2023-04-10,2023-08-04,3,2025-05-15,Activo,0
6502,2416,402044.2,2023-03-16,2024-05-24,5,2025-03-03,Activo,93
6503,105,726458.5,2022-07-05,2025-05-10,27,2024-10-29,Cancelado,0
6504,2257,929968.28,2020-09-10,2023-01-31,7,2025-04-04,Activo,136
6505,2522,639132.24,2022-06-10,2023-04-18,30,2025-04-26,Cancelado,56
6506,1085,924664.07,2022-10-13,2023-02-11,20,2025-04-12,Activo,97
6507,12,273273.16,2025-01-27,2027-03-10,28,2024-06-04,Activo,0
6508,2514,979227.12,2023-12-10,2024-12-02,14,2025-03-29,Activo,0
6509,649,879205.67,2020-07-09,2024-03-16,23,2025-05-28,Activo,0
6510,875,152194.67,2024-02-20,2025-05-15,20,2024-12-12,Activo,0
6511,2434,442862.76,2024-08-21,2025-05-09,22,2024-06-20,Cancelado,0
6512,884,930678.05,2025-04-02,2025-11-22,30,2025-02-12,Activo,0
6513,555,124209.6,2024-09-09,2026-01-30,33,2024-08-08,Activo,28
6514,1460,481074.62,2024-11-02,2026-06-04,27,2024-10-12,Activo,0
6515,2702,737414.07,2023-01-28,2024-08-11,31,2025-04-01,Activo,19
6516,1344,81774.94,2022-02-28,2026-07-04,21,2024-07-10,Activo,125
6517,1895,765189.36,2023-12-20,2024-02-18,2,2024-10-04,Refinanciado,129
6518,2913,393142.45,2020-11-04,2026-10-15,8,2025-03-31,Activo,0
6519,989,286903.23,2025-01-02,2025-01-14,5,2024-09-29,Cancelado,0
6520,1580,597173.64,2021-02-17,2025-07-02,0,2024-11-17,Activo,0
6521,353,567114.66,2021-10-28,2024-07-03,21,2025-05-02,Activo,0
6522,2562,880242.32,2024-11-25,2024-12-31,3,2024-12-10,Activo,0
6523,1507,692202.79,2023-09-21,2024-10-31,7,2024-08-22,Cancelado,166
6524,2852,450771.12,2023-03-11,2024-08-01,18,2025-05-03,Activo,163
6525,2030,667631.49,2022-04-04,2023-10-08,0,2025-01-01,Cancelado,0
6526,1847,762640.63,2021-08-26,2022-03-21,23,2025-03-02,Activo,72
6527,2391,940462.15,2024-07-15,2027-01-25,16,2024-08-22,Cancelado,0
6528,2384,719048.51,2021-11-07,2023-11-09,31,2024-11-14,Activo,0
6529,2072,566678.74,2021-05-24,2023-07-12,13,2024-10-29,Activo,16
6530,885,404331.08,2023-03-02,2025-04-10,16,2024-10-29,Activo,0
6531,1466,896909.45,2022-05-04,2022-08-07,31,2024-11-11,Activo,73
6532,2152,802893.65,2021-05-22,2025-08-29,32,2024-12-11,Activo,168
6533,574,123322.2,2024-08-17,2027-02-28,29,2025-03-09,Activo,0
6534,1689,714564.14,2024-06-09,2026-07-07,33,2024-08-31,Activo,134
6535,775,561812.1,2021-09-11,2024-08-22,27,2024-07-27,Activo,0
6536,2935,148461.73,2024-03-17,2027-04-17,23,2025-05-13,Activo,0
6537,243,586712.84,2023-11-06,2027-03-18,13,2024-12-29,Cancelado,0
6538,2390,232880.64,2024-02-17,2026-08-24,33,2025-02-23,Activo,81
6539,2681,722737.64,2023-02-17,2025-08-27,0,2025-03-27,Refinanciado,36
6540,865,314538.24,2020-10-15,2023-11-06,21,2024-11-25,Cancelado,116
6541,2221,192826.74,2024-12-09,2027-05-22,32,2025-02-02,Activo,0
6542,1440,127874.27,2023-12-29,2025-02-11,17,2024-10-11,Activo,0
6543,2151,516259.49,2022-05-11,2025-11-24,11,2025-01-20,Activo,0
6544,2208,239653.04,2024-06-26,2026-06-20,9,2025-03-16,En Mora,0
6545,714,862371.44,2021-03-27,2023-01-13,1,2025-02-28,Activo,0
6546,2605,52851.05,2023-07-12,2026-08-08,1,2025-02-02,En Mora,0
6547,576,851456.85,2021-11-06,2022-07-31,5,2024-12-09,Cancelado,0
6548,2244,545037.79,2021-12-29,2024-05-30,19,2024-10-23,Refinanciado,0
6549,989,926038.27,2021-03-11,2024-05-22,27,2024-12-17,Activo,0
6550,1415,244380.69,2020-10-15,2024-06-20,2,2025-03-26,Refinanciado,0
6551,2982,147160.11,2023-01-09,2027-05-19,24,2025-04-03,Activo,51
6552,70,643710.3,2021-03-16,2024-11-02,22,2025-01-09,Cancelado,74
6553,843,721391.05,2020-07-08,2025-01-18,12,2024-08-30,Activo,1
6554,2295,403955.81,2020-11-25,2026-10-10,23,2024-06-21,Activo,79
6555,2377,62996.16,2024-04-22,2025-11-10,2,2024-11-25,Activo,0
6556,2206,436614.34,2023-06-07,2026-04-10,27,2024-12-27,Activo,0
6557,918,272097.58,2024-07-15,2025-11-26,25,2024-10-25,Activo,0
6558,2746,380096.16,2024-05-03,2025-08-26,19,2024-07-04,Refinanciado,0
6559,743,531416.74,2020-10-15,2023-12-03,26,2024-07-03,Activo,8
6560,2633,717224.74,2023-06-01,2025-09-23,0,2025-05-18,Activo,79
6561,55,965064.02,2025-04-24,2025-07-15,9,2024-07-11,Activo,0
6562,2534,186799.85,2024-06-12,2026-08-12,9,2024-09-17,Activo,0
6563,1838,695904.46,2024-05-04,2024-12-11,0,2025-01-10,Activo,0
6564,1377,271550.88,2023-06-01,2025-01-03,31,2025-01-21,Refinanciado,0
6565,410,259669.47,2020-07-05,2026-04-20,31,2025-03-18,Activo,41
6566,2953,651876.38,2025-03-04,2027-05-02,26,2024-11-17,En Mora,77
6567,2775,787199.55,2023-07-07,2025-12-13,12,2024-12-10,Activo,0
6568,1039,978897.69,2021-06-11,2022-04-09,16,2024-09-30,Cancelado,125
6569,147,780389.27,2023-10-06,2026-10-30,27,2025-01-30,Activo,0
6570,1514,199449.22,2022-06-23,2022-09-09,24,2024-11-08,En Mora,0
6571,1680,264132.52,2024-02-04,2025-06-28,35,2024-11-08,En Mora,44
6572,1049,773320.21,2020-07-27,2024-12-21,1,2024-09-15,Activo,154
6573,1715,550638.51,2022-01-01,2026-08-29,31,2024-08-30,Activo,156
6574,2381,330637.61,2024-08-17,2026-05-18,31,2024-06-22,Activo,0
6575,1198,498194.08,2025-05-10,2027-01-27,5,2025-04-28,Cancelado,0
6576,1799,919143.62,2020-11-17,2023-04-14,30,2024-08-24,Activo,0
6577,2338,767819.4,2020-06-20,2023-03-29,8,2024-08-04,Activo,1
6578,2618,478162.86,2021-05-04,2025-12-02,15,2024-06-01,Activo,41
6579,2839,981526.23,2021-08-23,2023-10-02,24,2024-11-22,Cancelado,95
6580,2957,805130.9,2025-05-10,2026-08-21,27,2024-12-20,Activo,0
6581,27,55577.37,2023-08-18,2024-12-21,16,2024-08-14,En Mora,90
6582,1125,156748.89,2023-04-04,2024-11-18,30,2024-12-23,En Mora,134
6583,2974,576270.35,2020-07-08,2020-11-24,22,2024-09-10,En Mora,0
6584,2436,382456.47,2022-09-05,2023-10-15,30,2024-10-19,En Mora,0
6585,1091,821930.83,2022-12-16,2024-08-06,25,2024-07-05,Activo,0
6586,250,900902.66,2022-12-21,2026-09-05,3,2025-04-15,Cancelado,0
6587,142,278618.29,2024-03-04,2026-04-25,14,2025-05-24,Activo,45
6588,267,775121.53,2021-06-21,2025-08-16,22,2025-04-11,Activo,0
6589,215,558627.49,2020-12-04,2023-02-16,4,2025-03-21,Cancelado,0
6590,489,422368.69,2024-01-19,2025-07-20,24,2025-01-01,Activo,0
6591,496,797441.05,2023-02-13,2027-02-13,29,2025-02-13,En Mora,0
6592,480,586677.6,2023-01-25,2025-09-23,25,2024-08-02,Activo,0
6593,2691,653519.85,2024-01-05,2024-09-10,2,2024-10-18,Activo,0
6594,1,109141.35,2022-07-27,2025-10-17,3,2024-07-19,Activo,23
6595,1904,606585.69,2020-11-28,2025-10-09,17,2025-02-01,Activo,0
6596,841,335675.71,2021-10-29,2023-04-17,10,2024-07-06,Activo,150
6597,2428,518629.51,2020-10-08,2027-03-22,10,2024-08-22,Activo,0
6598,844,260910.5,2024-09-20,2024-12-31,35,2024-10-20,En Mora,0
6599,1886,633751.87,2021-12-13,2026-03-14,15,2024-11-13,En Mora,0
6600,2350,190095.4,2022-10-04,2026-05-18,24,2024-07-05,Activo,0
6601,650,166758.72,2025-01-06,2026-01-22,0,2024-11-07,Activo,0
6602,1441,228990.83,2021-06-09,2027-04-21,25,2025-05-31,En Mora,0
6603,1894,826591.31,2024-08-10,2025-07-26,29,2025-05-22,Activo,0
6604,2857,81857.24,2024-01-25,2024-02-14,5,2024-08-12,En Mora,0
6605,1302,743098.37,2023-04-18,2026-06-29,26,2025-01-25,En Mora,0
6606,2387,103682.21,2021-08-26,2023-04-07,18,2024-12-23,Activo,0
6607,1483,612264.38,2021-08-05,2026-11-01,18,2025-04-03,Activo,0
6608,1726,784880.55,2023-07-23,2023-09-18,31,2024-12-18,Cancelado,155
6609,1355,269519.28,2023-01-21,2025-08-30,0,2025-01-03,Activo,0
6610,1294,236149.6,2023-08-28,2023-11-29,24,2025-05-24,Activo,0
6611,2714,324719.22,2022-07-21,2022-12-20,12,2024-12-23,Cancelado,0
6612,1196,714632.61,2023-12-24,2026-12-06,9,2024-09-06,Activo,67
6613,404,292085.26,2024-11-26,2026-12-05,17,2024-12-17,Activo,0
6614,1492,526681.5,2023-11-19,2025-08-17,35,2025-04-04,Activo,0
6615,2295,177742.8,2021-01-15,2023-09-24,21,2025-02-07,Cancelado,10
6616,1547,488135.82,2020-07-14,2026-03-19,5,2025-03-02,En Mora,34
6617,2607,643492.05,2020-12-10,2027-01-26,26,2025-02-03,Activo,0
6618,2826,118227.98,2022-03-16,2026-05-09,7,2024-12-02,En Mora,0
6619,1853,824652.13,2021-10-05,2024-02-09,23,2025-03-05,Activo,65
6620,111,940564.12,2022-12-24,2024-08-27,19,2025-03-26,Activo,0
6621,813,233870.37,2020-10-05,2026-03-09,21,2024-12-10,Cancelado,0
6622,930,771461.11,2020-10-29,2023-05-14,8,2025-04-07,En Mora,84
6623,886,347793.33,2020-11-05,2025-06-09,18,2024-06-03,Cancelado,151
6624,909,692888.39,2024-04-03,2025-08-23,0,2024-09-15,Cancelado,0
6625,2839,341343.53,2025-03-09,2027-03-08,10,2025-05-31,Cancelado,0
6626,2340,869225.98,2023-06-20,2023-08-05,9,2025-04-05,Activo,0
6627,1983,379752.68,2024-07-05,2026-04-21,0,2024-06-16,Activo,0
6628,175,856389.16,2022-05-24,2027-03-16,26,2025-04-22,Activo,0
6629,2157,777835.44,2023-06-07,2024-04-02,16,2025-03-26,Activo,17
6630,1364,236507.72,2022-05-03,2025-05-11,16,2025-04-16,En Mora,0
6631,2896,199105.43,2021-11-17,2021-12-22,1,2024-09-18,En Mora,0
6632,1038,790673.09,2023-01-30,2024-04-05,22,2024-06-05,En Mora,0
6633,2741,420788.09,2021-05-01,2025-12-08,9,2025-04-26,Activo,0
6634,2091,951923.51,2023-09-17,2023-11-08,29,2024-10-26,Activo,0
6635,461,945800.85,2022-08-18,2024-07-03,34,2024-10-28,Cancelado,0
6636,2753,708806.6,2023-09-28,2024-01-02,24,2024-11-19,Cancelado,0
6637,149,525551.32,2020-10-21,2024-12-18,16,2024-12-17,En Mora,0
6638,338,235218.94,2024-10-08,2025-01-12,18,2025-04-07,Activo,66
6639,1003,888273.1,2022-03-03,2022-09-15,17,2024-11-22,En Mora,0
6640,2272,127898.06,2023-12-29,2025-12-05,17,2025-04-29,Activo,55
6641,1134,401833.71,2020-07-17,2022-08-15,34,2024-10-23,En Mora,0
6642,354,353258.53,2024-12-29,2026-10-20,9,2025-01-02,Activo,0
6643,1108,960507.39,2025-02-12,2026-11-23,22,2024-07-14,Cancelado,0
6644,2603,162210.13,2024-06-29,2027-04-28,21,2025-02-10,Activo,0
6645,2114,895642.5,2023-07-04,2026-07-06,8,2025-01-30,Cancelado,0
6646,1915,483612.9,2023-02-19,2024-06-26,31,2025-03-12,Activo,0
6647,2669,95123.96,2020-06-08,2021-06-22,25,2024-10-19,Activo,0
6648,1110,742423.03,2025-02-27,2025-03-06,28,2024-10-31,Activo,0
6649,84,145835.3,2024-08-07,2026-10-29,18,2024-12-31,Activo,83
6650,1978,275153.87,2023-03-09,2027-05-27,28,2024-07-11,Activo,0
6651,227,809742.39,2023-11-19,2026-11-06,34,2024-08-22,Cancelado,96
6652,2940,196995.41,2023-10-17,2024-05-21,11,2024-06-15,Activo,67
6653,1013,359196.54,2025-02-07,2027-04-05,7,2024-07-08,Activo,0
6654,20,392948.38,2021-02-07,2024-02-26,24,2025-05-01,Activo,0
6655,2803,609362.44,2021-05-19,2021-07-07,26,2024-08-11,Activo,0
6656,1467,800436.63,2024-03-22,2025-07-07,5,2025-03-18,En Mora,145
6657,2989,269270.7,2020-06-15,2027-02-04,12,2024-11-18,Activo,0
6658,270,245493.77,2020-10-30,2021-11-18,10,2024-06-08,Activo,0
6659,2454,260807.46,2024-10-27,2024-12-19,5,2024-07-09,Activo,0
6660,1532,412531.28,2023-07-11,2024-05-30,4,2024-09-01,Activo,5
6661,304,558348.0,2024-05-23,2024-07-07,6,2024-07-02,Activo,0
6662,1309,62772.71,2022-08-27,2025-09-19,18,2024-11-22,Cancelado,0
6663,810,791282.71,2024-03-31,2024-11-12,5,2024-12-07,Activo,22
6664,1053,930380.38,2022-07-14,2025-01-10,24,2025-02-15,Refinanciado,137
6665,2439,851343.58,2022-02-20,2026-05-26,8,2024-09-25,Activo,151
6666,1933,85325.29,2020-10-02,2027-03-28,19,2024-10-01,Activo,0
6667,2041,548279.46,2023-07-28,2024-10-28,24,2025-04-10,Activo,84
6668,909,823325.76,2021-06-26,2024-02-25,7,2024-12-02,Activo,167
6669,142,376908.75,2021-08-04,2021-09-24,1,2025-01-07,Refinanciado,0
6670,2694,902185.51,2024-07-04,2025-06-20,21,2025-03-16,En Mora,0
6671,1680,892535.69,2024-10-31,2025-04-13,35,2025-04-23,Activo,0
6672,809,184619.29,2023-05-24,2027-02-03,3,2025-04-23,Activo,0
6673,948,518949.23,2025-04-26,2025-07-14,0,2025-02-20,Cancelado,130
6674,2293,74384.11,2022-05-07,2024-03-26,32,2025-05-18,Activo,170
6675,766,317766.63,2021-05-26,2022-08-10,23,2024-11-02,Activo,123
6676,2924,821279.2,2021-12-15,2027-03-21,4,2025-05-28,Activo,0
6677,2960,976383.58,2022-09-28,2023-06-24,34,2024-06-27,Activo,62
6678,920,917657.09,2020-09-16,2021-05-25,25,2025-04-18,Activo,71
6679,939,90451.35,2022-05-29,2022-06-14,25,2024-12-12,En Mora,0
6680,2497,930394.0,2020-07-08,2022-08-31,4,2024-10-22,En Mora,9
6681,2314,831515.77,2024-01-20,2024-05-01,17,2024-09-25,Activo,123
6682,1263,874317.39,2024-04-08,2026-03-21,24,2024-07-24,Cancelado,176
6683,2298,919085.44,2021-07-14,2025-01-17,20,2024-09-06,Cancelado,0
6684,955,513770.92,2024-10-26,2024-12-13,23,2024-07-01,Activo,0
6685,1315,250657.38,2023-04-25,2024-11-15,27,2024-12-24,Activo,140
6686,543,69972.88,2023-07-03,2023-10-17,3,2024-08-20,Activo,0
6687,2680,72370.86,2022-04-01,2026-04-21,7,2024-07-13,Activo,0
6688,1103,660385.85,2023-03-16,2027-01-14,32,2024-10-15,Activo,0
6689,2955,370416.08,2024-08-20,2025-01-01,2,2024-10-22,Activo,0
6690,2569,521101.82,2025-06-01,2026-11-17,19,2025-04-20,En Mora,0
6691,2932,174768.42,2024-08-09,2027-01-19,34,2024-06-23,Activo,53
6692,2782,976737.7,2024-06-08,2024-08-13,6,2025-05-12,Activo,0
6693,144,173445.85,2022-04-12,2026-06-14,26,2024-10-14,Cancelado,0
6694,2992,472566.03,2024-08-12,2024-10-08,4,2025-05-02,Activo,178
6695,2613,471185.86,2024-08-16,2026-12-26,0,2025-01-08,Activo,111
6696,1200,58206.63,2024-08-06,2026-12-24,21,2024-09-28,Activo,97
6697,2118,684408.08,2023-03-29,2023-08-24,6,2024-06-24,Activo,0
6698,2681,561300.04,2024-04-17,2026-12-17,7,2024-07-21,Cancelado,48
6699,2937,522621.38,2023-09-02,2025-04-12,29,2024-10-19,Activo,0
6700,2849,827180.6,2022-12-13,2027-01-26,27,2024-11-16,Activo,0
6701,2228,279080.33,2022-06-01,2024-10-07,25,2025-01-26,Cancelado,115
6702,593,868041.97,2025-03-30,2026-08-18,33,2025-01-19,Cancelado,0
6703,567,871539.73,2025-03-22,2027-02-28,31,2024-12-31,Activo,0
6704,691,835519.2,2020-07-14,2026-12-11,21,2025-03-22,Activo,87
6705,1134,374327.89,2022-03-04,2024-05-30,19,2025-05-12,Activo,0
6706,665,204429.57,2024-12-20,2026-08-13,13,2024-06-02,Activo,0
6707,1983,501418.25,2021-02-26,2025-04-23,22,2025-02-18,Activo,0
6708,406,296849.01,2024-03-30,2024-09-04,2,2025-03-06,Activo,0
6709,986,99572.47,2023-09-11,2026-01-06,18,2024-08-29,Activo,0
6710,2685,315496.51,2023-07-22,2026-12-07,13,2024-12-08,Activo,0
6711,1417,495671.9,2024-03-26,2025-09-15,34,2025-04-29,En Mora,0
6712,517,157098.77,2021-08-12,2022-08-26,0,2025-04-02,Cancelado,0
6713,850,947117.05,2025-02-03,2027-03-02,18,2024-09-14,Activo,0
6714,1902,673296.12,2021-08-16,2023-09-19,14,2025-04-28,Activo,99
6715,908,179523.69,2023-05-19,2025-08-01,24,2024-09-03,Activo,0
6716,316,821460.99,2025-03-24,2026-04-06,0,2025-03-30,Refinanciado,0
6717,1286,931683.88,2023-11-19,2027-02-23,30,2024-10-20,Activo,0
6718,1508,299644.87,2021-01-13,2022-02-14,21,2024-12-25,Activo,0
6719,27,186090.12,2024-07-13,2025-10-22,19,2025-05-08,Refinanciado,73
6720,1519,356351.73,2021-07-28,2026-07-19,4,2024-06-30,Activo,43
6721,55,840636.36,2023-09-15,2024-11-05,14,2024-08-12,Cancelado,0
6722,1935,216339.2,2022-04-20,2026-02-01,1,2024-09-02,Activo,0
6723,1856,790379.26,2022-04-29,2025-11-26,11,2024-10-20,Activo,0
6724,249,730450.1,2022-02-25,2026-06-23,6,2024-09-04,Activo,0
6725,2321,668798.37,2024-02-06,2026-06-18,1,2024-10-04,Cancelado,0
6726,1802,461651.62,2024-11-02,2024-12-09,7,2024-06-11,Activo,0
6727,2239,398431.77,2024-12-02,2026-05-20,8,2024-07-19,Activo,0
6728,2623,130995.08,2022-07-29,2027-04-19,26,2024-10-14,Refinanciado,0
6729,857,389488.0,2022-12-05,2026-09-17,27,2025-05-20,En Mora,66
6730,1470,621749.72,2023-02-19,2026-01-28,14,2024-07-07,Activo,0
6731,1877,903298.76,2020-12-26,2022-11-06,18,2024-09-15,Activo,0
6732,1526,841468.31,2024-11-18,2025-10-24,29,2024-07-02,Activo,0
6733,2664,80604.94,2021-08-08,2022-02-27,12,2025-05-27,Cancelado,0
6734,1417,181919.75,2022-02-25,2025-03-05,5,2024-06-11,Cancelado,0
6735,1795,856063.58,2023-04-30,2025-05-13,29,2025-04-01,Activo,0
6736,2721,942352.45,2024-04-19,2024-05-12,0,2025-04-14,Activo,101
6737,2731,103018.4,2021-05-10,2026-01-24,24,2025-04-07,Cancelado,133
6738,109,716189.46,2024-01-15,2024-10-11,34,2024-06-14,Activo,0
6739,2700,397446.46,2022-07-19,2025-04-16,25,2024-09-17,En Mora,0
6740,981,396075.74,2023-01-09,2023-12-18,12,2025-05-04,Activo,0
6741,2274,660535.73,2022-02-28,2026-11-06,18,2024-08-24,Cancelado,0
6742,353,819705.28,2022-10-13,2026-04-09,9,2024-12-17,Activo,0
6743,1428,311095.67,2022-06-14,2025-06-03,6,2025-03-09,Cancelado,0
6744,1731,720086.63,2025-05-07,2026-08-04,14,2025-01-29,Activo,117
6745,2193,654082.49,2020-08-29,2023-11-04,22,2024-10-05,Activo,0
6746,1778,541454.63,2023-05-27,2023-12-20,35,2025-01-01,Activo,0
6747,2963,622304.46,2023-11-22,2027-04-25,30,2024-10-21,Activo,0
6748,1117,67150.71,2021-12-04,2022-07-23,7,2025-02-04,En Mora,87
6749,2321,53862.63,2020-07-22,2023-10-24,29,2024-10-12,Activo,0
6750,534,572916.64,2023-03-18,2026-07-25,33,2024-11-04,En Mora,0
6751,1218,547903.04,2021-06-15,2022-11-23,32,2024-08-14,En Mora,0
6752,2508,117768.45,2022-09-06,2023-08-22,0,2024-06-13,Cancelado,156
6753,2989,517425.01,2024-08-11,2026-07-22,15,2024-07-14,Cancelado,69
6754,2229,769652.34,2020-06-13,2027-05-14,10,2024-09-01,Activo,0
6755,1256,564142.32,2024-04-05,2024-11-25,26,2025-04-02,Activo,0
6756,1980,541733.58,2024-03-21,2026-05-14,21,2025-01-08,En Mora,0
6757,2077,732013.03,2025-01-17,2025-06-25,18,2024-07-26,En Mora,108
6758,532,213252.0,2023-04-28,2024-07-12,5,2024-07-28,Activo,11
6759,1945,484606.51,2022-12-07,2025-12-08,19,2024-09-27,Activo,0
6760,140,190645.48,2022-04-12,2025-08-21,2,2025-01-31,Activo,21
6761,2146,547648.28,2023-09-30,2026-08-25,0,2024-10-26,Activo,158
6762,262,612344.36,2021-06-21,2024-05-30,22,2024-08-21,Activo,0
6763,19,165589.64,2021-01-16,2024-11-09,2,2024-08-03,Activo,0
6764,2060,121739.44,2024-02-12,2025-12-16,33,2024-06-17,Activo,0
6765,2585,208396.93,2024-02-25,2026-09-19,16,2025-03-06,Activo,0
6766,1549,607020.74,2021-11-17,2025-03-05,26,2025-04-28,Activo,0
6767,1489,230138.2,2022-11-29,2024-03-05,22,2025-04-07,Activo,0
6768,2307,311481.14,2021-09-07,2024-12-07,10,2024-10-03,Activo,0
6769,2072,717418.65,2022-09-26,2023-03-04,14,2024-06-08,Activo,0
6770,1032,285927.59,2022-05-03,2022-09-17,25,2024-12-17,En Mora,142
6771,228,427650.64,2024-08-17,2025-06-17,10,2024-09-15,Activo,0
6772,376,932403.09,2020-10-23,2022-03-22,6,2024-07-14,Activo,155
6773,1147,833746.78,2023-07-10,2026-11-17,7,2024-10-08,Cancelado,161
6774,1114,292698.64,2022-05-05,2026-10-13,4,2025-02-22,En Mora,0
6775,2272,617697.01,2022-12-02,2024-04-15,16,2025-03-05,Activo,0
6776,736,682514.2,2022-12-23,2027-06-01,22,2025-01-10,Activo,0
6777,257,905229.43,2022-01-26,2023-04-15,1,2025-04-01,Activo,0
6778,2563,570093.95,2021-06-26,2023-06-22,26,2024-10-23,Activo,0
6779,833,583222.53,2022-04-05,2025-03-01,20,2024-11-28,Cancelado,0
6780,1807,894024.85,2022-10-17,2026-05-07,6,2024-08-11,Activo,26
6781,701,101662.67,2025-03-23,2026-05-04,25,2024-11-08,En Mora,0
6782,911,646734.26,2024-11-13,2027-03-22,29,2024-10-28,Activo,49
6783,699,445816.75,2024-08-26,2025-04-02,11,2024-09-15,Activo,0
6784,438,914275.22,2021-06-09,2025-02-24,10,2025-05-22,Cancelado,0
6785,1724,962513.26,2020-11-05,2024-09-10,16,2024-11-26,Cancelado,0
6786,2085,211734.9,2023-06-20,2026-02-09,9,2025-02-14,Cancelado,0
6787,1685,317395.05,2021-02-02,2024-11-19,15,2025-05-16,Activo,0
6788,2154,309785.01,2023-02-04,2027-01-15,14,2024-12-02,Activo,0
6789,615,145596.25,2025-04-22,2026-10-22,14,2024-11-08,Activo,0
6790,1943,508796.71,2022-12-23,2026-09-22,19,2024-10-10,Refinanciado,0
6791,1913,537427.34,2020-10-12,2025-06-24,3,2025-03-30,Activo,0
6792,2280,594329.35,2021-10-31,2026-01-27,31,2024-10-02,Cancelado,73
6793,2915,679810.45,2025-01-13,2025-02-17,21,2025-01-10,En Mora,0
6794,1041,109771.58,2024-06-27,2025-08-09,34,2025-03-01,Activo,58
6795,1183,641359.37,2023-01-28,2024-01-25,13,2024-12-16,Activo,0
6796,960,918118.82,2022-12-21,2024-04-06,29,2024-06-01,Cancelado,0
6797,1840,482241.43,2023-01-31,2025-01-26,30,2024-10-13,Cancelado,0
6798,1306,151376.82,2022-09-25,2025-02-07,9,2024-08-02,Activo,0
6799,278,131646.83,2024-08-14,2027-05-03,5,2025-05-09,Activo,148
6800,125,317664.65,2021-07-26,2025-09-06,26,2025-05-22,Activo,0
6801,1344,764898.39,2024-10-26,2025-06-26,10,2024-09-30,Activo,0
6802,675,297949.67,2021-07-23,2023-05-19,35,2024-12-20,En Mora,0
6803,715,823614.37,2022-11-24,2026-07-11,9,2025-01-19,Refinanciado,0
6804,2011,828676.19,2024-03-28,2025-04-04,15,2024-12-04,Activo,0
6805,1506,484256.25,2023-05-31,2024-01-18,23,2024-10-29,En Mora,0
6806,2715,335749.4,2023-08-25,2025-07-17,20,2024-12-27,Activo,0
6807,1348,617783.8,2022-03-09,2024-12-22,35,2025-01-15,Activo,0
6808,913,820003.64,2021-11-20,2025-12-18,22,2024-10-02,Activo,0
6809,1990,111342.26,2023-12-25,2025-05-19,20,2025-04-28,Cancelado,0
6810,2443,955752.37,2022-04-21,2024-01-18,31,2025-02-16,Activo,0
6811,773,663605.26,2023-11-27,2026-06-25,16,2025-03-10,Activo,162
6812,2234,428240.37,2024-02-23,2024-12-06,16,2025-04-29,Refinanciado,0
6813,2514,530718.27,2022-02-28,2026-07-12,20,2025-04-12,Cancelado,0
6814,1081,416312.87,2023-12-16,2024-06-07,3,2024-09-08,Activo,92
6815,1753,441980.48,2021-05-22,2021-05-24,22,2024-07-20,Activo,125
6816,2506,615835.78,2021-09-22,2023-03-21,24,2025-01-04,Cancelado,0
6817,1001,107228.47,2021-11-22,2023-06-09,31,2024-08-19,Cancelado,0
6818,1738,216608.27,2024-11-02,2024-11-16,5,2024-08-13,Cancelado,46
6819,74,265687.59,2022-11-27,2025-11-18,13,2024-07-28,Activo,0
6820,1109,437138.56,2021-07-08,2024-09-22,15,2024-08-16,Activo,0
6821,2680,402504.65,2021-04-11,2024-11-27,31,2025-01-19,Activo,0
6822,1038,736094.33,2024-06-22,2024-09-25,15,2025-02-08,Activo,0
6823,2888,296220.4,2020-09-25,2021-05-02,18,2024-12-09,Cancelado,54
6824,1665,104218.53,2022-11-22,2025-02-06,20,2024-11-19,En Mora,0
6825,912,102670.13,2024-07-01,2027-03-20,14,2025-03-15,Activo,55
6826,794,60747.43,2023-06-30,2024-04-12,25,2024-09-09,Activo,0
6827,2097,86124.71,2023-05-14,2026-05-13,29,2024-11-15,En Mora,0
6828,359,865727.64,2022-03-25,2025-11-08,14,2024-10-01,Activo,0
6829,2290,712380.77,2024-07-29,2027-05-20,12,2025-03-23,En Mora,170
6830,1858,996134.61,2022-08-13,2023-10-03,26,2024-08-19,Activo,66
6831,1077,69297.09,2022-03-04,2025-02-21,22,2024-09-19,Activo,10
6832,1801,856551.47,2021-01-21,2026-09-11,33,2024-12-24,Cancelado,0
6833,1576,711253.51,2023-06-04,2024-07-05,33,2025-05-09,Activo,0
6834,1720,658325.31,2022-10-01,2024-07-06,22,2025-03-26,Activo,97
6835,1669,388705.52,2021-06-09,2025-11-26,19,2025-02-16,Activo,66
6836,2104,407891.04,2024-06-30,2024-09-24,8,2024-11-08,Cancelado,33
6837,879,853283.13,2025-03-20,2027-02-16,19,2024-10-14,Activo,0
6838,2303,727809.68,2020-12-22,2021-12-17,13,2025-02-14,Activo,40
6839,5,686800.75,2022-09-18,2023-07-19,25,2025-01-08,Activo,0
6840,1605,79116.86,2022-06-07,2024-07-05,26,2025-03-01,Activo,0
6841,1076,225103.65,2022-02-04,2026-04-25,33,2024-06-12,En Mora,158
6842,329,964493.24,2024-10-25,2026-03-28,28,2024-09-05,En Mora,0
6843,2146,481652.69,2023-09-28,2025-07-31,31,2025-04-26,Cancelado,99
6844,1003,792323.57,2025-06-01,2025-12-16,4,2024-10-09,Activo,0
6845,783,419858.96,2022-12-19,2023-10-17,3,2025-04-22,En Mora,0
6846,577,776106.73,2022-03-12,2026-09-15,22,2025-03-01,Cancelado,0
6847,327,163251.94,2020-10-19,2026-05-15,20,2024-10-28,Activo,0
6848,2291,90021.62,2024-03-19,2024-08-15,32,2025-03-06,Activo,71
6849,1528,492867.74,2021-08-02,2024-02-23,23,2025-03-20,Activo,0
6850,2415,612063.89,2023-10-16,2026-08-25,15,2025-01-09,Activo,33
6851,2822,357516.8,2020-06-06,2025-05-14,31,2024-12-29,Activo,0
6852,2772,730204.4,2024-04-27,2024-11-01,18,2024-07-17,Activo,141
6853,1466,521028.67,2021-01-23,2026-10-07,25,2024-07-12,Activo,0
6854,2282,931901.01,2020-07-03,2023-04-03,2,2024-10-15,En Mora,0
6855,652,130740.99,2025-02-06,2025-12-25,34,2024-11-23,En Mora,126
6856,2381,113239.95,2023-12-02,2024-10-11,17,2025-01-09,Activo,134
6857,495,909865.76,2023-03-11,2023-11-23,6,2024-12-04,Activo,0
6858,1139,685651.78,2022-08-09,2023-10-16,31,2025-01-21,En Mora,163
6859,2417,687562.37,2025-01-10,2025-11-25,23,2024-12-26,Activo,0
6860,1357,76177.46,2022-05-06,2022-11-27,15,2025-03-31,Activo,128
6861,1154,940791.46,2023-10-18,2024-12-04,23,2025-02-24,Activo,0
6862,2143,783233.8,2023-06-18,2025-04-10,3,2024-06-23,Cancelado,0
6863,2955,776099.08,2022-08-21,2023-08-10,31,2024-07-26,Activo,57
6864,1125,916333.16,2025-04-03,2026-12-14,33,2025-04-18,En Mora,111
6865,1220,599245.51,2023-07-05,2025-04-14,18,2024-11-03,Activo,0
6866,802,424933.07,2024-09-01,2026-01-11,13,2024-07-08,Cancelado,0
6867,2043,506645.21,2025-01-17,2026-08-24,12,2025-02-07,Activo,79
6868,208,788378.67,2022-08-03,2023-09-09,21,2025-01-03,Refinanciado,0
6869,2655,780293.48,2023-07-07,2026-03-07,30,2024-07-17,Activo,53
6870,473,629107.29,2024-11-06,2027-04-16,29,2025-01-08,Activo,0
6871,1639,257176.34,2020-10-07,2021-02-18,22,2025-04-15,Activo,13
6872,1032,827939.89,2020-11-03,2022-04-03,11,2025-03-10,Cancelado,131
6873,136,664879.49,2022-10-29,2023-06-10,13,2024-07-23,Cancelado,0
6874,2658,260198.92,2023-02-18,2023-05-05,35,2025-01-13,Activo,43
6875,2959,506612.23,2021-05-20,2025-08-19,7,2024-10-17,Activo,8
6876,261,997346.01,2025-02-03,2025-12-27,23,2024-09-14,Activo,0
6877,1171,361960.85,2025-04-27,2027-05-22,2,2024-08-10,Activo,0
6878,458,160732.58,2023-12-28,2025-11-24,13,2025-03-19,Activo,109
6879,1929,70584.05,2022-03-28,2025-11-01,10,2025-02-15,Activo,0
6880,1721,225400.74,2023-09-21,2024-01-02,27,2024-06-30,Cancelado,0
6881,1437,227617.99,2022-02-03,2022-03-10,22,2024-06-24,Activo,164
6882,2280,865165.02,2021-12-13,2026-02-07,17,2024-11-19,Activo,0
6883,2149,198347.01,2022-09-03,2025-05-23,19,2024-11-23,Activo,103
6884,147,869518.39,2022-09-11,2023-07-13,32,2024-08-21,Cancelado,0
6885,717,132380.68,2021-07-07,2023-10-06,1,2025-02-18,Activo,0
6886,507,911312.08,2022-09-09,2023-02-24,25,2024-08-27,Activo,0
6887,2606,293535.83,2023-03-22,2024-04-03,1,2024-08-18,En Mora,0
6888,2152,630923.16,2021-03-16,2023-08-04,2,2025-01-21,Cancelado,0
6889,2384,201740.83,2024-04-10,2025-06-26,19,2024-08-02,En Mora,160
6890,446,420552.85,2023-07-19,2024-02-02,9,2024-10-26,En Mora,116
6891,2782,131479.41,2024-06-23,2024-08-22,20,2024-06-22,Activo,171
6892,444,600551.79,2023-09-02,2023-12-09,8,2025-03-20,Activo,0
6893,118,378583.61,2020-11-22,2025-09-22,1,2024-12-29,En Mora,0
6894,1541,859542.58,2024-12-03,2025-07-12,27,2024-10-19,Cancelado,0
6895,929,222725.65,2025-03-22,2026-03-10,2,2024-06-18,Activo,0
6896,2771,315988.66,2024-08-13,2025-05-23,15,2025-02-14,Activo,0
6897,567,218391.94,2020-12-14,2024-05-17,3,2024-11-26,Activo,77
6898,1937,585631.64,2025-03-21,2025-11-11,22,2024-11-28,Cancelado,18
6899,88,156159.82,2022-01-12,2022-12-04,29,2025-01-24,Activo,0
6900,1653,229889.15,2021-11-24,2026-01-10,12,2025-02-24,En Mora,0
6901,476,694565.45,2020-06-04,2025-01-28,5,2024-11-24,Activo,0
6902,1706,120693.8,2022-03-12,2025-06-29,9,2025-01-14,Activo,158
6903,1509,756005.49,2021-12-25,2023-02-20,16,2024-07-24,Cancelado,61
6904,295,149116.81,2020-08-19,2025-12-30,7,2025-04-11,Cancelado,0
6905,720,606214.32,2021-08-18,2024-03-13,8,2025-02-13,Activo,149
6906,1405,997918.98,2020-08-21,2023-05-28,33,2024-11-09,Activo,0
6907,995,215198.26,2022-09-14,2024-10-03,16,2024-09-26,Activo,95
6908,1307,298032.0,2022-04-05,2026-06-25,21,2024-09-11,Activo,0
6909,2892,903505.32,2021-03-23,2025-08-03,2,2025-02-19,En Mora,140
6910,686,644972.21,2022-01-12,2023-06-13,28,2025-02-19,En Mora,0
6911,2687,517904.73,2024-10-09,2026-12-30,26,2024-07-12,Activo,25
6912,1204,584569.84,2020-07-02,2023-08-28,2,2024-06-09,Activo,0
6913,961,330720.58,2024-07-16,2024-07-18,18,2025-05-23,En Mora,0
6914,935,862555.69,2020-08-31,2023-06-29,33,2024-07-02,Cancelado,0
6915,2938,758005.57,2023-02-10,2025-05-28,13,2024-12-21,Activo,0
6916,2962,660343.11,2022-12-07,2023-06-08,20,2024-07-25,Activo,0
6917,406,935155.47,2020-12-17,2024-07-31,1,2024-11-27,En Mora,96
6918,1291,599205.32,2020-10-28,2022-01-04,9,2024-12-16,Activo,0
6919,1618,536283.25,2021-07-20,2022-04-23,16,2024-11-18,Cancelado,58
6920,1088,976908.73,2022-08-30,2023-04-13,1,2024-06-07,Cancelado,68
6921,119,245713.41,2022-05-19,2027-05-19,26,2025-01-18,En Mora,0
6922,2389,184869.76,2024-12-24,2025-02-23,0,2025-05-20,Activo,0
6923,313,204168.73,2025-04-04,2026-10-28,35,2024-10-17,Refinanciado,0
6924,163,989969.91,2022-03-16,2022-07-24,32,2024-10-10,En Mora,0
6925,1529,669638.5,2022-12-15,2025-12-13,21,2024-11-04,En Mora,0
6926,293,340626.74,2025-02-07,2025-04-30,34,2024-11-08,Cancelado,22
6927,690,286528.91,2020-10-04,2025-03-05,33,2024-12-23,Activo,0
6928,1401,103806.66,2020-11-27,2021-06-22,17,2024-10-03,Activo,0
6929,1566,175349.96,2022-04-22,2025-12-23,35,2025-03-02,Activo,100
6930,673,912763.95,2023-06-23,2027-04-19,2,2025-01-15,Activo,0
6931,399,759974.01,2020-10-05,2022-11-27,15,2024-12-22,Activo,0
6932,2957,944481.75,2021-07-07,2025-10-24,10,2024-09-24,Cancelado,72
6933,2535,452544.39,2023-10-14,2024-03-17,9,2024-10-31,Activo,107
6934,1048,621175.38,2023-10-20,2025-01-24,20,2024-06-03,En Mora,19
6935,1943,509487.7,2024-01-26,2027-02-04,24,2025-01-24,Activo,0
6936,2797,887316.13,2024-04-30,2025-03-19,34,2024-10-17,Cancelado,0
6937,240,991812.79,2023-04-04,2025-05-12,5,2024-10-22,Activo,8
6938,2359,936136.45,2023-01-14,2023-02-14,7,2024-12-14,En Mora,0
6939,2369,618153.06,2022-03-06,2024-10-19,33,2024-08-25,En Mora,0
6940,672,108711.88,2020-10-28,2021-02-19,0,2025-01-13,Activo,36
6941,2620,636650.28,2023-10-02,2024-02-22,2,2024-06-05,Cancelado,0
6942,2462,142195.05,2024-07-30,2027-05-22,26,2024-06-28,Activo,21
6943,402,181880.4,2023-05-08,2023-06-29,12,2024-06-07,Activo,0
6944,2107,231777.46,2020-09-04,2023-08-19,18,2025-03-24,En Mora,0
6945,53,395318.75,2024-07-10,2024-07-26,18,2024-06-04,Activo,0
6946,1088,612197.16,2021-04-01,2021-05-06,5,2024-07-21,Activo,44
6947,2681,366875.99,2022-07-13,2026-08-16,13,2024-09-18,Activo,0
6948,1143,479653.75,2023-05-30,2025-10-06,4,2025-01-12,Activo,157
6949,286,94924.58,2023-12-12,2025-04-07,35,2025-02-09,En Mora,0
6950,2066,638769.91,2024-03-31,2026-08-08,8,2024-06-06,Activo,0
6951,1029,674180.18,2024-08-20,2025-05-17,22,2025-02-28,Activo,47
6952,1929,144420.64,2022-03-23,2022-11-05,31,2025-04-22,Activo,137
6953,160,795861.3,2024-03-24,2026-07-29,28,2025-05-20,Activo,0
6954,142,665086.58,2023-11-23,2026-03-11,27,2024-09-04,Activo,0
6955,397,515242.96,2025-05-05,2026-06-02,10,2024-08-30,Cancelado,0
6956,1042,575216.88,2024-01-10,2025-09-07,18,2025-01-18,Activo,0
6957,2628,527893.45,2021-03-28,2023-08-01,0,2024-07-18,Activo,0
6958,534,101103.3,2022-02-20,2025-11-09,8,2024-09-17,Activo,0
6959,1556,748391.99,2021-03-31,2026-12-26,1,2024-07-20,Activo,0
6960,2959,536220.11,2020-07-12,2025-09-11,3,2024-07-14,En Mora,0
6961,1799,214182.66,2021-03-13,2022-05-07,28,2025-02-21,Cancelado,0
6962,2509,696694.31,2024-08-30,2025-04-30,3,2024-12-23,Refinanciado,0
6963,1634,710312.33,2024-03-24,2024-11-24,0,2024-08-11,En Mora,0
6964,286,252820.7,2022-05-07,2027-01-10,27,2025-04-12,Activo,0
6965,1029,806670.32,2020-11-16,2023-01-05,17,2024-10-28,Activo,0
6966,2177,483679.49,2022-03-07,2024-09-25,12,2025-02-26,Activo,27
6967,956,221579.13,2021-09-21,2025-08-06,5,2025-01-04,Activo,145
6968,671,674739.0,2023-01-13,2025-01-06,21,2024-06-06,Activo,0
6969,499,616890.62,2022-03-14,2025-05-04,29,2025-01-17,Activo,27
6970,2324,211886.01,2020-09-03,2023-03-05,26,2024-07-02,Refinanciado,0
6971,1107,878731.45,2022-08-26,2025-10-17,7,2024-10-05,Cancelado,59
6972,1856,861807.62,2022-06-27,2022-10-19,27,2024-09-02,Activo,145
6973,1142,844432.36,2020-09-21,2020-12-14,1,2024-12-28,Activo,0
6974,2077,429266.47,2023-02-09,2025-04-19,19,2025-05-23,Activo,0
6975,2698,833391.64,2021-08-06,2023-10-20,10,2024-09-19,Activo,42
6976,1181,852555.54,2022-12-22,2023-09-04,13,2025-04-22,Activo,0
6977,2079,996713.26,2025-04-28,2027-04-27,23,2024-12-11,Activo,140
6978,2891,959724.39,2021-05-22,2027-01-06,12,2025-04-19,Activo,0
6979,2007,413704.97,2020-09-06,2023-09-24,7,2025-03-28,Activo,162
6980,1310,238294.04,2023-09-22,2025-03-09,20,2024-06-22,Activo,0
6981,1689,327839.27,2021-05-09,2027-02-11,21,2024-12-21,Activo,158
6982,336,520042.17,2023-09-07,2024-07-12,8,2024-07-22,Activo,51
6983,570,815184.75,2023-10-01,2025-04-16,10,2024-07-23,Activo,100
6984,2361,736834.85,2020-10-22,2026-11-30,15,2025-01-14,Cancelado,0
6985,599,798327.12,2024-07-12,2026-06-21,8,2024-07-26,Activo,0
6986,1147,410930.05,2021-08-14,2023-10-13,2,2024-08-28,En Mora,0
6987,865,284559.41,2024-06-21,2025-08-14,35,2025-03-27,En Mora,0
6988,2419,72923.19,2024-04-03,2027-01-26,12,2025-02-06,Activo,171
6989,805,644874.44,2024-07-16,2027-01-18,0,2024-12-27,Activo,0
6990,314,805285.85,2021-01-07,2022-11-05,10,2024-11-16,Cancelado,0
6991,28,894683.47,2021-03-04,2025-04-27,23,2024-08-25,Cancelado,0
6992,1254,502425.99,2025-04-09,2027-01-05,4,2024-07-20,Activo,0
6993,1030,931263.49,2022-07-13,2026-02-13,1,2025-05-15,Refinanciado,0
6994,2521,242291.46,2021-02-14,2026-02-21,16,2024-06-30,Cancelado,0
6995,1997,538659.22,2023-05-14,2023-07-17,16,2024-09-06,Cancelado,0
6996,1342,253079.36,2021-08-31,2026-05-16,19,2024-08-22,Activo,0
6997,1249,228671.74,2025-04-06,2025-05-13,14,2025-05-25,Cancelado,0
6998,2137,955718.73,2021-01-14,2026-09-17,3,2024-06-04,En Mora,0
6999,2088,826853.65,2023-09-12,2024-04-01,10,2024-09-07,Activo,83
7000,681,61209.9,2020-12-02,2024-09-08,22,2024-06-10,Cancelado,0
